meas_id,lot_id,wafer_id,die_id,via_id,via_type,layer,resistance_ohm,continuity_pass,mean_humidity_pct,anneal_temp_c,meas_timestamp
0,LOT001,LOT001-W01,1,1,tungsten,M3,1.7686,True,38.07,414.57,2024-03-01T07:00:00
1,LOT001,LOT001-W01,1,2,tungsten,M2,1.5064,True,38.07,414.57,2024-03-01T07:00:30
2,LOT001,LOT001-W01,1,3,copper,M3,1.3914,True,38.07,414.57,2024-03-01T07:01:00
3,LOT001,LOT001-W01,1,4,tungsten,M1,0.9774,True,38.07,414.57,2024-03-01T07:01:30
4,LOT001,LOT001-W01,1,5,tungsten,M4,2.1817,True,38.07,414.57,2024-03-01T07:02:00
5,LOT001,LOT001-W01,1,6,copper,M4,1.6607,True,38.07,414.57,2024-03-01T07:02:30
6,LOT001,LOT001-W01,1,7,copper,M3,1.4173,False,38.07,414.57,2024-03-01T07:03:00
7,LOT001,LOT001-W01,1,8,tungsten,M1,0.9972,True,38.07,414.57,2024-03-01T07:03:30
8,LOT001,LOT001-W01,1,9,tungsten,M4,2.0865,True,38.07,414.57,2024-03-01T07:04:00
9,LOT001,LOT001-W01,1,10,copper,M4,1.79,True,38.07,414.57,2024-03-01T07:04:30
10,LOT001,LOT001-W01,2,1,tungsten,M4,1.8922,True,38.07,414.57,2024-03-01T07:05:00
11,LOT001,LOT001-W01,2,2,copper,M4,1.5828,True,38.07,414.57,2024-03-01T07:05:30
12,LOT001,LOT001-W01,2,3,copper,M4,1.7782,True,38.07,414.57,2024-03-01T07:06:00
13,LOT001,LOT001-W01,2,4,copper,M1,0.8006,True,38.07,414.57,2024-03-01T07:06:30
14,LOT001,LOT001-W01,2,5,tungsten,M1,1.0692,False,38.07,414.57,2024-03-01T07:07:00
15,LOT001,LOT001-W01,2,6,copper,M3,1.3447,True,38.07,414.57,2024-03-01T07:07:30
16,LOT001,LOT001-W01,2,7,tungsten,M2,1.3771,False,38.07,414.57,2024-03-01T07:08:00
17,LOT001,LOT001-W01,2,8,copper,M3,1.2137,True,38.07,414.57,2024-03-01T07:08:30
18,LOT001,LOT001-W01,2,9,tungsten,M2,1.4861,True,38.07,414.57,2024-03-01T07:09:00
19,LOT001,LOT001-W01,2,10,copper,M3,1.5321,True,38.07,414.57,2024-03-01T07:09:30
20,LOT001,LOT001-W01,3,1,tungsten,M3,1.7622,False,38.07,414.57,2024-03-01T07:10:00
21,LOT001,LOT001-W01,3,2,tungsten,M1,1.0824,True,38.07,414.57,2024-03-01T07:10:30
22,LOT001,LOT001-W01,3,3,tungsten,M1,0.9995,True,38.07,414.57,2024-03-01T07:11:00
23,LOT001,LOT001-W01,3,4,tungsten,M3,1.8069,True,38.07,414.57,2024-03-01T07:11:30
24,LOT001,LOT001-W01,3,5,copper,M3,1.359,True,38.07,414.57,2024-03-01T07:12:00
25,LOT001,LOT001-W01,3,6,copper,M1,0.7423,True,38.07,414.57,2024-03-01T07:12:30
26,LOT001,LOT001-W01,3,7,copper,M2,1.1637,True,38.07,414.57,2024-03-01T07:13:00
27,LOT001,LOT001-W01,3,8,copper,M2,1.0333,True,38.07,414.57,2024-03-01T07:13:30
28,LOT001,LOT001-W01,3,9,tungsten,M2,1.366,True,38.07,414.57,2024-03-01T07:14:00
29,LOT001,LOT001-W01,3,10,copper,M2,1.0062,True,38.07,414.57,2024-03-01T07:14:30
30,LOT001,LOT001-W01,4,1,tungsten,M3,1.7659,True,38.07,414.57,2024-03-01T07:15:00
31,LOT001,LOT001-W01,4,2,tungsten,M1,0.9937,True,38.07,414.57,2024-03-01T07:15:30
32,LOT001,LOT001-W01,4,3,copper,M2,1.1547,True,38.07,414.57,2024-03-01T07:16:00
33,LOT001,LOT001-W01,4,4,tungsten,M4,1.9549,True,38.07,414.57,2024-03-01T07:16:30
34,LOT001,LOT001-W01,4,5,copper,M3,1.3405,True,38.07,414.57,2024-03-01T07:17:00
35,LOT001,LOT001-W01,4,6,copper,M3,1.3157,True,38.07,414.57,2024-03-01T07:17:30
36,LOT001,LOT001-W01,4,7,tungsten,M1,0.9467,True,38.07,414.57,2024-03-01T07:18:00
37,LOT001,LOT001-W01,4,8,copper,M4,1.7396,True,38.07,414.57,2024-03-01T07:18:30
38,LOT001,LOT001-W01,4,9,copper,M4,1.6128,True,38.07,414.57,2024-03-01T07:19:00
39,LOT001,LOT001-W01,4,10,tungsten,M4,2.3444,True,38.07,414.57,2024-03-01T07:19:30
40,LOT001,LOT001-W01,5,1,copper,M1,0.8274,True,38.07,414.57,2024-03-01T07:20:00
41,LOT001,LOT001-W01,5,2,tungsten,M3,1.7242,True,38.07,414.57,2024-03-01T07:20:30
42,LOT001,LOT001-W01,5,3,tungsten,M3,1.7701,True,38.07,414.57,2024-03-01T07:21:00
43,LOT001,LOT001-W01,5,4,copper,M2,1.0218,False,38.07,414.57,2024-03-01T07:21:30
44,LOT001,LOT001-W01,5,5,tungsten,M2,1.3979,True,38.07,414.57,2024-03-01T07:22:00
45,LOT001,LOT001-W01,5,6,tungsten,M1,0.9885,True,38.07,414.57,2024-03-01T07:22:30
46,LOT001,LOT001-W01,5,7,tungsten,M3,1.6739,True,38.07,414.57,2024-03-01T07:23:00
47,LOT001,LOT001-W01,5,8,copper,M1,0.8076,True,38.07,414.57,2024-03-01T07:23:30
48,LOT001,LOT001-W01,5,9,tungsten,M3,1.7347,True,38.07,414.57,2024-03-01T07:24:00
49,LOT001,LOT001-W01,5,10,tungsten,M4,2.0904,True,38.07,414.57,2024-03-01T07:24:30
50,LOT001,LOT001-W01,6,1,tungsten,M1,0.972,True,38.07,414.57,2024-03-01T07:25:00
51,LOT001,LOT001-W01,6,2,tungsten,M1,1.06,True,38.07,414.57,2024-03-01T07:25:30
52,LOT001,LOT001-W01,6,3,copper,M2,1.176,True,38.07,414.57,2024-03-01T07:26:00
53,LOT001,LOT001-W01,6,4,tungsten,M2,1.5296,True,38.07,414.57,2024-03-01T07:26:30
54,LOT001,LOT001-W01,6,5,tungsten,M2,1.3856,True,38.07,414.57,2024-03-01T07:27:00
55,LOT001,LOT001-W01,6,6,tungsten,M2,1.4435,True,38.07,414.57,2024-03-01T07:27:30
56,LOT001,LOT001-W01,6,7,tungsten,M1,0.8822,True,38.07,414.57,2024-03-01T07:28:00
57,LOT001,LOT001-W01,6,8,tungsten,M1,1.0228,True,38.07,414.57,2024-03-01T07:28:30
58,LOT001,LOT001-W01,6,9,copper,M4,1.8228,True,38.07,414.57,2024-03-01T07:29:00
59,LOT001,LOT001-W01,6,10,tungsten,M3,1.8978,True,38.07,414.57,2024-03-01T07:29:30
60,LOT001,LOT001-W01,7,1,copper,M3,1.3182,True,38.07,414.57,2024-03-01T07:30:00
61,LOT001,LOT001-W01,7,2,copper,M3,1.2693,True,38.07,414.57,2024-03-01T07:30:30
62,LOT001,LOT001-W01,7,3,tungsten,M4,2.3068,True,38.07,414.57,2024-03-01T07:31:00
63,LOT001,LOT001-W01,7,4,tungsten,M4,2.0413,True,38.07,414.57,2024-03-01T07:31:30
64,LOT001,LOT001-W01,7,5,tungsten,M3,1.7021,True,38.07,414.57,2024-03-01T07:32:00
65,LOT001,LOT001-W01,7,6,copper,M4,1.7629,True,38.07,414.57,2024-03-01T07:32:30
66,LOT001,LOT001-W01,7,7,copper,M3,1.3631,True,38.07,414.57,2024-03-01T07:33:00
67,LOT001,LOT001-W01,7,8,copper,M1,0.8014,True,38.07,414.57,2024-03-01T07:33:30
68,LOT001,LOT001-W01,7,9,copper,M3,1.3783,True,38.07,414.57,2024-03-01T07:34:00
69,LOT001,LOT001-W01,7,10,copper,M1,0.8188,True,38.07,414.57,2024-03-01T07:34:30
70,LOT001,LOT001-W01,8,1,tungsten,M4,2.0245,True,38.07,414.57,2024-03-01T07:35:00
71,LOT001,LOT001-W01,8,2,tungsten,M2,1.4495,True,38.07,414.57,2024-03-01T07:35:30
72,LOT001,LOT001-W01,8,3,copper,M1,0.7866,True,38.07,414.57,2024-03-01T07:36:00
73,LOT001,LOT001-W01,8,4,tungsten,M2,1.3575,True,38.07,414.57,2024-03-01T07:36:30
74,LOT001,LOT001-W01,8,5,copper,M3,1.4106,True,38.07,414.57,2024-03-01T07:37:00
75,LOT001,LOT001-W01,8,6,copper,M2,1.1269,True,38.07,414.57,2024-03-01T07:37:30
76,LOT001,LOT001-W01,8,7,tungsten,M1,1.0062,True,38.07,414.57,2024-03-01T07:38:00
77,LOT001,LOT001-W01,8,8,tungsten,M3,1.8691,False,38.07,414.57,2024-03-01T07:38:30
78,LOT001,LOT001-W01,8,9,tungsten,M4,2.2355,True,38.07,414.57,2024-03-01T07:39:00
79,LOT001,LOT001-W01,8,10,tungsten,M3,1.8456,True,38.07,414.57,2024-03-01T07:39:30
80,LOT001,LOT001-W01,9,1,copper,M3,1.4055,True,38.07,414.57,2024-03-01T07:40:00
81,LOT001,LOT001-W01,9,2,tungsten,M3,1.6908,True,38.07,414.57,2024-03-01T07:40:30
82,LOT001,LOT001-W01,9,3,tungsten,M1,1.0549,True,38.07,414.57,2024-03-01T07:41:00
83,LOT001,LOT001-W01,9,4,tungsten,M2,1.4805,True,38.07,414.57,2024-03-01T07:41:30
84,LOT001,LOT001-W01,9,5,copper,M1,0.783,True,38.07,414.57,2024-03-01T07:42:00
85,LOT001,LOT001-W01,9,6,tungsten,M3,1.8654,False,38.07,414.57,2024-03-01T07:42:30
86,LOT001,LOT001-W01,9,7,copper,M2,1.1285,True,38.07,414.57,2024-03-01T07:43:00
87,LOT001,LOT001-W01,9,8,tungsten,M2,1.5375,True,38.07,414.57,2024-03-01T07:43:30
88,LOT001,LOT001-W01,9,9,tungsten,M2,1.5828,True,38.07,414.57,2024-03-01T07:44:00
89,LOT001,LOT001-W01,9,10,tungsten,M2,1.4019,True,38.07,414.57,2024-03-01T07:44:30
90,LOT001,LOT001-W01,10,1,copper,M4,1.7532,True,38.07,414.57,2024-03-01T07:45:00
91,LOT001,LOT001-W01,10,2,copper,M3,1.4307,True,38.07,414.57,2024-03-01T07:45:30
92,LOT001,LOT001-W01,10,3,tungsten,M4,2.091,True,38.07,414.57,2024-03-01T07:46:00
93,LOT001,LOT001-W01,10,4,tungsten,M4,2.2009,True,38.07,414.57,2024-03-01T07:46:30
94,LOT001,LOT001-W01,10,5,tungsten,M3,1.9063,True,38.07,414.57,2024-03-01T07:47:00
95,LOT001,LOT001-W01,10,6,tungsten,M3,1.77,True,38.07,414.57,2024-03-01T07:47:30
96,LOT001,LOT001-W01,10,7,copper,M4,1.8043,True,38.07,414.57,2024-03-01T07:48:00
97,LOT001,LOT001-W01,10,8,tungsten,M4,2.192,True,38.07,414.57,2024-03-01T07:48:30
98,LOT001,LOT001-W01,10,9,copper,M1,0.7723,True,38.07,414.57,2024-03-01T07:49:00
99,LOT001,LOT001-W01,10,10,tungsten,M2,1.397,True,38.07,414.57,2024-03-01T07:49:30
100,LOT001,LOT001-W01,11,1,tungsten,M2,1.4582,True,38.07,414.57,2024-03-01T07:50:00
101,LOT001,LOT001-W01,11,2,copper,M1,0.8496,True,38.07,414.57,2024-03-01T07:50:30
102,LOT001,LOT001-W01,11,3,copper,M4,1.6855,True,38.07,414.57,2024-03-01T07:51:00
103,LOT001,LOT001-W01,11,4,tungsten,M3,1.6803,True,38.07,414.57,2024-03-01T07:51:30
104,LOT001,LOT001-W01,11,5,copper,M1,0.7925,True,38.07,414.57,2024-03-01T07:52:00
105,LOT001,LOT001-W01,11,6,copper,M4,1.7293,True,38.07,414.57,2024-03-01T07:52:30
106,LOT001,LOT001-W01,11,7,tungsten,M1,0.9509,True,38.07,414.57,2024-03-01T07:53:00
107,LOT001,LOT001-W01,11,8,copper,M2,1.1102,True,38.07,414.57,2024-03-01T07:53:30
108,LOT001,LOT001-W01,11,9,tungsten,M1,1.0097,True,38.07,414.57,2024-03-01T07:54:00
109,LOT001,LOT001-W01,11,10,tungsten,M3,1.6732,True,38.07,414.57,2024-03-01T07:54:30
110,LOT001,LOT001-W01,12,1,copper,M3,1.2848,True,38.07,414.57,2024-03-01T07:55:00
111,LOT001,LOT001-W01,12,2,copper,M4,1.7439,True,38.07,414.57,2024-03-01T07:55:30
112,LOT001,LOT001-W01,12,3,tungsten,M2,1.346,True,38.07,414.57,2024-03-01T07:56:00
113,LOT001,LOT001-W01,12,4,tungsten,M1,1.0074,True,38.07,414.57,2024-03-01T07:56:30
114,LOT001,LOT001-W01,12,5,tungsten,M2,1.3754,True,38.07,414.57,2024-03-01T07:57:00
115,LOT001,LOT001-W01,12,6,copper,M2,1.0693,True,38.07,414.57,2024-03-01T07:57:30
116,LOT001,LOT001-W01,12,7,copper,M4,1.5827,True,38.07,414.57,2024-03-01T07:58:00
117,LOT001,LOT001-W01,12,8,copper,M1,0.8364,True,38.07,414.57,2024-03-01T07:58:30
118,LOT001,LOT001-W01,12,9,tungsten,M4,2.269,True,38.07,414.57,2024-03-01T07:59:00
119,LOT001,LOT001-W01,12,10,copper,M4,1.737,True,38.07,414.57,2024-03-01T07:59:30
120,LOT001,LOT001-W01,13,1,tungsten,M2,1.4846,True,38.07,414.57,2024-03-01T08:00:00
121,LOT001,LOT001-W01,13,2,copper,M2,1.1468,True,38.07,414.57,2024-03-01T08:00:30
122,LOT001,LOT001-W01,13,3,tungsten,M4,2.1144,True,38.07,414.57,2024-03-01T08:01:00
123,LOT001,LOT001-W01,13,4,copper,M1,0.8088,True,38.07,414.57,2024-03-01T08:01:30
124,LOT001,LOT001-W01,13,5,copper,M2,1.1012,True,38.07,414.57,2024-03-01T08:02:00
125,LOT001,LOT001-W01,13,6,copper,M2,1.1092,True,38.07,414.57,2024-03-01T08:02:30
126,LOT001,LOT001-W01,13,7,tungsten,M2,1.3901,True,38.07,414.57,2024-03-01T08:03:00
127,LOT001,LOT001-W01,13,8,copper,M1,0.7805,True,38.07,414.57,2024-03-01T08:03:30
128,LOT001,LOT001-W01,13,9,tungsten,M3,1.84,True,38.07,414.57,2024-03-01T08:04:00
129,LOT001,LOT001-W01,13,10,tungsten,M3,1.8066,True,38.07,414.57,2024-03-01T08:04:30
130,LOT001,LOT001-W01,14,1,copper,M3,1.3691,True,38.07,414.57,2024-03-01T08:05:00
131,LOT001,LOT001-W01,14,2,tungsten,M4,2.1633,True,38.07,414.57,2024-03-01T08:05:30
132,LOT001,LOT001-W01,14,3,copper,M1,0.7637,True,38.07,414.57,2024-03-01T08:06:00
133,LOT001,LOT001-W01,14,4,copper,M4,1.6089,True,38.07,414.57,2024-03-01T08:06:30
134,LOT001,LOT001-W01,14,5,copper,M4,1.6406,True,38.07,414.57,2024-03-01T08:07:00
135,LOT001,LOT001-W01,14,6,copper,M3,1.3868,True,38.07,414.57,2024-03-01T08:07:30
136,LOT001,LOT001-W01,14,7,tungsten,M4,2.1889,True,38.07,414.57,2024-03-01T08:08:00
137,LOT001,LOT001-W01,14,8,tungsten,M2,1.4052,True,38.07,414.57,2024-03-01T08:08:30
138,LOT001,LOT001-W01,14,9,copper,M1,0.8516,True,38.07,414.57,2024-03-01T08:09:00
139,LOT001,LOT001-W01,14,10,copper,M3,1.4028,False,38.07,414.57,2024-03-01T08:09:30
140,LOT001,LOT001-W01,15,1,copper,M1,0.8071,False,38.07,414.57,2024-03-01T08:10:00
141,LOT001,LOT001-W01,15,2,copper,M1,0.7408,True,38.07,414.57,2024-03-01T08:10:30
142,LOT001,LOT001-W01,15,3,tungsten,M4,2.0911,True,38.07,414.57,2024-03-01T08:11:00
143,LOT001,LOT001-W01,15,4,tungsten,M4,2.1131,True,38.07,414.57,2024-03-01T08:11:30
144,LOT001,LOT001-W01,15,5,copper,M2,1.1317,True,38.07,414.57,2024-03-01T08:12:00
145,LOT001,LOT001-W01,15,6,copper,M3,1.408,True,38.07,414.57,2024-03-01T08:12:30
146,LOT001,LOT001-W01,15,7,tungsten,M3,1.7157,True,38.07,414.57,2024-03-01T08:13:00
147,LOT001,LOT001-W01,15,8,tungsten,M4,2.2116,True,38.07,414.57,2024-03-01T08:13:30
148,LOT001,LOT001-W01,15,9,copper,M3,1.4267,True,38.07,414.57,2024-03-01T08:14:00
149,LOT001,LOT001-W01,15,10,copper,M1,0.8017,True,38.07,414.57,2024-03-01T08:14:30
150,LOT001,LOT001-W01,16,1,copper,M1,0.844,True,38.07,414.57,2024-03-01T08:15:00
151,LOT001,LOT001-W01,16,2,copper,M2,0.9712,True,38.07,414.57,2024-03-01T08:15:30
152,LOT001,LOT001-W01,16,3,copper,M1,0.7475,True,38.07,414.57,2024-03-01T08:16:00
153,LOT001,LOT001-W01,16,4,copper,M3,1.3649,True,38.07,414.57,2024-03-01T08:16:30
154,LOT001,LOT001-W01,16,5,tungsten,M3,1.7131,True,38.07,414.57,2024-03-01T08:17:00
155,LOT001,LOT001-W01,16,6,tungsten,M1,0.9847,True,38.07,414.57,2024-03-01T08:17:30
156,LOT001,LOT001-W01,16,7,copper,M2,1.1765,True,38.07,414.57,2024-03-01T08:18:00
157,LOT001,LOT001-W01,16,8,copper,M4,1.8006,True,38.07,414.57,2024-03-01T08:18:30
158,LOT001,LOT001-W01,16,9,tungsten,M1,1.0278,True,38.07,414.57,2024-03-01T08:19:00
159,LOT001,LOT001-W01,16,10,tungsten,M3,1.8554,True,38.07,414.57,2024-03-01T08:19:30
160,LOT001,LOT001-W01,17,1,tungsten,M2,1.4396,True,38.07,414.57,2024-03-01T08:20:00
161,LOT001,LOT001-W01,17,2,tungsten,M4,2.1483,True,38.07,414.57,2024-03-01T08:20:30
162,LOT001,LOT001-W01,17,3,tungsten,M4,2.327,True,38.07,414.57,2024-03-01T08:21:00
163,LOT001,LOT001-W01,17,4,tungsten,M2,1.4807,False,38.07,414.57,2024-03-01T08:21:30
164,LOT001,LOT001-W01,17,5,tungsten,M4,2.2312,False,38.07,414.57,2024-03-01T08:22:00
165,LOT001,LOT001-W01,17,6,tungsten,M1,1.0272,True,38.07,414.57,2024-03-01T08:22:30
166,LOT001,LOT001-W01,17,7,copper,M3,1.3576,True,38.07,414.57,2024-03-01T08:23:00
167,LOT001,LOT001-W01,17,8,copper,M2,1.0532,True,38.07,414.57,2024-03-01T08:23:30
168,LOT001,LOT001-W01,17,9,copper,M3,1.34,True,38.07,414.57,2024-03-01T08:24:00
169,LOT001,LOT001-W01,17,10,copper,M2,1.0865,True,38.07,414.57,2024-03-01T08:24:30
170,LOT001,LOT001-W01,18,1,copper,M4,1.6477,True,38.07,414.57,2024-03-01T08:25:00
171,LOT001,LOT001-W01,18,2,copper,M2,1.0695,True,38.07,414.57,2024-03-01T08:25:30
172,LOT001,LOT001-W01,18,3,tungsten,M1,0.9781,False,38.07,414.57,2024-03-01T08:26:00
173,LOT001,LOT001-W01,18,4,copper,M4,1.6379,True,38.07,414.57,2024-03-01T08:26:30
174,LOT001,LOT001-W01,18,5,tungsten,M3,1.9466,True,38.07,414.57,2024-03-01T08:27:00
175,LOT001,LOT001-W01,18,6,tungsten,M3,1.7565,True,38.07,414.57,2024-03-01T08:27:30
176,LOT001,LOT001-W01,18,7,tungsten,M3,1.7847,True,38.07,414.57,2024-03-01T08:28:00
177,LOT001,LOT001-W01,18,8,tungsten,M3,1.5696,True,38.07,414.57,2024-03-01T08:28:30
178,LOT001,LOT001-W01,18,9,tungsten,M4,2.1872,True,38.07,414.57,2024-03-01T08:29:00
179,LOT001,LOT001-W01,18,10,copper,M3,1.4471,True,38.07,414.57,2024-03-01T08:29:30
180,LOT001,LOT001-W01,19,1,tungsten,M3,1.9032,True,38.07,414.57,2024-03-01T08:30:00
181,LOT001,LOT001-W01,19,2,copper,M4,1.669,True,38.07,414.57,2024-03-01T08:30:30
182,LOT001,LOT001-W01,19,3,tungsten,M1,1.0668,True,38.07,414.57,2024-03-01T08:31:00
183,LOT001,LOT001-W01,19,4,copper,M2,1.0733,True,38.07,414.57,2024-03-01T08:31:30
184,LOT001,LOT001-W01,19,5,copper,M1,0.8267,True,38.07,414.57,2024-03-01T08:32:00
185,LOT001,LOT001-W01,19,6,tungsten,M2,1.4389,True,38.07,414.57,2024-03-01T08:32:30
186,LOT001,LOT001-W01,19,7,tungsten,M1,0.9825,True,38.07,414.57,2024-03-01T08:33:00
187,LOT001,LOT001-W01,19,8,copper,M2,1.1754,True,38.07,414.57,2024-03-01T08:33:30
188,LOT001,LOT001-W01,19,9,copper,M4,1.7049,True,38.07,414.57,2024-03-01T08:34:00
189,LOT001,LOT001-W01,19,10,copper,M4,1.7125,True,38.07,414.57,2024-03-01T08:34:30
190,LOT001,LOT001-W01,20,1,copper,M4,1.7571,True,38.07,414.57,2024-03-01T08:35:00
191,LOT001,LOT001-W01,20,2,copper,M3,1.3676,True,38.07,414.57,2024-03-01T08:35:30
192,LOT001,LOT001-W01,20,3,tungsten,M1,1.004,True,38.07,414.57,2024-03-01T08:36:00
193,LOT001,LOT001-W01,20,4,tungsten,M2,1.4945,True,38.07,414.57,2024-03-01T08:36:30
194,LOT001,LOT001-W01,20,5,tungsten,M4,2.1637,True,38.07,414.57,2024-03-01T08:37:00
195,LOT001,LOT001-W01,20,6,tungsten,M4,2.0785,True,38.07,414.57,2024-03-01T08:37:30
196,LOT001,LOT001-W01,20,7,copper,M2,0.997,True,38.07,414.57,2024-03-01T08:38:00
197,LOT001,LOT001-W01,20,8,copper,M2,1.0962,False,38.07,414.57,2024-03-01T08:38:30
198,LOT001,LOT001-W01,20,9,tungsten,M3,1.761,True,38.07,414.57,2024-03-01T08:39:00
199,LOT001,LOT001-W01,20,10,copper,M3,1.4487,True,38.07,414.57,2024-03-01T08:39:30
200,LOT001,LOT001-W02,1,1,copper,M2,1.095,True,38.04,390.47,2024-03-01T08:40:00
201,LOT001,LOT001-W02,1,2,tungsten,M4,2.0218,False,38.04,390.47,2024-03-01T08:40:30
202,LOT001,LOT001-W02,1,3,tungsten,M2,1.401,True,38.04,390.47,2024-03-01T08:41:00
203,LOT001,LOT001-W02,1,4,tungsten,M4,2.0198,True,38.04,390.47,2024-03-01T08:41:30
204,LOT001,LOT001-W02,1,5,copper,M1,0.8619,True,38.04,390.47,2024-03-01T08:42:00
205,LOT001,LOT001-W02,1,6,copper,M2,1.2542,True,38.04,390.47,2024-03-01T08:42:30
206,LOT001,LOT001-W02,1,7,tungsten,M4,2.0388,True,38.04,390.47,2024-03-01T08:43:00
207,LOT001,LOT001-W02,1,8,tungsten,M4,2.185,True,38.04,390.47,2024-03-01T08:43:30
208,LOT001,LOT001-W02,1,9,tungsten,M2,1.4647,True,38.04,390.47,2024-03-01T08:44:00
209,LOT001,LOT001-W02,1,10,copper,M4,1.6806,True,38.04,390.47,2024-03-01T08:44:30
210,LOT001,LOT001-W02,2,1,copper,M4,1.5926,True,38.04,390.47,2024-03-01T08:45:00
211,LOT001,LOT001-W02,2,2,copper,M1,0.822,True,38.04,390.47,2024-03-01T08:45:30
212,LOT001,LOT001-W02,2,3,copper,M4,1.5771,True,38.04,390.47,2024-03-01T08:46:00
213,LOT001,LOT001-W02,2,4,copper,M2,1.0908,True,38.04,390.47,2024-03-01T08:46:30
214,LOT001,LOT001-W02,2,5,copper,M2,1.1743,True,38.04,390.47,2024-03-01T08:47:00
215,LOT001,LOT001-W02,2,6,tungsten,M4,1.997,True,38.04,390.47,2024-03-01T08:47:30
216,LOT001,LOT001-W02,2,7,copper,M1,0.8045,True,38.04,390.47,2024-03-01T08:48:00
217,LOT001,LOT001-W02,2,8,copper,M1,0.7655,True,38.04,390.47,2024-03-01T08:48:30
218,LOT001,LOT001-W02,2,9,tungsten,M1,0.9443,True,38.04,390.47,2024-03-01T08:49:00
219,LOT001,LOT001-W02,2,10,tungsten,M3,1.819,True,38.04,390.47,2024-03-01T08:49:30
220,LOT001,LOT001-W02,3,1,copper,M1,0.8003,True,38.04,390.47,2024-03-01T08:50:00
221,LOT001,LOT001-W02,3,2,tungsten,M4,2.1802,True,38.04,390.47,2024-03-01T08:50:30
222,LOT001,LOT001-W02,3,3,copper,M1,0.8135,True,38.04,390.47,2024-03-01T08:51:00
223,LOT001,LOT001-W02,3,4,tungsten,M3,1.7421,True,38.04,390.47,2024-03-01T08:51:30
224,LOT001,LOT001-W02,3,5,copper,M1,0.7938,True,38.04,390.47,2024-03-01T08:52:00
225,LOT001,LOT001-W02,3,6,tungsten,M3,1.8108,True,38.04,390.47,2024-03-01T08:52:30
226,LOT001,LOT001-W02,3,7,tungsten,M1,1.042,True,38.04,390.47,2024-03-01T08:53:00
227,LOT001,LOT001-W02,3,8,copper,M4,1.7165,True,38.04,390.47,2024-03-01T08:53:30
228,LOT001,LOT001-W02,3,9,copper,M3,1.3558,True,38.04,390.47,2024-03-01T08:54:00
229,LOT001,LOT001-W02,3,10,tungsten,M3,1.7079,True,38.04,390.47,2024-03-01T08:54:30
230,LOT001,LOT001-W02,4,1,tungsten,M2,1.3598,True,38.04,390.47,2024-03-01T08:55:00
231,LOT001,LOT001-W02,4,2,copper,M3,1.4083,True,38.04,390.47,2024-03-01T08:55:30
232,LOT001,LOT001-W02,4,3,copper,M1,0.8135,True,38.04,390.47,2024-03-01T08:56:00
233,LOT001,LOT001-W02,4,4,copper,M2,1.0884,True,38.04,390.47,2024-03-01T08:56:30
234,LOT001,LOT001-W02,4,5,tungsten,M4,2.0785,True,38.04,390.47,2024-03-01T08:57:00
235,LOT001,LOT001-W02,4,6,copper,M4,1.6078,True,38.04,390.47,2024-03-01T08:57:30
236,LOT001,LOT001-W02,4,7,tungsten,M4,2.1231,True,38.04,390.47,2024-03-01T08:58:00
237,LOT001,LOT001-W02,4,8,tungsten,M2,1.4655,True,38.04,390.47,2024-03-01T08:58:30
238,LOT001,LOT001-W02,4,9,copper,M2,1.097,True,38.04,390.47,2024-03-01T08:59:00
239,LOT001,LOT001-W02,4,10,tungsten,M1,0.9081,True,38.04,390.47,2024-03-01T08:59:30
240,LOT001,LOT001-W02,5,1,copper,M2,1.0575,True,38.04,390.47,2024-03-01T09:00:00
241,LOT001,LOT001-W02,5,2,copper,M3,1.4211,True,38.04,390.47,2024-03-01T09:00:30
242,LOT001,LOT001-W02,5,3,tungsten,M3,1.788,True,38.04,390.47,2024-03-01T09:01:00
243,LOT001,LOT001-W02,5,4,tungsten,M3,1.8391,True,38.04,390.47,2024-03-01T09:01:30
244,LOT001,LOT001-W02,5,5,tungsten,M2,1.4264,True,38.04,390.47,2024-03-01T09:02:00
245,LOT001,LOT001-W02,5,6,copper,M4,1.6554,True,38.04,390.47,2024-03-01T09:02:30
246,LOT001,LOT001-W02,5,7,copper,M2,1.1231,True,38.04,390.47,2024-03-01T09:03:00
247,LOT001,LOT001-W02,5,8,copper,M4,1.6731,True,38.04,390.47,2024-03-01T09:03:30
248,LOT001,LOT001-W02,5,9,copper,M1,0.8621,True,38.04,390.47,2024-03-01T09:04:00
249,LOT001,LOT001-W02,5,10,tungsten,M2,1.6182,True,38.04,390.47,2024-03-01T09:04:30
250,LOT001,LOT001-W02,6,1,tungsten,M1,0.9902,True,38.04,390.47,2024-03-01T09:05:00
251,LOT001,LOT001-W02,6,2,copper,M1,0.7839,True,38.04,390.47,2024-03-01T09:05:30
252,LOT001,LOT001-W02,6,3,copper,M2,1.1876,True,38.04,390.47,2024-03-01T09:06:00
253,LOT001,LOT001-W02,6,4,tungsten,M2,1.453,True,38.04,390.47,2024-03-01T09:06:30
254,LOT001,LOT001-W02,6,5,copper,M1,0.8274,True,38.04,390.47,2024-03-01T09:07:00
255,LOT001,LOT001-W02,6,6,tungsten,M2,1.4527,True,38.04,390.47,2024-03-01T09:07:30
256,LOT001,LOT001-W02,6,7,copper,M4,1.8301,True,38.04,390.47,2024-03-01T09:08:00
257,LOT001,LOT001-W02,6,8,tungsten,M3,1.8373,True,38.04,390.47,2024-03-01T09:08:30
258,LOT001,LOT001-W02,6,9,copper,M4,1.6699,True,38.04,390.47,2024-03-01T09:09:00
259,LOT001,LOT001-W02,6,10,tungsten,M4,2.0316,True,38.04,390.47,2024-03-01T09:09:30
260,LOT001,LOT001-W02,7,1,tungsten,M1,1.0277,True,38.04,390.47,2024-03-01T09:10:00
261,LOT001,LOT001-W02,7,2,copper,M3,1.3609,True,38.04,390.47,2024-03-01T09:10:30
262,LOT001,LOT001-W02,7,3,tungsten,M2,1.3865,True,38.04,390.47,2024-03-01T09:11:00
263,LOT001,LOT001-W02,7,4,copper,M1,0.8538,True,38.04,390.47,2024-03-01T09:11:30
264,LOT001,LOT001-W02,7,5,copper,M4,1.7799,True,38.04,390.47,2024-03-01T09:12:00
265,LOT001,LOT001-W02,7,6,copper,M1,0.8447,True,38.04,390.47,2024-03-01T09:12:30
266,LOT001,LOT001-W02,7,7,copper,M3,1.3319,True,38.04,390.47,2024-03-01T09:13:00
267,LOT001,LOT001-W02,7,8,copper,M4,1.6187,True,38.04,390.47,2024-03-01T09:13:30
268,LOT001,LOT001-W02,7,9,copper,M4,1.6643,True,38.04,390.47,2024-03-01T09:14:00
269,LOT001,LOT001-W02,7,10,tungsten,M1,0.9993,True,38.04,390.47,2024-03-01T09:14:30
270,LOT001,LOT001-W02,8,1,copper,M3,1.4648,True,38.04,390.47,2024-03-01T09:15:00
271,LOT001,LOT001-W02,8,2,tungsten,M1,1.0426,True,38.04,390.47,2024-03-01T09:15:30
272,LOT001,LOT001-W02,8,3,tungsten,M1,1.0373,True,38.04,390.47,2024-03-01T09:16:00
273,LOT001,LOT001-W02,8,4,copper,M3,1.5293,True,38.04,390.47,2024-03-01T09:16:30
274,LOT001,LOT001-W02,8,5,copper,M2,1.0777,True,38.04,390.47,2024-03-01T09:17:00
275,LOT001,LOT001-W02,8,6,tungsten,M4,1.9378,True,38.04,390.47,2024-03-01T09:17:30
276,LOT001,LOT001-W02,8,7,copper,M1,0.8333,True,38.04,390.47,2024-03-01T09:18:00
277,LOT001,LOT001-W02,8,8,tungsten,M2,1.4524,False,38.04,390.47,2024-03-01T09:18:30
278,LOT001,LOT001-W02,8,9,tungsten,M1,1.0165,True,38.04,390.47,2024-03-01T09:19:00
279,LOT001,LOT001-W02,8,10,tungsten,M2,1.4216,True,38.04,390.47,2024-03-01T09:19:30
280,LOT001,LOT001-W02,9,1,copper,M3,1.3788,True,38.04,390.47,2024-03-01T09:20:00
281,LOT001,LOT001-W02,9,2,tungsten,M2,1.3733,True,38.04,390.47,2024-03-01T09:20:30
282,LOT001,LOT001-W02,9,3,tungsten,M2,1.397,True,38.04,390.47,2024-03-01T09:21:00
283,LOT001,LOT001-W02,9,4,tungsten,M1,0.9795,True,38.04,390.47,2024-03-01T09:21:30
284,LOT001,LOT001-W02,9,5,copper,M4,1.773,True,38.04,390.47,2024-03-01T09:22:00
285,LOT001,LOT001-W02,9,6,copper,M3,1.4319,True,38.04,390.47,2024-03-01T09:22:30
286,LOT001,LOT001-W02,9,7,copper,M3,1.4962,True,38.04,390.47,2024-03-01T09:23:00
287,LOT001,LOT001-W02,9,8,copper,M3,1.1899,True,38.04,390.47,2024-03-01T09:23:30
288,LOT001,LOT001-W02,9,9,tungsten,M4,2.0931,True,38.04,390.47,2024-03-01T09:24:00
289,LOT001,LOT001-W02,9,10,copper,M3,1.3224,True,38.04,390.47,2024-03-01T09:24:30
290,LOT001,LOT001-W02,10,1,copper,M3,1.4162,True,38.04,390.47,2024-03-01T09:25:00
291,LOT001,LOT001-W02,10,2,copper,M3,1.3565,True,38.04,390.47,2024-03-01T09:25:30
292,LOT001,LOT001-W02,10,3,copper,M3,1.4752,True,38.04,390.47,2024-03-01T09:26:00
293,LOT001,LOT001-W02,10,4,tungsten,M4,2.1972,True,38.04,390.47,2024-03-01T09:26:30
294,LOT001,LOT001-W02,10,5,tungsten,M4,2.2296,True,38.04,390.47,2024-03-01T09:27:00
295,LOT001,LOT001-W02,10,6,tungsten,M1,1.0013,True,38.04,390.47,2024-03-01T09:27:30
296,LOT001,LOT001-W02,10,7,copper,M3,1.3102,False,38.04,390.47,2024-03-01T09:28:00
297,LOT001,LOT001-W02,10,8,tungsten,M1,0.9799,True,38.04,390.47,2024-03-01T09:28:30
298,LOT001,LOT001-W02,10,9,tungsten,M1,1.0266,True,38.04,390.47,2024-03-01T09:29:00
299,LOT001,LOT001-W02,10,10,tungsten,M1,0.9627,True,38.04,390.47,2024-03-01T09:29:30
300,LOT001,LOT001-W02,11,1,copper,M3,1.4352,True,38.04,390.47,2024-03-01T09:30:00
301,LOT001,LOT001-W02,11,2,tungsten,M4,2.1259,False,38.04,390.47,2024-03-01T09:30:30
302,LOT001,LOT001-W02,11,3,copper,M2,1.1408,True,38.04,390.47,2024-03-01T09:31:00
303,LOT001,LOT001-W02,11,4,tungsten,M2,1.3574,True,38.04,390.47,2024-03-01T09:31:30
304,LOT001,LOT001-W02,11,5,copper,M3,1.4457,True,38.04,390.47,2024-03-01T09:32:00
305,LOT001,LOT001-W02,11,6,copper,M4,1.4942,True,38.04,390.47,2024-03-01T09:32:30
306,LOT001,LOT001-W02,11,7,tungsten,M2,1.3713,True,38.04,390.47,2024-03-01T09:33:00
307,LOT001,LOT001-W02,11,8,copper,M1,0.7775,True,38.04,390.47,2024-03-01T09:33:30
308,LOT001,LOT001-W02,11,9,copper,M2,1.1567,True,38.04,390.47,2024-03-01T09:34:00
309,LOT001,LOT001-W02,11,10,copper,M3,1.3494,True,38.04,390.47,2024-03-01T09:34:30
310,LOT001,LOT001-W02,12,1,copper,M3,1.4785,True,38.04,390.47,2024-03-01T09:35:00
311,LOT001,LOT001-W02,12,2,copper,M2,1.0281,True,38.04,390.47,2024-03-01T09:35:30
312,LOT001,LOT001-W02,12,3,tungsten,M2,1.2554,True,38.04,390.47,2024-03-01T09:36:00
313,LOT001,LOT001-W02,12,4,tungsten,M4,2.0772,True,38.04,390.47,2024-03-01T09:36:30
314,LOT001,LOT001-W02,12,5,tungsten,M4,1.9862,True,38.04,390.47,2024-03-01T09:37:00
315,LOT001,LOT001-W02,12,6,tungsten,M2,1.3333,True,38.04,390.47,2024-03-01T09:37:30
316,LOT001,LOT001-W02,12,7,copper,M4,1.6169,True,38.04,390.47,2024-03-01T09:38:00
317,LOT001,LOT001-W02,12,8,tungsten,M2,1.3982,True,38.04,390.47,2024-03-01T09:38:30
318,LOT001,LOT001-W02,12,9,tungsten,M2,1.4398,True,38.04,390.47,2024-03-01T09:39:00
319,LOT001,LOT001-W02,12,10,tungsten,M1,0.8766,True,38.04,390.47,2024-03-01T09:39:30
320,LOT001,LOT001-W02,13,1,copper,M1,0.8249,True,38.04,390.47,2024-03-01T09:40:00
321,LOT001,LOT001-W02,13,2,copper,M3,1.3518,True,38.04,390.47,2024-03-01T09:40:30
322,LOT001,LOT001-W02,13,3,copper,M3,1.413,True,38.04,390.47,2024-03-01T09:41:00
323,LOT001,LOT001-W02,13,4,copper,M2,1.1171,True,38.04,390.47,2024-03-01T09:41:30
324,LOT001,LOT001-W02,13,5,tungsten,M2,1.4157,True,38.04,390.47,2024-03-01T09:42:00
325,LOT001,LOT001-W02,13,6,tungsten,M3,1.812,True,38.04,390.47,2024-03-01T09:42:30
326,LOT001,LOT001-W02,13,7,tungsten,M4,2.1503,True,38.04,390.47,2024-03-01T09:43:00
327,LOT001,LOT001-W02,13,8,copper,M2,1.1305,True,38.04,390.47,2024-03-01T09:43:30
328,LOT001,LOT001-W02,13,9,tungsten,M1,0.997,True,38.04,390.47,2024-03-01T09:44:00
329,LOT001,LOT001-W02,13,10,tungsten,M3,1.7783,True,38.04,390.47,2024-03-01T09:44:30
330,LOT001,LOT001-W02,14,1,tungsten,M3,1.7002,True,38.04,390.47,2024-03-01T09:45:00
331,LOT001,LOT001-W02,14,2,copper,M1,0.7974,True,38.04,390.47,2024-03-01T09:45:30
332,LOT001,LOT001-W02,14,3,copper,M3,1.3867,True,38.04,390.47,2024-03-01T09:46:00
333,LOT001,LOT001-W02,14,4,tungsten,M4,1.9828,True,38.04,390.47,2024-03-01T09:46:30
334,LOT001,LOT001-W02,14,5,copper,M4,1.7507,True,38.04,390.47,2024-03-01T09:47:00
335,LOT001,LOT001-W02,14,6,copper,M4,1.6613,True,38.04,390.47,2024-03-01T09:47:30
336,LOT001,LOT001-W02,14,7,tungsten,M4,2.0573,True,38.04,390.47,2024-03-01T09:48:00
337,LOT001,LOT001-W02,14,8,tungsten,M4,2.0394,True,38.04,390.47,2024-03-01T09:48:30
338,LOT001,LOT001-W02,14,9,copper,M3,1.3371,True,38.04,390.47,2024-03-01T09:49:00
339,LOT001,LOT001-W02,14,10,copper,M4,1.7478,True,38.04,390.47,2024-03-01T09:49:30
340,LOT001,LOT001-W02,15,1,copper,M1,0.7449,True,38.04,390.47,2024-03-01T09:50:00
341,LOT001,LOT001-W02,15,2,tungsten,M4,1.9676,True,38.04,390.47,2024-03-01T09:50:30
342,LOT001,LOT001-W02,15,3,tungsten,M2,1.4264,True,38.04,390.47,2024-03-01T09:51:00
343,LOT001,LOT001-W02,15,4,copper,M3,1.3317,True,38.04,390.47,2024-03-01T09:51:30
344,LOT001,LOT001-W02,15,5,copper,M4,1.4662,True,38.04,390.47,2024-03-01T09:52:00
345,LOT001,LOT001-W02,15,6,tungsten,M3,1.842,True,38.04,390.47,2024-03-01T09:52:30
346,LOT001,LOT001-W02,15,7,copper,M1,0.8398,True,38.04,390.47,2024-03-01T09:53:00
347,LOT001,LOT001-W02,15,8,copper,M3,1.3257,True,38.04,390.47,2024-03-01T09:53:30
348,LOT001,LOT001-W02,15,9,tungsten,M1,0.9905,True,38.04,390.47,2024-03-01T09:54:00
349,LOT001,LOT001-W02,15,10,copper,M2,1.2138,True,38.04,390.47,2024-03-01T09:54:30
350,LOT001,LOT001-W02,16,1,tungsten,M2,1.4387,True,38.04,390.47,2024-03-01T09:55:00
351,LOT001,LOT001-W02,16,2,tungsten,M3,1.6819,True,38.04,390.47,2024-03-01T09:55:30
352,LOT001,LOT001-W02,16,3,copper,M3,1.3841,False,38.04,390.47,2024-03-01T09:56:00
353,LOT001,LOT001-W02,16,4,tungsten,M4,2.08,True,38.04,390.47,2024-03-01T09:56:30
354,LOT001,LOT001-W02,16,5,tungsten,M1,1.0498,True,38.04,390.47,2024-03-01T09:57:00
355,LOT001,LOT001-W02,16,6,copper,M2,1.0176,True,38.04,390.47,2024-03-01T09:57:30
356,LOT001,LOT001-W02,16,7,copper,M4,1.8058,True,38.04,390.47,2024-03-01T09:58:00
357,LOT001,LOT001-W02,16,8,copper,M4,1.667,True,38.04,390.47,2024-03-01T09:58:30
358,LOT001,LOT001-W02,16,9,tungsten,M2,1.4009,True,38.04,390.47,2024-03-01T09:59:00
359,LOT001,LOT001-W02,16,10,tungsten,M3,1.7009,True,38.04,390.47,2024-03-01T09:59:30
360,LOT001,LOT001-W02,17,1,copper,M3,1.3748,True,38.04,390.47,2024-03-01T10:00:00
361,LOT001,LOT001-W02,17,2,tungsten,M4,2.0826,True,38.04,390.47,2024-03-01T10:00:30
362,LOT001,LOT001-W02,17,3,copper,M3,1.3958,True,38.04,390.47,2024-03-01T10:01:00
363,LOT001,LOT001-W02,17,4,copper,M1,0.799,True,38.04,390.47,2024-03-01T10:01:30
364,LOT001,LOT001-W02,17,5,tungsten,M1,1.0356,True,38.04,390.47,2024-03-01T10:02:00
365,LOT001,LOT001-W02,17,6,copper,M3,1.3431,True,38.04,390.47,2024-03-01T10:02:30
366,LOT001,LOT001-W02,17,7,tungsten,M4,2.1894,False,38.04,390.47,2024-03-01T10:03:00
367,LOT001,LOT001-W02,17,8,tungsten,M1,0.9423,True,38.04,390.47,2024-03-01T10:03:30
368,LOT001,LOT001-W02,17,9,tungsten,M1,0.9308,True,38.04,390.47,2024-03-01T10:04:00
369,LOT001,LOT001-W02,17,10,tungsten,M3,1.7996,True,38.04,390.47,2024-03-01T10:04:30
370,LOT001,LOT001-W02,18,1,tungsten,M4,2.0373,True,38.04,390.47,2024-03-01T10:05:00
371,LOT001,LOT001-W02,18,2,copper,M1,0.7471,True,38.04,390.47,2024-03-01T10:05:30
372,LOT001,LOT001-W02,18,3,copper,M2,1.2121,True,38.04,390.47,2024-03-01T10:06:00
373,LOT001,LOT001-W02,18,4,copper,M4,1.792,True,38.04,390.47,2024-03-01T10:06:30
374,LOT001,LOT001-W02,18,5,copper,M2,1.1408,True,38.04,390.47,2024-03-01T10:07:00
375,LOT001,LOT001-W02,18,6,tungsten,M1,0.9436,True,38.04,390.47,2024-03-01T10:07:30
376,LOT001,LOT001-W02,18,7,copper,M3,1.3817,True,38.04,390.47,2024-03-01T10:08:00
377,LOT001,LOT001-W02,18,8,tungsten,M4,1.9847,True,38.04,390.47,2024-03-01T10:08:30
378,LOT001,LOT001-W02,18,9,tungsten,M2,1.4082,True,38.04,390.47,2024-03-01T10:09:00
379,LOT001,LOT001-W02,18,10,copper,M3,1.3986,True,38.04,390.47,2024-03-01T10:09:30
380,LOT001,LOT001-W02,19,1,copper,M3,1.2828,True,38.04,390.47,2024-03-01T10:10:00
381,LOT001,LOT001-W02,19,2,copper,M3,1.401,True,38.04,390.47,2024-03-01T10:10:30
382,LOT001,LOT001-W02,19,3,tungsten,M3,1.9562,True,38.04,390.47,2024-03-01T10:11:00
383,LOT001,LOT001-W02,19,4,copper,M2,1.1494,True,38.04,390.47,2024-03-01T10:11:30
384,LOT001,LOT001-W02,19,5,copper,M3,1.3487,True,38.04,390.47,2024-03-01T10:12:00
385,LOT001,LOT001-W02,19,6,tungsten,M4,2.1623,True,38.04,390.47,2024-03-01T10:12:30
386,LOT001,LOT001-W02,19,7,tungsten,M2,1.437,True,38.04,390.47,2024-03-01T10:13:00
387,LOT001,LOT001-W02,19,8,copper,M1,0.7943,True,38.04,390.47,2024-03-01T10:13:30
388,LOT001,LOT001-W02,19,9,copper,M2,1.1023,True,38.04,390.47,2024-03-01T10:14:00
389,LOT001,LOT001-W02,19,10,tungsten,M2,1.3001,True,38.04,390.47,2024-03-01T10:14:30
390,LOT001,LOT001-W02,20,1,tungsten,M2,1.4222,True,38.04,390.47,2024-03-01T10:15:00
391,LOT001,LOT001-W02,20,2,tungsten,M1,0.993,True,38.04,390.47,2024-03-01T10:15:30
392,LOT001,LOT001-W02,20,3,tungsten,M3,1.7822,True,38.04,390.47,2024-03-01T10:16:00
393,LOT001,LOT001-W02,20,4,copper,M4,1.8744,True,38.04,390.47,2024-03-01T10:16:30
394,LOT001,LOT001-W02,20,5,tungsten,M1,0.9533,True,38.04,390.47,2024-03-01T10:17:00
395,LOT001,LOT001-W02,20,6,tungsten,M3,1.7262,True,38.04,390.47,2024-03-01T10:17:30
396,LOT001,LOT001-W02,20,7,tungsten,M2,1.4323,True,38.04,390.47,2024-03-01T10:18:00
397,LOT001,LOT001-W02,20,8,tungsten,M4,2.2658,True,38.04,390.47,2024-03-01T10:18:30
398,LOT001,LOT001-W02,20,9,tungsten,M4,2.0358,True,38.04,390.47,2024-03-01T10:19:00
399,LOT001,LOT001-W02,20,10,copper,M3,1.3252,True,38.04,390.47,2024-03-01T10:19:30
400,LOT001,LOT001-W03,1,1,tungsten,M3,1.7232,True,38.32,397.2,2024-03-01T10:20:00
401,LOT001,LOT001-W03,1,2,copper,M2,1.096,True,38.32,397.2,2024-03-01T10:20:30
402,LOT001,LOT001-W03,1,3,tungsten,M3,1.7669,True,38.32,397.2,2024-03-01T10:21:00
403,LOT001,LOT001-W03,1,4,copper,M4,1.9258,True,38.32,397.2,2024-03-01T10:21:30
404,LOT001,LOT001-W03,1,5,copper,M4,1.657,True,38.32,397.2,2024-03-01T10:22:00
405,LOT001,LOT001-W03,1,6,copper,M1,0.817,True,38.32,397.2,2024-03-01T10:22:30
406,LOT001,LOT001-W03,1,7,copper,M3,1.4865,True,38.32,397.2,2024-03-01T10:23:00
407,LOT001,LOT001-W03,1,8,tungsten,M1,1.0097,True,38.32,397.2,2024-03-01T10:23:30
408,LOT001,LOT001-W03,1,9,tungsten,M2,1.3444,True,38.32,397.2,2024-03-01T10:24:00
409,LOT001,LOT001-W03,1,10,tungsten,M2,1.4283,True,38.32,397.2,2024-03-01T10:24:30
410,LOT001,LOT001-W03,2,1,tungsten,M3,1.6896,True,38.32,397.2,2024-03-01T10:25:00
411,LOT001,LOT001-W03,2,2,copper,M4,1.75,True,38.32,397.2,2024-03-01T10:25:30
412,LOT001,LOT001-W03,2,3,copper,M1,0.7691,True,38.32,397.2,2024-03-01T10:26:00
413,LOT001,LOT001-W03,2,4,copper,M3,1.4522,True,38.32,397.2,2024-03-01T10:26:30
414,LOT001,LOT001-W03,2,5,tungsten,M2,1.443,True,38.32,397.2,2024-03-01T10:27:00
415,LOT001,LOT001-W03,2,6,copper,M4,1.7183,True,38.32,397.2,2024-03-01T10:27:30
416,LOT001,LOT001-W03,2,7,tungsten,M3,1.8273,True,38.32,397.2,2024-03-01T10:28:00
417,LOT001,LOT001-W03,2,8,copper,M3,1.459,True,38.32,397.2,2024-03-01T10:28:30
418,LOT001,LOT001-W03,2,9,tungsten,M4,1.9547,True,38.32,397.2,2024-03-01T10:29:00
419,LOT001,LOT001-W03,2,10,copper,M1,0.781,True,38.32,397.2,2024-03-01T10:29:30
420,LOT001,LOT001-W03,3,1,tungsten,M3,1.6139,True,38.32,397.2,2024-03-01T10:30:00
421,LOT001,LOT001-W03,3,2,copper,M4,1.4538,True,38.32,397.2,2024-03-01T10:30:30
422,LOT001,LOT001-W03,3,3,copper,M4,1.7853,True,38.32,397.2,2024-03-01T10:31:00
423,LOT001,LOT001-W03,3,4,tungsten,M1,1.0108,True,38.32,397.2,2024-03-01T10:31:30
424,LOT001,LOT001-W03,3,5,tungsten,M2,1.4081,True,38.32,397.2,2024-03-01T10:32:00
425,LOT001,LOT001-W03,3,6,tungsten,M4,2.2598,True,38.32,397.2,2024-03-01T10:32:30
426,LOT001,LOT001-W03,3,7,tungsten,M4,1.9999,True,38.32,397.2,2024-03-01T10:33:00
427,LOT001,LOT001-W03,3,8,copper,M1,0.8131,True,38.32,397.2,2024-03-01T10:33:30
428,LOT001,LOT001-W03,3,9,tungsten,M3,1.7023,True,38.32,397.2,2024-03-01T10:34:00
429,LOT001,LOT001-W03,3,10,tungsten,M1,1.0816,True,38.32,397.2,2024-03-01T10:34:30
430,LOT001,LOT001-W03,4,1,tungsten,M2,1.4138,True,38.32,397.2,2024-03-01T10:35:00
431,LOT001,LOT001-W03,4,2,tungsten,M3,1.7947,True,38.32,397.2,2024-03-01T10:35:30
432,LOT001,LOT001-W03,4,3,tungsten,M2,1.5736,True,38.32,397.2,2024-03-01T10:36:00
433,LOT001,LOT001-W03,4,4,tungsten,M2,1.4857,True,38.32,397.2,2024-03-01T10:36:30
434,LOT001,LOT001-W03,4,5,copper,M2,1.0964,True,38.32,397.2,2024-03-01T10:37:00
435,LOT001,LOT001-W03,4,6,tungsten,M1,1.0229,True,38.32,397.2,2024-03-01T10:37:30
436,LOT001,LOT001-W03,4,7,copper,M2,1.3214,True,38.32,397.2,2024-03-01T10:38:00
437,LOT001,LOT001-W03,4,8,tungsten,M1,0.9351,True,38.32,397.2,2024-03-01T10:38:30
438,LOT001,LOT001-W03,4,9,tungsten,M3,1.7519,False,38.32,397.2,2024-03-01T10:39:00
439,LOT001,LOT001-W03,4,10,copper,M2,1.1686,True,38.32,397.2,2024-03-01T10:39:30
440,LOT001,LOT001-W03,5,1,tungsten,M1,1.0669,True,38.32,397.2,2024-03-01T10:40:00
441,LOT001,LOT001-W03,5,2,tungsten,M1,1.0356,True,38.32,397.2,2024-03-01T10:40:30
442,LOT001,LOT001-W03,5,3,tungsten,M2,1.3423,True,38.32,397.2,2024-03-01T10:41:00
443,LOT001,LOT001-W03,5,4,copper,M2,1.0716,True,38.32,397.2,2024-03-01T10:41:30
444,LOT001,LOT001-W03,5,5,tungsten,M1,0.9766,True,38.32,397.2,2024-03-01T10:42:00
445,LOT001,LOT001-W03,5,6,copper,M4,1.5851,True,38.32,397.2,2024-03-01T10:42:30
446,LOT001,LOT001-W03,5,7,tungsten,M1,1.0461,True,38.32,397.2,2024-03-01T10:43:00
447,LOT001,LOT001-W03,5,8,tungsten,M4,2.2429,True,38.32,397.2,2024-03-01T10:43:30
448,LOT001,LOT001-W03,5,9,tungsten,M3,1.9188,True,38.32,397.2,2024-03-01T10:44:00
449,LOT001,LOT001-W03,5,10,tungsten,M2,1.3428,True,38.32,397.2,2024-03-01T10:44:30
450,LOT001,LOT001-W03,6,1,tungsten,M1,0.9519,True,38.32,397.2,2024-03-01T10:45:00
451,LOT001,LOT001-W03,6,2,copper,M3,1.3265,True,38.32,397.2,2024-03-01T10:45:30
452,LOT001,LOT001-W03,6,3,copper,M2,1.183,True,38.32,397.2,2024-03-01T10:46:00
453,LOT001,LOT001-W03,6,4,copper,M3,1.4334,True,38.32,397.2,2024-03-01T10:46:30
454,LOT001,LOT001-W03,6,5,tungsten,M4,2.0872,True,38.32,397.2,2024-03-01T10:47:00
455,LOT001,LOT001-W03,6,6,tungsten,M1,1.0222,True,38.32,397.2,2024-03-01T10:47:30
456,LOT001,LOT001-W03,6,7,tungsten,M4,2.0814,True,38.32,397.2,2024-03-01T10:48:00
457,LOT001,LOT001-W03,6,8,tungsten,M1,1.0175,True,38.32,397.2,2024-03-01T10:48:30
458,LOT001,LOT001-W03,6,9,copper,M3,1.278,True,38.32,397.2,2024-03-01T10:49:00
459,LOT001,LOT001-W03,6,10,copper,M1,0.7921,True,38.32,397.2,2024-03-01T10:49:30
460,LOT001,LOT001-W03,7,1,copper,M2,1.0364,True,38.32,397.2,2024-03-01T10:50:00
461,LOT001,LOT001-W03,7,2,tungsten,M4,2.2131,True,38.32,397.2,2024-03-01T10:50:30
462,LOT001,LOT001-W03,7,3,tungsten,M2,1.3047,True,38.32,397.2,2024-03-01T10:51:00
463,LOT001,LOT001-W03,7,4,copper,M3,1.3496,True,38.32,397.2,2024-03-01T10:51:30
464,LOT001,LOT001-W03,7,5,copper,M3,1.434,True,38.32,397.2,2024-03-01T10:52:00
465,LOT001,LOT001-W03,7,6,copper,M4,1.6864,True,38.32,397.2,2024-03-01T10:52:30
466,LOT001,LOT001-W03,7,7,tungsten,M2,1.4163,True,38.32,397.2,2024-03-01T10:53:00
467,LOT001,LOT001-W03,7,8,tungsten,M2,1.4382,True,38.32,397.2,2024-03-01T10:53:30
468,LOT001,LOT001-W03,7,9,copper,M4,1.8494,True,38.32,397.2,2024-03-01T10:54:00
469,LOT001,LOT001-W03,7,10,tungsten,M3,1.818,True,38.32,397.2,2024-03-01T10:54:30
470,LOT001,LOT001-W03,8,1,copper,M2,1.1309,True,38.32,397.2,2024-03-01T10:55:00
471,LOT001,LOT001-W03,8,2,copper,M3,1.3558,True,38.32,397.2,2024-03-01T10:55:30
472,LOT001,LOT001-W03,8,3,tungsten,M4,1.9915,True,38.32,397.2,2024-03-01T10:56:00
473,LOT001,LOT001-W03,8,4,tungsten,M1,0.9149,True,38.32,397.2,2024-03-01T10:56:30
474,LOT001,LOT001-W03,8,5,tungsten,M4,2.2344,True,38.32,397.2,2024-03-01T10:57:00
475,LOT001,LOT001-W03,8,6,copper,M3,1.4053,True,38.32,397.2,2024-03-01T10:57:30
476,LOT001,LOT001-W03,8,7,tungsten,M3,1.8,True,38.32,397.2,2024-03-01T10:58:00
477,LOT001,LOT001-W03,8,8,tungsten,M2,1.3297,True,38.32,397.2,2024-03-01T10:58:30
478,LOT001,LOT001-W03,8,9,tungsten,M4,1.9845,True,38.32,397.2,2024-03-01T10:59:00
479,LOT001,LOT001-W03,8,10,copper,M1,0.821,True,38.32,397.2,2024-03-01T10:59:30
480,LOT001,LOT001-W03,9,1,tungsten,M3,1.7187,True,38.32,397.2,2024-03-01T11:00:00
481,LOT001,LOT001-W03,9,2,copper,M3,1.3705,True,38.32,397.2,2024-03-01T11:00:30
482,LOT001,LOT001-W03,9,3,tungsten,M4,2.0294,False,38.32,397.2,2024-03-01T11:01:00
483,LOT001,LOT001-W03,9,4,copper,M1,0.7961,True,38.32,397.2,2024-03-01T11:01:30
484,LOT001,LOT001-W03,9,5,tungsten,M4,2.0828,True,38.32,397.2,2024-03-01T11:02:00
485,LOT001,LOT001-W03,9,6,copper,M4,1.7197,True,38.32,397.2,2024-03-01T11:02:30
486,LOT001,LOT001-W03,9,7,tungsten,M4,1.9762,True,38.32,397.2,2024-03-01T11:03:00
487,LOT001,LOT001-W03,9,8,copper,M2,1.1809,False,38.32,397.2,2024-03-01T11:03:30
488,LOT001,LOT001-W03,9,9,copper,M2,1.1123,True,38.32,397.2,2024-03-01T11:04:00
489,LOT001,LOT001-W03,9,10,copper,M4,1.6034,True,38.32,397.2,2024-03-01T11:04:30
490,LOT001,LOT001-W03,10,1,tungsten,M1,0.9665,True,38.32,397.2,2024-03-01T11:05:00
491,LOT001,LOT001-W03,10,2,tungsten,M1,1.0656,True,38.32,397.2,2024-03-01T11:05:30
492,LOT001,LOT001-W03,10,3,tungsten,M3,1.8516,True,38.32,397.2,2024-03-01T11:06:00
493,LOT001,LOT001-W03,10,4,copper,M3,1.4192,True,38.32,397.2,2024-03-01T11:06:30
494,LOT001,LOT001-W03,10,5,copper,M3,1.3968,True,38.32,397.2,2024-03-01T11:07:00
495,LOT001,LOT001-W03,10,6,copper,M3,1.4181,True,38.32,397.2,2024-03-01T11:07:30
496,LOT001,LOT001-W03,10,7,copper,M2,1.0812,True,38.32,397.2,2024-03-01T11:08:00
497,LOT001,LOT001-W03,10,8,tungsten,M1,1.023,True,38.32,397.2,2024-03-01T11:08:30
498,LOT001,LOT001-W03,10,9,tungsten,M4,2.2187,True,38.32,397.2,2024-03-01T11:09:00
499,LOT001,LOT001-W03,10,10,tungsten,M4,2.067,True,38.32,397.2,2024-03-01T11:09:30
500,LOT001,LOT001-W03,11,1,tungsten,M4,2.1423,True,38.32,397.2,2024-03-01T11:10:00
501,LOT001,LOT001-W03,11,2,tungsten,M4,2.0811,True,38.32,397.2,2024-03-01T11:10:30
502,LOT001,LOT001-W03,11,3,copper,M4,1.6145,True,38.32,397.2,2024-03-01T11:11:00
503,LOT001,LOT001-W03,11,4,tungsten,M4,2.1492,True,38.32,397.2,2024-03-01T11:11:30
504,LOT001,LOT001-W03,11,5,tungsten,M3,1.7624,True,38.32,397.2,2024-03-01T11:12:00
505,LOT001,LOT001-W03,11,6,copper,M4,1.6257,False,38.32,397.2,2024-03-01T11:12:30
506,LOT001,LOT001-W03,11,7,tungsten,M1,0.9743,True,38.32,397.2,2024-03-01T11:13:00
507,LOT001,LOT001-W03,11,8,tungsten,M3,1.7461,True,38.32,397.2,2024-03-01T11:13:30
508,LOT001,LOT001-W03,11,9,copper,M3,1.3022,True,38.32,397.2,2024-03-01T11:14:00
509,LOT001,LOT001-W03,11,10,tungsten,M4,2.1659,True,38.32,397.2,2024-03-01T11:14:30
510,LOT001,LOT001-W03,12,1,tungsten,M3,1.6835,True,38.32,397.2,2024-03-01T11:15:00
511,LOT001,LOT001-W03,12,2,copper,M3,1.3435,True,38.32,397.2,2024-03-01T11:15:30
512,LOT001,LOT001-W03,12,3,tungsten,M3,1.8432,True,38.32,397.2,2024-03-01T11:16:00
513,LOT001,LOT001-W03,12,4,copper,M2,1.1291,True,38.32,397.2,2024-03-01T11:16:30
514,LOT001,LOT001-W03,12,5,copper,M1,0.7258,True,38.32,397.2,2024-03-01T11:17:00
515,LOT001,LOT001-W03,12,6,copper,M3,1.4381,True,38.32,397.2,2024-03-01T11:17:30
516,LOT001,LOT001-W03,12,7,copper,M1,0.769,True,38.32,397.2,2024-03-01T11:18:00
517,LOT001,LOT001-W03,12,8,copper,M3,1.5572,True,38.32,397.2,2024-03-01T11:18:30
518,LOT001,LOT001-W03,12,9,copper,M4,1.8084,True,38.32,397.2,2024-03-01T11:19:00
519,LOT001,LOT001-W03,12,10,copper,M1,0.7962,True,38.32,397.2,2024-03-01T11:19:30
520,LOT001,LOT001-W03,13,1,tungsten,M4,2.2185,True,38.32,397.2,2024-03-01T11:20:00
521,LOT001,LOT001-W03,13,2,tungsten,M3,1.7472,True,38.32,397.2,2024-03-01T11:20:30
522,LOT001,LOT001-W03,13,3,tungsten,M3,1.6557,True,38.32,397.2,2024-03-01T11:21:00
523,LOT001,LOT001-W03,13,4,copper,M4,1.5787,True,38.32,397.2,2024-03-01T11:21:30
524,LOT001,LOT001-W03,13,5,tungsten,M1,1.0419,True,38.32,397.2,2024-03-01T11:22:00
525,LOT001,LOT001-W03,13,6,copper,M2,0.9687,True,38.32,397.2,2024-03-01T11:22:30
526,LOT001,LOT001-W03,13,7,tungsten,M4,2.3188,True,38.32,397.2,2024-03-01T11:23:00
527,LOT001,LOT001-W03,13,8,copper,M2,1.0836,True,38.32,397.2,2024-03-01T11:23:30
528,LOT001,LOT001-W03,13,9,tungsten,M3,1.8214,True,38.32,397.2,2024-03-01T11:24:00
529,LOT001,LOT001-W03,13,10,tungsten,M4,2.0447,True,38.32,397.2,2024-03-01T11:24:30
530,LOT001,LOT001-W03,14,1,copper,M4,1.7384,False,38.32,397.2,2024-03-01T11:25:00
531,LOT001,LOT001-W03,14,2,tungsten,M2,1.4969,True,38.32,397.2,2024-03-01T11:25:30
532,LOT001,LOT001-W03,14,3,copper,M3,1.2746,True,38.32,397.2,2024-03-01T11:26:00
533,LOT001,LOT001-W03,14,4,copper,M1,0.8769,True,38.32,397.2,2024-03-01T11:26:30
534,LOT001,LOT001-W03,14,5,copper,M1,0.8583,True,38.32,397.2,2024-03-01T11:27:00
535,LOT001,LOT001-W03,14,6,tungsten,M3,1.8299,True,38.32,397.2,2024-03-01T11:27:30
536,LOT001,LOT001-W03,14,7,copper,M4,1.7381,True,38.32,397.2,2024-03-01T11:28:00
537,LOT001,LOT001-W03,14,8,copper,M4,1.6371,True,38.32,397.2,2024-03-01T11:28:30
538,LOT001,LOT001-W03,14,9,tungsten,M2,1.4338,True,38.32,397.2,2024-03-01T11:29:00
539,LOT001,LOT001-W03,14,10,tungsten,M1,1.0249,True,38.32,397.2,2024-03-01T11:29:30
540,LOT001,LOT001-W03,15,1,copper,M3,1.3665,True,38.32,397.2,2024-03-01T11:30:00
541,LOT001,LOT001-W03,15,2,copper,M3,1.4103,True,38.32,397.2,2024-03-01T11:30:30
542,LOT001,LOT001-W03,15,3,copper,M1,0.8298,True,38.32,397.2,2024-03-01T11:31:00
543,LOT001,LOT001-W03,15,4,tungsten,M1,1.0504,True,38.32,397.2,2024-03-01T11:31:30
544,LOT001,LOT001-W03,15,5,tungsten,M3,1.8621,True,38.32,397.2,2024-03-01T11:32:00
545,LOT001,LOT001-W03,15,6,tungsten,M3,1.859,True,38.32,397.2,2024-03-01T11:32:30
546,LOT001,LOT001-W03,15,7,copper,M1,0.7929,True,38.32,397.2,2024-03-01T11:33:00
547,LOT001,LOT001-W03,15,8,tungsten,M1,1.0144,True,38.32,397.2,2024-03-01T11:33:30
548,LOT001,LOT001-W03,15,9,copper,M2,1.1656,True,38.32,397.2,2024-03-01T11:34:00
549,LOT001,LOT001-W03,15,10,copper,M3,1.4032,True,38.32,397.2,2024-03-01T11:34:30
550,LOT001,LOT001-W03,16,1,copper,M1,0.8481,True,38.32,397.2,2024-03-01T11:35:00
551,LOT001,LOT001-W03,16,2,tungsten,M2,1.3509,False,38.32,397.2,2024-03-01T11:35:30
552,LOT001,LOT001-W03,16,3,copper,M2,1.1468,True,38.32,397.2,2024-03-01T11:36:00
553,LOT001,LOT001-W03,16,4,copper,M2,1.1537,True,38.32,397.2,2024-03-01T11:36:30
554,LOT001,LOT001-W03,16,5,tungsten,M3,1.9203,True,38.32,397.2,2024-03-01T11:37:00
555,LOT001,LOT001-W03,16,6,copper,M3,1.4496,True,38.32,397.2,2024-03-01T11:37:30
556,LOT001,LOT001-W03,16,7,tungsten,M4,2.1764,True,38.32,397.2,2024-03-01T11:38:00
557,LOT001,LOT001-W03,16,8,copper,M1,0.8426,True,38.32,397.2,2024-03-01T11:38:30
558,LOT001,LOT001-W03,16,9,copper,M3,1.4353,True,38.32,397.2,2024-03-01T11:39:00
559,LOT001,LOT001-W03,16,10,copper,M2,1.1409,True,38.32,397.2,2024-03-01T11:39:30
560,LOT001,LOT001-W03,17,1,tungsten,M1,1.0193,True,38.32,397.2,2024-03-01T11:40:00
561,LOT001,LOT001-W03,17,2,copper,M3,1.306,True,38.32,397.2,2024-03-01T11:40:30
562,LOT001,LOT001-W03,17,3,copper,M1,0.8242,True,38.32,397.2,2024-03-01T11:41:00
563,LOT001,LOT001-W03,17,4,copper,M1,0.8006,True,38.32,397.2,2024-03-01T11:41:30
564,LOT001,LOT001-W03,17,5,copper,M4,1.6565,True,38.32,397.2,2024-03-01T11:42:00
565,LOT001,LOT001-W03,17,6,tungsten,M3,1.8185,True,38.32,397.2,2024-03-01T11:42:30
566,LOT001,LOT001-W03,17,7,tungsten,M4,2.3146,True,38.32,397.2,2024-03-01T11:43:00
567,LOT001,LOT001-W03,17,8,tungsten,M1,0.9887,True,38.32,397.2,2024-03-01T11:43:30
568,LOT001,LOT001-W03,17,9,copper,M1,0.8456,True,38.32,397.2,2024-03-01T11:44:00
569,LOT001,LOT001-W03,17,10,tungsten,M2,1.3918,False,38.32,397.2,2024-03-01T11:44:30
570,LOT001,LOT001-W03,18,1,copper,M4,1.5455,True,38.32,397.2,2024-03-01T11:45:00
571,LOT001,LOT001-W03,18,2,copper,M2,1.1252,True,38.32,397.2,2024-03-01T11:45:30
572,LOT001,LOT001-W03,18,3,copper,M2,1.0866,True,38.32,397.2,2024-03-01T11:46:00
573,LOT001,LOT001-W03,18,4,tungsten,M2,1.5042,True,38.32,397.2,2024-03-01T11:46:30
574,LOT001,LOT001-W03,18,5,tungsten,M1,1.0105,False,38.32,397.2,2024-03-01T11:47:00
575,LOT001,LOT001-W03,18,6,copper,M2,1.038,True,38.32,397.2,2024-03-01T11:47:30
576,LOT001,LOT001-W03,18,7,copper,M4,1.5751,False,38.32,397.2,2024-03-01T11:48:00
577,LOT001,LOT001-W03,18,8,tungsten,M1,0.9414,True,38.32,397.2,2024-03-01T11:48:30
578,LOT001,LOT001-W03,18,9,copper,M3,1.3568,True,38.32,397.2,2024-03-01T11:49:00
579,LOT001,LOT001-W03,18,10,copper,M2,0.9908,True,38.32,397.2,2024-03-01T11:49:30
580,LOT001,LOT001-W03,19,1,tungsten,M3,1.8364,True,38.32,397.2,2024-03-01T11:50:00
581,LOT001,LOT001-W03,19,2,tungsten,M2,1.3995,True,38.32,397.2,2024-03-01T11:50:30
582,LOT001,LOT001-W03,19,3,copper,M1,0.787,True,38.32,397.2,2024-03-01T11:51:00
583,LOT001,LOT001-W03,19,4,tungsten,M2,1.3864,True,38.32,397.2,2024-03-01T11:51:30
584,LOT001,LOT001-W03,19,5,tungsten,M3,1.8658,True,38.32,397.2,2024-03-01T11:52:00
585,LOT001,LOT001-W03,19,6,tungsten,M3,1.809,True,38.32,397.2,2024-03-01T11:52:30
586,LOT001,LOT001-W03,19,7,tungsten,M1,1.1014,True,38.32,397.2,2024-03-01T11:53:00
587,LOT001,LOT001-W03,19,8,tungsten,M2,1.4599,True,38.32,397.2,2024-03-01T11:53:30
588,LOT001,LOT001-W03,19,9,copper,M4,1.7806,True,38.32,397.2,2024-03-01T11:54:00
589,LOT001,LOT001-W03,19,10,copper,M2,1.0734,True,38.32,397.2,2024-03-01T11:54:30
590,LOT001,LOT001-W03,20,1,copper,M1,0.8729,True,38.32,397.2,2024-03-01T11:55:00
591,LOT001,LOT001-W03,20,2,copper,M1,0.7878,True,38.32,397.2,2024-03-01T11:55:30
592,LOT001,LOT001-W03,20,3,tungsten,M3,1.7068,True,38.32,397.2,2024-03-01T11:56:00
593,LOT001,LOT001-W03,20,4,copper,M3,1.3909,True,38.32,397.2,2024-03-01T11:56:30
594,LOT001,LOT001-W03,20,5,copper,M4,1.7938,True,38.32,397.2,2024-03-01T11:57:00
595,LOT001,LOT001-W03,20,6,tungsten,M1,0.9396,True,38.32,397.2,2024-03-01T11:57:30
596,LOT001,LOT001-W03,20,7,tungsten,M3,1.8028,True,38.32,397.2,2024-03-01T11:58:00
597,LOT001,LOT001-W03,20,8,copper,M1,0.7574,True,38.32,397.2,2024-03-01T11:58:30
598,LOT001,LOT001-W03,20,9,copper,M4,1.614,True,38.32,397.2,2024-03-01T11:59:00
599,LOT001,LOT001-W03,20,10,copper,M1,0.7279,True,38.32,397.2,2024-03-01T11:59:30
600,LOT001,LOT001-W04,1,1,copper,M3,1.5171,True,37.93,417.01,2024-03-01T12:00:00
601,LOT001,LOT001-W04,1,2,copper,M3,1.3308,True,37.93,417.01,2024-03-01T12:00:30
602,LOT001,LOT001-W04,1,3,tungsten,M4,2.229,True,37.93,417.01,2024-03-01T12:01:00
603,LOT001,LOT001-W04,1,4,tungsten,M3,1.8635,True,37.93,417.01,2024-03-01T12:01:30
604,LOT001,LOT001-W04,1,5,copper,M2,1.0547,True,37.93,417.01,2024-03-01T12:02:00
605,LOT001,LOT001-W04,1,6,copper,M2,1.0922,True,37.93,417.01,2024-03-01T12:02:30
606,LOT001,LOT001-W04,1,7,tungsten,M1,1.027,True,37.93,417.01,2024-03-01T12:03:00
607,LOT001,LOT001-W04,1,8,copper,M3,1.4281,True,37.93,417.01,2024-03-01T12:03:30
608,LOT001,LOT001-W04,1,9,copper,M4,1.695,True,37.93,417.01,2024-03-01T12:04:00
609,LOT001,LOT001-W04,1,10,copper,M4,1.8534,True,37.93,417.01,2024-03-01T12:04:30
610,LOT001,LOT001-W04,2,1,tungsten,M4,2.0002,True,37.93,417.01,2024-03-01T12:05:00
611,LOT001,LOT001-W04,2,2,tungsten,M4,2.0474,True,37.93,417.01,2024-03-01T12:05:30
612,LOT001,LOT001-W04,2,3,copper,M2,1.0819,True,37.93,417.01,2024-03-01T12:06:00
613,LOT001,LOT001-W04,2,4,tungsten,M3,1.8051,True,37.93,417.01,2024-03-01T12:06:30
614,LOT001,LOT001-W04,2,5,copper,M3,1.4916,True,37.93,417.01,2024-03-01T12:07:00
615,LOT001,LOT001-W04,2,6,tungsten,M4,1.9843,True,37.93,417.01,2024-03-01T12:07:30
616,LOT001,LOT001-W04,2,7,tungsten,M1,0.9408,True,37.93,417.01,2024-03-01T12:08:00
617,LOT001,LOT001-W04,2,8,copper,M1,0.8072,True,37.93,417.01,2024-03-01T12:08:30
618,LOT001,LOT001-W04,2,9,tungsten,M1,1.0524,True,37.93,417.01,2024-03-01T12:09:00
619,LOT001,LOT001-W04,2,10,copper,M1,0.8087,True,37.93,417.01,2024-03-01T12:09:30
620,LOT001,LOT001-W04,3,1,copper,M4,1.6372,True,37.93,417.01,2024-03-01T12:10:00
621,LOT001,LOT001-W04,3,2,copper,M3,1.3591,True,37.93,417.01,2024-03-01T12:10:30
622,LOT001,LOT001-W04,3,3,copper,M2,1.0818,True,37.93,417.01,2024-03-01T12:11:00
623,LOT001,LOT001-W04,3,4,tungsten,M3,1.7589,True,37.93,417.01,2024-03-01T12:11:30
624,LOT001,LOT001-W04,3,5,copper,M4,1.8249,True,37.93,417.01,2024-03-01T12:12:00
625,LOT001,LOT001-W04,3,6,copper,M1,0.7522,True,37.93,417.01,2024-03-01T12:12:30
626,LOT001,LOT001-W04,3,7,tungsten,M4,1.936,True,37.93,417.01,2024-03-01T12:13:00
627,LOT001,LOT001-W04,3,8,tungsten,M2,1.3742,True,37.93,417.01,2024-03-01T12:13:30
628,LOT001,LOT001-W04,3,9,copper,M2,1.1331,True,37.93,417.01,2024-03-01T12:14:00
629,LOT001,LOT001-W04,3,10,copper,M4,1.692,True,37.93,417.01,2024-03-01T12:14:30
630,LOT001,LOT001-W04,4,1,copper,M1,0.7836,True,37.93,417.01,2024-03-01T12:15:00
631,LOT001,LOT001-W04,4,2,copper,M3,1.4057,True,37.93,417.01,2024-03-01T12:15:30
632,LOT001,LOT001-W04,4,3,copper,M4,1.6899,False,37.93,417.01,2024-03-01T12:16:00
633,LOT001,LOT001-W04,4,4,copper,M2,1.1356,True,37.93,417.01,2024-03-01T12:16:30
634,LOT001,LOT001-W04,4,5,copper,M3,1.4155,False,37.93,417.01,2024-03-01T12:17:00
635,LOT001,LOT001-W04,4,6,copper,M4,1.8187,True,37.93,417.01,2024-03-01T12:17:30
636,LOT001,LOT001-W04,4,7,copper,M1,0.8093,True,37.93,417.01,2024-03-01T12:18:00
637,LOT001,LOT001-W04,4,8,tungsten,M1,0.9814,True,37.93,417.01,2024-03-01T12:18:30
638,LOT001,LOT001-W04,4,9,tungsten,M1,0.9851,True,37.93,417.01,2024-03-01T12:19:00
639,LOT001,LOT001-W04,4,10,copper,M4,1.769,True,37.93,417.01,2024-03-01T12:19:30
640,LOT001,LOT001-W04,5,1,tungsten,M1,0.9834,True,37.93,417.01,2024-03-01T12:20:00
641,LOT001,LOT001-W04,5,2,tungsten,M2,1.3028,True,37.93,417.01,2024-03-01T12:20:30
642,LOT001,LOT001-W04,5,3,copper,M3,1.4842,True,37.93,417.01,2024-03-01T12:21:00
643,LOT001,LOT001-W04,5,4,tungsten,M2,1.3849,True,37.93,417.01,2024-03-01T12:21:30
644,LOT001,LOT001-W04,5,5,tungsten,M1,0.9733,True,37.93,417.01,2024-03-01T12:22:00
645,LOT001,LOT001-W04,5,6,copper,M2,1.1648,False,37.93,417.01,2024-03-01T12:22:30
646,LOT001,LOT001-W04,5,7,copper,M2,1.168,True,37.93,417.01,2024-03-01T12:23:00
647,LOT001,LOT001-W04,5,8,copper,M3,1.4983,True,37.93,417.01,2024-03-01T12:23:30
648,LOT001,LOT001-W04,5,9,tungsten,M2,1.5603,True,37.93,417.01,2024-03-01T12:24:00
649,LOT001,LOT001-W04,5,10,copper,M1,0.8382,True,37.93,417.01,2024-03-01T12:24:30
650,LOT001,LOT001-W04,6,1,copper,M4,1.6437,False,37.93,417.01,2024-03-01T12:25:00
651,LOT001,LOT001-W04,6,2,tungsten,M2,1.4466,True,37.93,417.01,2024-03-01T12:25:30
652,LOT001,LOT001-W04,6,3,copper,M1,0.8112,True,37.93,417.01,2024-03-01T12:26:00
653,LOT001,LOT001-W04,6,4,tungsten,M4,2.0088,True,37.93,417.01,2024-03-01T12:26:30
654,LOT001,LOT001-W04,6,5,tungsten,M3,1.7499,True,37.93,417.01,2024-03-01T12:27:00
655,LOT001,LOT001-W04,6,6,copper,M2,1.1004,True,37.93,417.01,2024-03-01T12:27:30
656,LOT001,LOT001-W04,6,7,copper,M4,1.6336,True,37.93,417.01,2024-03-01T12:28:00
657,LOT001,LOT001-W04,6,8,copper,M3,1.4257,False,37.93,417.01,2024-03-01T12:28:30
658,LOT001,LOT001-W04,6,9,tungsten,M3,1.6359,True,37.93,417.01,2024-03-01T12:29:00
659,LOT001,LOT001-W04,6,10,copper,M3,1.3511,True,37.93,417.01,2024-03-01T12:29:30
660,LOT001,LOT001-W04,7,1,copper,M1,0.8022,True,37.93,417.01,2024-03-01T12:30:00
661,LOT001,LOT001-W04,7,2,tungsten,M4,2.0275,True,37.93,417.01,2024-03-01T12:30:30
662,LOT001,LOT001-W04,7,3,tungsten,M2,1.4764,True,37.93,417.01,2024-03-01T12:31:00
663,LOT001,LOT001-W04,7,4,copper,M2,1.115,False,37.93,417.01,2024-03-01T12:31:30
664,LOT001,LOT001-W04,7,5,copper,M4,1.657,True,37.93,417.01,2024-03-01T12:32:00
665,LOT001,LOT001-W04,7,6,tungsten,M3,1.8864,True,37.93,417.01,2024-03-01T12:32:30
666,LOT001,LOT001-W04,7,7,tungsten,M4,1.9237,True,37.93,417.01,2024-03-01T12:33:00
667,LOT001,LOT001-W04,7,8,tungsten,M2,1.3194,False,37.93,417.01,2024-03-01T12:33:30
668,LOT001,LOT001-W04,7,9,copper,M2,1.0964,True,37.93,417.01,2024-03-01T12:34:00
669,LOT001,LOT001-W04,7,10,tungsten,M1,0.8645,True,37.93,417.01,2024-03-01T12:34:30
670,LOT001,LOT001-W04,8,1,tungsten,M4,2.2722,True,37.93,417.01,2024-03-01T12:35:00
671,LOT001,LOT001-W04,8,2,copper,M4,1.6703,True,37.93,417.01,2024-03-01T12:35:30
672,LOT001,LOT001-W04,8,3,copper,M1,0.8405,False,37.93,417.01,2024-03-01T12:36:00
673,LOT001,LOT001-W04,8,4,tungsten,M1,1.069,True,37.93,417.01,2024-03-01T12:36:30
674,LOT001,LOT001-W04,8,5,tungsten,M3,1.8411,False,37.93,417.01,2024-03-01T12:37:00
675,LOT001,LOT001-W04,8,6,tungsten,M2,1.4571,True,37.93,417.01,2024-03-01T12:37:30
676,LOT001,LOT001-W04,8,7,copper,M2,1.1623,True,37.93,417.01,2024-03-01T12:38:00
677,LOT001,LOT001-W04,8,8,copper,M3,1.3816,True,37.93,417.01,2024-03-01T12:38:30
678,LOT001,LOT001-W04,8,9,tungsten,M4,2.0452,True,37.93,417.01,2024-03-01T12:39:00
679,LOT001,LOT001-W04,8,10,tungsten,M4,2.1558,True,37.93,417.01,2024-03-01T12:39:30
680,LOT001,LOT001-W04,9,1,copper,M3,1.3938,True,37.93,417.01,2024-03-01T12:40:00
681,LOT001,LOT001-W04,9,2,tungsten,M1,0.9256,True,37.93,417.01,2024-03-01T12:40:30
682,LOT001,LOT001-W04,9,3,tungsten,M4,2.0709,True,37.93,417.01,2024-03-01T12:41:00
683,LOT001,LOT001-W04,9,4,copper,M2,1.0375,True,37.93,417.01,2024-03-01T12:41:30
684,LOT001,LOT001-W04,9,5,copper,M3,1.2752,True,37.93,417.01,2024-03-01T12:42:00
685,LOT001,LOT001-W04,9,6,tungsten,M1,0.9941,True,37.93,417.01,2024-03-01T12:42:30
686,LOT001,LOT001-W04,9,7,tungsten,M3,1.6959,True,37.93,417.01,2024-03-01T12:43:00
687,LOT001,LOT001-W04,9,8,copper,M2,1.0772,True,37.93,417.01,2024-03-01T12:43:30
688,LOT001,LOT001-W04,9,9,tungsten,M2,1.2606,True,37.93,417.01,2024-03-01T12:44:00
689,LOT001,LOT001-W04,9,10,copper,M4,1.7682,True,37.93,417.01,2024-03-01T12:44:30
690,LOT001,LOT001-W04,10,1,copper,M4,1.687,True,37.93,417.01,2024-03-01T12:45:00
691,LOT001,LOT001-W04,10,2,copper,M1,0.8588,True,37.93,417.01,2024-03-01T12:45:30
692,LOT001,LOT001-W04,10,3,tungsten,M4,1.9751,True,37.93,417.01,2024-03-01T12:46:00
693,LOT001,LOT001-W04,10,4,copper,M1,0.7433,True,37.93,417.01,2024-03-01T12:46:30
694,LOT001,LOT001-W04,10,5,copper,M3,1.3698,True,37.93,417.01,2024-03-01T12:47:00
695,LOT001,LOT001-W04,10,6,tungsten,M1,1.0231,True,37.93,417.01,2024-03-01T12:47:30
696,LOT001,LOT001-W04,10,7,copper,M3,1.5433,True,37.93,417.01,2024-03-01T12:48:00
697,LOT001,LOT001-W04,10,8,copper,M4,1.776,False,37.93,417.01,2024-03-01T12:48:30
698,LOT001,LOT001-W04,10,9,tungsten,M2,1.5012,True,37.93,417.01,2024-03-01T12:49:00
699,LOT001,LOT001-W04,10,10,tungsten,M1,1.0275,False,37.93,417.01,2024-03-01T12:49:30
700,LOT001,LOT001-W04,11,1,copper,M1,0.8105,True,37.93,417.01,2024-03-01T12:50:00
701,LOT001,LOT001-W04,11,2,copper,M3,1.3441,True,37.93,417.01,2024-03-01T12:50:30
702,LOT001,LOT001-W04,11,3,copper,M3,1.4126,True,37.93,417.01,2024-03-01T12:51:00
703,LOT001,LOT001-W04,11,4,copper,M1,0.8197,True,37.93,417.01,2024-03-01T12:51:30
704,LOT001,LOT001-W04,11,5,copper,M2,1.0698,True,37.93,417.01,2024-03-01T12:52:00
705,LOT001,LOT001-W04,11,6,copper,M2,1.0902,True,37.93,417.01,2024-03-01T12:52:30
706,LOT001,LOT001-W04,11,7,copper,M3,1.4498,True,37.93,417.01,2024-03-01T12:53:00
707,LOT001,LOT001-W04,11,8,copper,M1,0.8356,True,37.93,417.01,2024-03-01T12:53:30
708,LOT001,LOT001-W04,11,9,tungsten,M2,1.3396,True,37.93,417.01,2024-03-01T12:54:00
709,LOT001,LOT001-W04,11,10,tungsten,M2,1.3001,True,37.93,417.01,2024-03-01T12:54:30
710,LOT001,LOT001-W04,12,1,copper,M4,1.7161,True,37.93,417.01,2024-03-01T12:55:00
711,LOT001,LOT001-W04,12,2,tungsten,M3,1.755,True,37.93,417.01,2024-03-01T12:55:30
712,LOT001,LOT001-W04,12,3,copper,M4,1.5685,True,37.93,417.01,2024-03-01T12:56:00
713,LOT001,LOT001-W04,12,4,copper,M4,1.7903,True,37.93,417.01,2024-03-01T12:56:30
714,LOT001,LOT001-W04,12,5,copper,M3,1.4376,True,37.93,417.01,2024-03-01T12:57:00
715,LOT001,LOT001-W04,12,6,copper,M1,0.8226,True,37.93,417.01,2024-03-01T12:57:30
716,LOT001,LOT001-W04,12,7,copper,M3,1.4218,True,37.93,417.01,2024-03-01T12:58:00
717,LOT001,LOT001-W04,12,8,copper,M2,1.0999,True,37.93,417.01,2024-03-01T12:58:30
718,LOT001,LOT001-W04,12,9,tungsten,M1,0.9655,True,37.93,417.01,2024-03-01T12:59:00
719,LOT001,LOT001-W04,12,10,tungsten,M1,0.9503,True,37.93,417.01,2024-03-01T12:59:30
720,LOT001,LOT001-W04,13,1,tungsten,M3,1.8949,True,37.93,417.01,2024-03-01T13:00:00
721,LOT001,LOT001-W04,13,2,copper,M2,1.1742,True,37.93,417.01,2024-03-01T13:00:30
722,LOT001,LOT001-W04,13,3,copper,M2,1.096,True,37.93,417.01,2024-03-01T13:01:00
723,LOT001,LOT001-W04,13,4,tungsten,M2,1.339,True,37.93,417.01,2024-03-01T13:01:30
724,LOT001,LOT001-W04,13,5,copper,M1,0.7853,True,37.93,417.01,2024-03-01T13:02:00
725,LOT001,LOT001-W04,13,6,copper,M2,1.1714,True,37.93,417.01,2024-03-01T13:02:30
726,LOT001,LOT001-W04,13,7,tungsten,M3,1.8776,True,37.93,417.01,2024-03-01T13:03:00
727,LOT001,LOT001-W04,13,8,tungsten,M3,1.614,True,37.93,417.01,2024-03-01T13:03:30
728,LOT001,LOT001-W04,13,9,copper,M1,0.7486,False,37.93,417.01,2024-03-01T13:04:00
729,LOT001,LOT001-W04,13,10,copper,M1,0.7967,True,37.93,417.01,2024-03-01T13:04:30
730,LOT001,LOT001-W04,14,1,copper,M2,1.1552,True,37.93,417.01,2024-03-01T13:05:00
731,LOT001,LOT001-W04,14,2,copper,M1,0.8144,True,37.93,417.01,2024-03-01T13:05:30
732,LOT001,LOT001-W04,14,3,tungsten,M2,1.3068,True,37.93,417.01,2024-03-01T13:06:00
733,LOT001,LOT001-W04,14,4,copper,M4,1.605,True,37.93,417.01,2024-03-01T13:06:30
734,LOT001,LOT001-W04,14,5,copper,M4,1.7176,True,37.93,417.01,2024-03-01T13:07:00
735,LOT001,LOT001-W04,14,6,copper,M2,1.1254,True,37.93,417.01,2024-03-01T13:07:30
736,LOT001,LOT001-W04,14,7,tungsten,M2,1.4145,True,37.93,417.01,2024-03-01T13:08:00
737,LOT001,LOT001-W04,14,8,copper,M1,0.7738,True,37.93,417.01,2024-03-01T13:08:30
738,LOT001,LOT001-W04,14,9,copper,M1,0.7561,True,37.93,417.01,2024-03-01T13:09:00
739,LOT001,LOT001-W04,14,10,copper,M2,1.0753,True,37.93,417.01,2024-03-01T13:09:30
740,LOT001,LOT001-W04,15,1,tungsten,M3,1.8807,True,37.93,417.01,2024-03-01T13:10:00
741,LOT001,LOT001-W04,15,2,copper,M3,1.5006,True,37.93,417.01,2024-03-01T13:10:30
742,LOT001,LOT001-W04,15,3,tungsten,M1,0.9441,False,37.93,417.01,2024-03-01T13:11:00
743,LOT001,LOT001-W04,15,4,tungsten,M3,1.9068,True,37.93,417.01,2024-03-01T13:11:30
744,LOT001,LOT001-W04,15,5,copper,M4,1.646,True,37.93,417.01,2024-03-01T13:12:00
745,LOT001,LOT001-W04,15,6,tungsten,M2,1.5088,True,37.93,417.01,2024-03-01T13:12:30
746,LOT001,LOT001-W04,15,7,copper,M1,0.8262,True,37.93,417.01,2024-03-01T13:13:00
747,LOT001,LOT001-W04,15,8,copper,M4,1.6656,True,37.93,417.01,2024-03-01T13:13:30
748,LOT001,LOT001-W04,15,9,tungsten,M1,0.9713,True,37.93,417.01,2024-03-01T13:14:00
749,LOT001,LOT001-W04,15,10,tungsten,M4,2.3238,True,37.93,417.01,2024-03-01T13:14:30
750,LOT001,LOT001-W04,16,1,copper,M2,1.0411,True,37.93,417.01,2024-03-01T13:15:00
751,LOT001,LOT001-W04,16,2,tungsten,M4,2.1415,True,37.93,417.01,2024-03-01T13:15:30
752,LOT001,LOT001-W04,16,3,tungsten,M1,1.0018,True,37.93,417.01,2024-03-01T13:16:00
753,LOT001,LOT001-W04,16,4,copper,M3,1.4824,True,37.93,417.01,2024-03-01T13:16:30
754,LOT001,LOT001-W04,16,5,copper,M3,1.2994,True,37.93,417.01,2024-03-01T13:17:00
755,LOT001,LOT001-W04,16,6,copper,M2,1.069,True,37.93,417.01,2024-03-01T13:17:30
756,LOT001,LOT001-W04,16,7,copper,M4,1.6019,True,37.93,417.01,2024-03-01T13:18:00
757,LOT001,LOT001-W04,16,8,copper,M4,1.6842,True,37.93,417.01,2024-03-01T13:18:30
758,LOT001,LOT001-W04,16,9,copper,M4,1.7356,True,37.93,417.01,2024-03-01T13:19:00
759,LOT001,LOT001-W04,16,10,copper,M4,1.6724,True,37.93,417.01,2024-03-01T13:19:30
760,LOT001,LOT001-W04,17,1,copper,M2,1.1249,True,37.93,417.01,2024-03-01T13:20:00
761,LOT001,LOT001-W04,17,2,copper,M4,1.6375,True,37.93,417.01,2024-03-01T13:20:30
762,LOT001,LOT001-W04,17,3,tungsten,M4,2.1937,True,37.93,417.01,2024-03-01T13:21:00
763,LOT001,LOT001-W04,17,4,copper,M1,0.842,True,37.93,417.01,2024-03-01T13:21:30
764,LOT001,LOT001-W04,17,5,copper,M2,1.1498,True,37.93,417.01,2024-03-01T13:22:00
765,LOT001,LOT001-W04,17,6,copper,M4,1.6229,True,37.93,417.01,2024-03-01T13:22:30
766,LOT001,LOT001-W04,17,7,copper,M2,1.1271,True,37.93,417.01,2024-03-01T13:23:00
767,LOT001,LOT001-W04,17,8,copper,M3,1.3699,True,37.93,417.01,2024-03-01T13:23:30
768,LOT001,LOT001-W04,17,9,tungsten,M2,1.3655,True,37.93,417.01,2024-03-01T13:24:00
769,LOT001,LOT001-W04,17,10,copper,M1,0.7892,True,37.93,417.01,2024-03-01T13:24:30
770,LOT001,LOT001-W04,18,1,tungsten,M1,0.9803,True,37.93,417.01,2024-03-01T13:25:00
771,LOT001,LOT001-W04,18,2,tungsten,M1,0.9705,True,37.93,417.01,2024-03-01T13:25:30
772,LOT001,LOT001-W04,18,3,copper,M1,0.7517,False,37.93,417.01,2024-03-01T13:26:00
773,LOT001,LOT001-W04,18,4,tungsten,M2,1.2749,True,37.93,417.01,2024-03-01T13:26:30
774,LOT001,LOT001-W04,18,5,tungsten,M2,1.3815,True,37.93,417.01,2024-03-01T13:27:00
775,LOT001,LOT001-W04,18,6,tungsten,M3,1.7957,True,37.93,417.01,2024-03-01T13:27:30
776,LOT001,LOT001-W04,18,7,tungsten,M1,0.962,True,37.93,417.01,2024-03-01T13:28:00
777,LOT001,LOT001-W04,18,8,tungsten,M2,1.4294,True,37.93,417.01,2024-03-01T13:28:30
778,LOT001,LOT001-W04,18,9,copper,M3,1.4123,True,37.93,417.01,2024-03-01T13:29:00
779,LOT001,LOT001-W04,18,10,copper,M3,1.4582,True,37.93,417.01,2024-03-01T13:29:30
780,LOT001,LOT001-W04,19,1,copper,M3,1.4653,True,37.93,417.01,2024-03-01T13:30:00
781,LOT001,LOT001-W04,19,2,tungsten,M3,1.5124,True,37.93,417.01,2024-03-01T13:30:30
782,LOT001,LOT001-W04,19,3,copper,M3,1.4278,True,37.93,417.01,2024-03-01T13:31:00
783,LOT001,LOT001-W04,19,4,copper,M2,1.1259,True,37.93,417.01,2024-03-01T13:31:30
784,LOT001,LOT001-W04,19,5,tungsten,M2,1.361,False,37.93,417.01,2024-03-01T13:32:00
785,LOT001,LOT001-W04,19,6,tungsten,M4,2.2,True,37.93,417.01,2024-03-01T13:32:30
786,LOT001,LOT001-W04,19,7,copper,M3,1.3679,True,37.93,417.01,2024-03-01T13:33:00
787,LOT001,LOT001-W04,19,8,tungsten,M3,1.784,True,37.93,417.01,2024-03-01T13:33:30
788,LOT001,LOT001-W04,19,9,copper,M3,1.3294,True,37.93,417.01,2024-03-01T13:34:00
789,LOT001,LOT001-W04,19,10,copper,M3,1.4675,True,37.93,417.01,2024-03-01T13:34:30
790,LOT001,LOT001-W04,20,1,copper,M3,1.4758,True,37.93,417.01,2024-03-01T13:35:00
791,LOT001,LOT001-W04,20,2,tungsten,M2,1.334,True,37.93,417.01,2024-03-01T13:35:30
792,LOT001,LOT001-W04,20,3,tungsten,M3,1.8086,True,37.93,417.01,2024-03-01T13:36:00
793,LOT001,LOT001-W04,20,4,copper,M3,1.4296,True,37.93,417.01,2024-03-01T13:36:30
794,LOT001,LOT001-W04,20,5,copper,M4,1.7094,True,37.93,417.01,2024-03-01T13:37:00
795,LOT001,LOT001-W04,20,6,copper,M3,1.4897,True,37.93,417.01,2024-03-01T13:37:30
796,LOT001,LOT001-W04,20,7,tungsten,M1,1.0617,True,37.93,417.01,2024-03-01T13:38:00
797,LOT001,LOT001-W04,20,8,copper,M2,1.1258,True,37.93,417.01,2024-03-01T13:38:30
798,LOT001,LOT001-W04,20,9,copper,M2,1.1623,True,37.93,417.01,2024-03-01T13:39:00
799,LOT001,LOT001-W04,20,10,copper,M2,1.0923,True,37.93,417.01,2024-03-01T13:39:30
800,LOT001,LOT001-W05,1,1,copper,M4,1.9004,False,37.78,423.18,2024-03-01T13:40:00
801,LOT001,LOT001-W05,1,2,copper,M3,1.4834,True,37.78,423.18,2024-03-01T13:40:30
802,LOT001,LOT001-W05,1,3,copper,M1,0.7333,True,37.78,423.18,2024-03-01T13:41:00
803,LOT001,LOT001-W05,1,4,copper,M3,1.5099,True,37.78,423.18,2024-03-01T13:41:30
804,LOT001,LOT001-W05,1,5,tungsten,M3,1.9083,True,37.78,423.18,2024-03-01T13:42:00
805,LOT001,LOT001-W05,1,6,copper,M3,1.4613,True,37.78,423.18,2024-03-01T13:42:30
806,LOT001,LOT001-W05,1,7,copper,M3,1.3089,True,37.78,423.18,2024-03-01T13:43:00
807,LOT001,LOT001-W05,1,8,copper,M3,1.3792,True,37.78,423.18,2024-03-01T13:43:30
808,LOT001,LOT001-W05,1,9,tungsten,M2,1.5961,True,37.78,423.18,2024-03-01T13:44:00
809,LOT001,LOT001-W05,1,10,copper,M4,1.6101,True,37.78,423.18,2024-03-01T13:44:30
810,LOT001,LOT001-W05,2,1,copper,M3,1.3783,True,37.78,423.18,2024-03-01T13:45:00
811,LOT001,LOT001-W05,2,2,copper,M1,0.7886,True,37.78,423.18,2024-03-01T13:45:30
812,LOT001,LOT001-W05,2,3,copper,M1,0.6695,True,37.78,423.18,2024-03-01T13:46:00
813,LOT001,LOT001-W05,2,4,tungsten,M1,0.9987,True,37.78,423.18,2024-03-01T13:46:30
814,LOT001,LOT001-W05,2,5,copper,M4,1.58,True,37.78,423.18,2024-03-01T13:47:00
815,LOT001,LOT001-W05,2,6,tungsten,M3,1.9732,True,37.78,423.18,2024-03-01T13:47:30
816,LOT001,LOT001-W05,2,7,copper,M3,1.3713,True,37.78,423.18,2024-03-01T13:48:00
817,LOT001,LOT001-W05,2,8,copper,M3,1.3356,True,37.78,423.18,2024-03-01T13:48:30
818,LOT001,LOT001-W05,2,9,copper,M4,1.5967,True,37.78,423.18,2024-03-01T13:49:00
819,LOT001,LOT001-W05,2,10,copper,M3,1.3706,True,37.78,423.18,2024-03-01T13:49:30
820,LOT001,LOT001-W05,3,1,tungsten,M3,2.0349,True,37.78,423.18,2024-03-01T13:50:00
821,LOT001,LOT001-W05,3,2,copper,M4,1.7005,True,37.78,423.18,2024-03-01T13:50:30
822,LOT001,LOT001-W05,3,3,copper,M3,1.3885,True,37.78,423.18,2024-03-01T13:51:00
823,LOT001,LOT001-W05,3,4,tungsten,M1,1.0625,True,37.78,423.18,2024-03-01T13:51:30
824,LOT001,LOT001-W05,3,5,copper,M4,1.698,False,37.78,423.18,2024-03-01T13:52:00
825,LOT001,LOT001-W05,3,6,copper,M2,1.0912,True,37.78,423.18,2024-03-01T13:52:30
826,LOT001,LOT001-W05,3,7,copper,M1,0.8488,True,37.78,423.18,2024-03-01T13:53:00
827,LOT001,LOT001-W05,3,8,tungsten,M3,1.9178,True,37.78,423.18,2024-03-01T13:53:30
828,LOT001,LOT001-W05,3,9,tungsten,M1,1.0286,True,37.78,423.18,2024-03-01T13:54:00
829,LOT001,LOT001-W05,3,10,tungsten,M2,1.3941,True,37.78,423.18,2024-03-01T13:54:30
830,LOT001,LOT001-W05,4,1,tungsten,M4,2.3155,True,37.78,423.18,2024-03-01T13:55:00
831,LOT001,LOT001-W05,4,2,tungsten,M4,2.0053,True,37.78,423.18,2024-03-01T13:55:30
832,LOT001,LOT001-W05,4,3,copper,M3,1.3206,True,37.78,423.18,2024-03-01T13:56:00
833,LOT001,LOT001-W05,4,4,tungsten,M3,1.8396,True,37.78,423.18,2024-03-01T13:56:30
834,LOT001,LOT001-W05,4,5,tungsten,M4,2.1335,True,37.78,423.18,2024-03-01T13:57:00
835,LOT001,LOT001-W05,4,6,copper,M4,1.618,True,37.78,423.18,2024-03-01T13:57:30
836,LOT001,LOT001-W05,4,7,copper,M1,0.7492,True,37.78,423.18,2024-03-01T13:58:00
837,LOT001,LOT001-W05,4,8,tungsten,M4,1.9801,True,37.78,423.18,2024-03-01T13:58:30
838,LOT001,LOT001-W05,4,9,tungsten,M3,1.8533,True,37.78,423.18,2024-03-01T13:59:00
839,LOT001,LOT001-W05,4,10,tungsten,M3,1.857,True,37.78,423.18,2024-03-01T13:59:30
840,LOT001,LOT001-W05,5,1,tungsten,M1,0.9477,True,37.78,423.18,2024-03-01T14:00:00
841,LOT001,LOT001-W05,5,2,copper,M3,1.4245,True,37.78,423.18,2024-03-01T14:00:30
842,LOT001,LOT001-W05,5,3,copper,M4,1.6218,True,37.78,423.18,2024-03-01T14:01:00
843,LOT001,LOT001-W05,5,4,tungsten,M4,2.0678,True,37.78,423.18,2024-03-01T14:01:30
844,LOT001,LOT001-W05,5,5,tungsten,M1,1.0003,True,37.78,423.18,2024-03-01T14:02:00
845,LOT001,LOT001-W05,5,6,tungsten,M1,1.0241,True,37.78,423.18,2024-03-01T14:02:30
846,LOT001,LOT001-W05,5,7,tungsten,M3,1.864,True,37.78,423.18,2024-03-01T14:03:00
847,LOT001,LOT001-W05,5,8,tungsten,M4,2.1415,True,37.78,423.18,2024-03-01T14:03:30
848,LOT001,LOT001-W05,5,9,copper,M3,1.3628,True,37.78,423.18,2024-03-01T14:04:00
849,LOT001,LOT001-W05,5,10,copper,M4,1.4963,True,37.78,423.18,2024-03-01T14:04:30
850,LOT001,LOT001-W05,6,1,copper,M1,0.7434,True,37.78,423.18,2024-03-01T14:05:00
851,LOT001,LOT001-W05,6,2,copper,M4,1.8426,True,37.78,423.18,2024-03-01T14:05:30
852,LOT001,LOT001-W05,6,3,copper,M3,1.2696,True,37.78,423.18,2024-03-01T14:06:00
853,LOT001,LOT001-W05,6,4,copper,M3,1.3428,True,37.78,423.18,2024-03-01T14:06:30
854,LOT001,LOT001-W05,6,5,tungsten,M1,1.0753,True,37.78,423.18,2024-03-01T14:07:00
855,LOT001,LOT001-W05,6,6,copper,M3,1.3385,True,37.78,423.18,2024-03-01T14:07:30
856,LOT001,LOT001-W05,6,7,copper,M1,0.7553,True,37.78,423.18,2024-03-01T14:08:00
857,LOT001,LOT001-W05,6,8,copper,M3,1.3538,True,37.78,423.18,2024-03-01T14:08:30
858,LOT001,LOT001-W05,6,9,copper,M1,0.7693,True,37.78,423.18,2024-03-01T14:09:00
859,LOT001,LOT001-W05,6,10,tungsten,M3,1.8022,True,37.78,423.18,2024-03-01T14:09:30
860,LOT001,LOT001-W05,7,1,tungsten,M4,2.1266,True,37.78,423.18,2024-03-01T14:10:00
861,LOT001,LOT001-W05,7,2,tungsten,M1,1.01,True,37.78,423.18,2024-03-01T14:10:30
862,LOT001,LOT001-W05,7,3,copper,M3,1.4271,True,37.78,423.18,2024-03-01T14:11:00
863,LOT001,LOT001-W05,7,4,tungsten,M1,1.0034,True,37.78,423.18,2024-03-01T14:11:30
864,LOT001,LOT001-W05,7,5,tungsten,M1,0.9284,True,37.78,423.18,2024-03-01T14:12:00
865,LOT001,LOT001-W05,7,6,tungsten,M1,1.0986,True,37.78,423.18,2024-03-01T14:12:30
866,LOT001,LOT001-W05,7,7,copper,M4,1.763,True,37.78,423.18,2024-03-01T14:13:00
867,LOT001,LOT001-W05,7,8,tungsten,M4,2.1858,True,37.78,423.18,2024-03-01T14:13:30
868,LOT001,LOT001-W05,7,9,copper,M1,0.7729,True,37.78,423.18,2024-03-01T14:14:00
869,LOT001,LOT001-W05,7,10,tungsten,M2,1.4621,True,37.78,423.18,2024-03-01T14:14:30
870,LOT001,LOT001-W05,8,1,tungsten,M3,1.8818,True,37.78,423.18,2024-03-01T14:15:00
871,LOT001,LOT001-W05,8,2,tungsten,M1,1.0677,True,37.78,423.18,2024-03-01T14:15:30
872,LOT001,LOT001-W05,8,3,tungsten,M1,1.0511,True,37.78,423.18,2024-03-01T14:16:00
873,LOT001,LOT001-W05,8,4,copper,M3,1.5875,True,37.78,423.18,2024-03-01T14:16:30
874,LOT001,LOT001-W05,8,5,tungsten,M4,2.0762,True,37.78,423.18,2024-03-01T14:17:00
875,LOT001,LOT001-W05,8,6,copper,M1,0.7615,True,37.78,423.18,2024-03-01T14:17:30
876,LOT001,LOT001-W05,8,7,copper,M1,0.8649,True,37.78,423.18,2024-03-01T14:18:00
877,LOT001,LOT001-W05,8,8,tungsten,M3,1.8091,True,37.78,423.18,2024-03-01T14:18:30
878,LOT001,LOT001-W05,8,9,copper,M4,1.5464,True,37.78,423.18,2024-03-01T14:19:00
879,LOT001,LOT001-W05,8,10,copper,M3,1.5063,True,37.78,423.18,2024-03-01T14:19:30
880,LOT001,LOT001-W05,9,1,copper,M4,1.7352,True,37.78,423.18,2024-03-01T14:20:00
881,LOT001,LOT001-W05,9,2,tungsten,M4,2.381,True,37.78,423.18,2024-03-01T14:20:30
882,LOT001,LOT001-W05,9,3,copper,M3,1.3854,True,37.78,423.18,2024-03-01T14:21:00
883,LOT001,LOT001-W05,9,4,tungsten,M4,2.2414,True,37.78,423.18,2024-03-01T14:21:30
884,LOT001,LOT001-W05,9,5,tungsten,M3,1.8279,True,37.78,423.18,2024-03-01T14:22:00
885,LOT001,LOT001-W05,9,6,tungsten,M1,0.9734,True,37.78,423.18,2024-03-01T14:22:30
886,LOT001,LOT001-W05,9,7,tungsten,M2,1.4439,True,37.78,423.18,2024-03-01T14:23:00
887,LOT001,LOT001-W05,9,8,copper,M2,1.0519,True,37.78,423.18,2024-03-01T14:23:30
888,LOT001,LOT001-W05,9,9,copper,M1,0.7608,True,37.78,423.18,2024-03-01T14:24:00
889,LOT001,LOT001-W05,9,10,copper,M1,0.7642,True,37.78,423.18,2024-03-01T14:24:30
890,LOT001,LOT001-W05,10,1,tungsten,M2,1.4596,True,37.78,423.18,2024-03-01T14:25:00
891,LOT001,LOT001-W05,10,2,copper,M4,1.6029,True,37.78,423.18,2024-03-01T14:25:30
892,LOT001,LOT001-W05,10,3,copper,M4,1.7451,True,37.78,423.18,2024-03-01T14:26:00
893,LOT001,LOT001-W05,10,4,tungsten,M2,1.3867,True,37.78,423.18,2024-03-01T14:26:30
894,LOT001,LOT001-W05,10,5,tungsten,M3,1.8314,True,37.78,423.18,2024-03-01T14:27:00
895,LOT001,LOT001-W05,10,6,copper,M3,1.4917,True,37.78,423.18,2024-03-01T14:27:30
896,LOT001,LOT001-W05,10,7,copper,M2,1.1329,False,37.78,423.18,2024-03-01T14:28:00
897,LOT001,LOT001-W05,10,8,tungsten,M4,2.2092,True,37.78,423.18,2024-03-01T14:28:30
898,LOT001,LOT001-W05,10,9,tungsten,M1,1.1188,True,37.78,423.18,2024-03-01T14:29:00
899,LOT001,LOT001-W05,10,10,copper,M1,0.7926,True,37.78,423.18,2024-03-01T14:29:30
900,LOT001,LOT001-W05,11,1,copper,M1,0.734,True,37.78,423.18,2024-03-01T14:30:00
901,LOT001,LOT001-W05,11,2,tungsten,M3,1.8724,True,37.78,423.18,2024-03-01T14:30:30
902,LOT001,LOT001-W05,11,3,copper,M2,1.0853,True,37.78,423.18,2024-03-01T14:31:00
903,LOT001,LOT001-W05,11,4,copper,M1,0.903,True,37.78,423.18,2024-03-01T14:31:30
904,LOT001,LOT001-W05,11,5,copper,M2,1.0664,True,37.78,423.18,2024-03-01T14:32:00
905,LOT001,LOT001-W05,11,6,copper,M4,1.6644,True,37.78,423.18,2024-03-01T14:32:30
906,LOT001,LOT001-W05,11,7,copper,M3,1.3329,True,37.78,423.18,2024-03-01T14:33:00
907,LOT001,LOT001-W05,11,8,copper,M4,1.762,False,37.78,423.18,2024-03-01T14:33:30
908,LOT001,LOT001-W05,11,9,tungsten,M2,1.4522,True,37.78,423.18,2024-03-01T14:34:00
909,LOT001,LOT001-W05,11,10,tungsten,M4,2.1407,True,37.78,423.18,2024-03-01T14:34:30
910,LOT001,LOT001-W05,12,1,tungsten,M4,2.0554,True,37.78,423.18,2024-03-01T14:35:00
911,LOT001,LOT001-W05,12,2,copper,M3,1.3145,True,37.78,423.18,2024-03-01T14:35:30
912,LOT001,LOT001-W05,12,3,copper,M2,1.1513,True,37.78,423.18,2024-03-01T14:36:00
913,LOT001,LOT001-W05,12,4,tungsten,M2,1.4422,True,37.78,423.18,2024-03-01T14:36:30
914,LOT001,LOT001-W05,12,5,copper,M1,0.7577,True,37.78,423.18,2024-03-01T14:37:00
915,LOT001,LOT001-W05,12,6,tungsten,M1,1.009,True,37.78,423.18,2024-03-01T14:37:30
916,LOT001,LOT001-W05,12,7,copper,M3,1.4071,True,37.78,423.18,2024-03-01T14:38:00
917,LOT001,LOT001-W05,12,8,copper,M3,1.3597,True,37.78,423.18,2024-03-01T14:38:30
918,LOT001,LOT001-W05,12,9,copper,M4,1.7543,True,37.78,423.18,2024-03-01T14:39:00
919,LOT001,LOT001-W05,12,10,copper,M4,1.6933,True,37.78,423.18,2024-03-01T14:39:30
920,LOT001,LOT001-W05,13,1,tungsten,M4,2.024,False,37.78,423.18,2024-03-01T14:40:00
921,LOT001,LOT001-W05,13,2,tungsten,M3,1.7647,True,37.78,423.18,2024-03-01T14:40:30
922,LOT001,LOT001-W05,13,3,copper,M3,1.3877,True,37.78,423.18,2024-03-01T14:41:00
923,LOT001,LOT001-W05,13,4,tungsten,M4,2.2344,True,37.78,423.18,2024-03-01T14:41:30
924,LOT001,LOT001-W05,13,5,tungsten,M2,1.391,True,37.78,423.18,2024-03-01T14:42:00
925,LOT001,LOT001-W05,13,6,tungsten,M2,1.4002,True,37.78,423.18,2024-03-01T14:42:30
926,LOT001,LOT001-W05,13,7,copper,M1,0.841,True,37.78,423.18,2024-03-01T14:43:00
927,LOT001,LOT001-W05,13,8,copper,M3,1.3675,True,37.78,423.18,2024-03-01T14:43:30
928,LOT001,LOT001-W05,13,9,copper,M1,0.9081,True,37.78,423.18,2024-03-01T14:44:00
929,LOT001,LOT001-W05,13,10,tungsten,M3,1.9102,True,37.78,423.18,2024-03-01T14:44:30
930,LOT001,LOT001-W05,14,1,tungsten,M3,1.8199,True,37.78,423.18,2024-03-01T14:45:00
931,LOT001,LOT001-W05,14,2,copper,M3,1.3872,True,37.78,423.18,2024-03-01T14:45:30
932,LOT001,LOT001-W05,14,3,tungsten,M2,1.3567,True,37.78,423.18,2024-03-01T14:46:00
933,LOT001,LOT001-W05,14,4,tungsten,M1,0.9713,False,37.78,423.18,2024-03-01T14:46:30
934,LOT001,LOT001-W05,14,5,tungsten,M1,1.0779,True,37.78,423.18,2024-03-01T14:47:00
935,LOT001,LOT001-W05,14,6,tungsten,M1,1.008,True,37.78,423.18,2024-03-01T14:47:30
936,LOT001,LOT001-W05,14,7,copper,M2,1.1353,True,37.78,423.18,2024-03-01T14:48:00
937,LOT001,LOT001-W05,14,8,copper,M3,1.4935,True,37.78,423.18,2024-03-01T14:48:30
938,LOT001,LOT001-W05,14,9,copper,M4,1.764,True,37.78,423.18,2024-03-01T14:49:00
939,LOT001,LOT001-W05,14,10,copper,M2,1.1056,True,37.78,423.18,2024-03-01T14:49:30
940,LOT001,LOT001-W05,15,1,copper,M2,1.1031,True,37.78,423.18,2024-03-01T14:50:00
941,LOT001,LOT001-W05,15,2,copper,M4,1.64,False,37.78,423.18,2024-03-01T14:50:30
942,LOT001,LOT001-W05,15,3,tungsten,M1,1.0114,True,37.78,423.18,2024-03-01T14:51:00
943,LOT001,LOT001-W05,15,4,tungsten,M4,2.1203,True,37.78,423.18,2024-03-01T14:51:30
944,LOT001,LOT001-W05,15,5,tungsten,M2,1.4416,True,37.78,423.18,2024-03-01T14:52:00
945,LOT001,LOT001-W05,15,6,tungsten,M4,2.1781,True,37.78,423.18,2024-03-01T14:52:30
946,LOT001,LOT001-W05,15,7,copper,M1,0.8445,True,37.78,423.18,2024-03-01T14:53:00
947,LOT001,LOT001-W05,15,8,copper,M4,1.6856,True,37.78,423.18,2024-03-01T14:53:30
948,LOT001,LOT001-W05,15,9,copper,M2,1.1429,True,37.78,423.18,2024-03-01T14:54:00
949,LOT001,LOT001-W05,15,10,copper,M3,1.5362,True,37.78,423.18,2024-03-01T14:54:30
950,LOT001,LOT001-W05,16,1,tungsten,M3,1.7326,True,37.78,423.18,2024-03-01T14:55:00
951,LOT001,LOT001-W05,16,2,tungsten,M4,2.189,True,37.78,423.18,2024-03-01T14:55:30
952,LOT001,LOT001-W05,16,3,copper,M1,0.7961,True,37.78,423.18,2024-03-01T14:56:00
953,LOT001,LOT001-W05,16,4,tungsten,M2,1.4578,True,37.78,423.18,2024-03-01T14:56:30
954,LOT001,LOT001-W05,16,5,tungsten,M1,1.0684,True,37.78,423.18,2024-03-01T14:57:00
955,LOT001,LOT001-W05,16,6,copper,M3,1.4002,True,37.78,423.18,2024-03-01T14:57:30
956,LOT001,LOT001-W05,16,7,tungsten,M3,1.7868,True,37.78,423.18,2024-03-01T14:58:00
957,LOT001,LOT001-W05,16,8,tungsten,M1,1.0582,False,37.78,423.18,2024-03-01T14:58:30
958,LOT001,LOT001-W05,16,9,copper,M4,1.6518,True,37.78,423.18,2024-03-01T14:59:00
959,LOT001,LOT001-W05,16,10,copper,M3,1.3209,True,37.78,423.18,2024-03-01T14:59:30
960,LOT001,LOT001-W05,17,1,copper,M4,1.5831,True,37.78,423.18,2024-03-01T15:00:00
961,LOT001,LOT001-W05,17,2,copper,M2,1.1891,True,37.78,423.18,2024-03-01T15:00:30
962,LOT001,LOT001-W05,17,3,tungsten,M3,1.9236,True,37.78,423.18,2024-03-01T15:01:00
963,LOT001,LOT001-W05,17,4,tungsten,M4,1.9217,True,37.78,423.18,2024-03-01T15:01:30
964,LOT001,LOT001-W05,17,5,tungsten,M1,1.0149,True,37.78,423.18,2024-03-01T15:02:00
965,LOT001,LOT001-W05,17,6,tungsten,M3,1.8691,True,37.78,423.18,2024-03-01T15:02:30
966,LOT001,LOT001-W05,17,7,copper,M3,1.3617,True,37.78,423.18,2024-03-01T15:03:00
967,LOT001,LOT001-W05,17,8,tungsten,M4,2.2669,True,37.78,423.18,2024-03-01T15:03:30
968,LOT001,LOT001-W05,17,9,copper,M1,0.7548,True,37.78,423.18,2024-03-01T15:04:00
969,LOT001,LOT001-W05,17,10,tungsten,M3,2.1181,True,37.78,423.18,2024-03-01T15:04:30
970,LOT001,LOT001-W05,18,1,copper,M3,1.4297,True,37.78,423.18,2024-03-01T15:05:00
971,LOT001,LOT001-W05,18,2,tungsten,M4,2.3106,True,37.78,423.18,2024-03-01T15:05:30
972,LOT001,LOT001-W05,18,3,tungsten,M4,2.1693,True,37.78,423.18,2024-03-01T15:06:00
973,LOT001,LOT001-W05,18,4,copper,M2,1.0061,True,37.78,423.18,2024-03-01T15:06:30
974,LOT001,LOT001-W05,18,5,copper,M1,0.788,True,37.78,423.18,2024-03-01T15:07:00
975,LOT001,LOT001-W05,18,6,tungsten,M3,1.9511,True,37.78,423.18,2024-03-01T15:07:30
976,LOT001,LOT001-W05,18,7,copper,M1,0.7765,True,37.78,423.18,2024-03-01T15:08:00
977,LOT001,LOT001-W05,18,8,tungsten,M1,1.0796,True,37.78,423.18,2024-03-01T15:08:30
978,LOT001,LOT001-W05,18,9,tungsten,M1,1.0053,True,37.78,423.18,2024-03-01T15:09:00
979,LOT001,LOT001-W05,18,10,copper,M1,0.7987,True,37.78,423.18,2024-03-01T15:09:30
980,LOT001,LOT001-W05,19,1,copper,M2,1.1196,True,37.78,423.18,2024-03-01T15:10:00
981,LOT001,LOT001-W05,19,2,copper,M3,1.3765,True,37.78,423.18,2024-03-01T15:10:30
982,LOT001,LOT001-W05,19,3,tungsten,M4,2.0371,True,37.78,423.18,2024-03-01T15:11:00
983,LOT001,LOT001-W05,19,4,copper,M1,0.8336,True,37.78,423.18,2024-03-01T15:11:30
984,LOT001,LOT001-W05,19,5,copper,M3,1.4322,False,37.78,423.18,2024-03-01T15:12:00
985,LOT001,LOT001-W05,19,6,tungsten,M4,2.0805,True,37.78,423.18,2024-03-01T15:12:30
986,LOT001,LOT001-W05,19,7,copper,M3,1.3624,True,37.78,423.18,2024-03-01T15:13:00
987,LOT001,LOT001-W05,19,8,copper,M1,0.8492,True,37.78,423.18,2024-03-01T15:13:30
988,LOT001,LOT001-W05,19,9,copper,M2,1.0539,True,37.78,423.18,2024-03-01T15:14:00
989,LOT001,LOT001-W05,19,10,copper,M4,1.7035,False,37.78,423.18,2024-03-01T15:14:30
990,LOT001,LOT001-W05,20,1,copper,M2,1.2554,True,37.78,423.18,2024-03-01T15:15:00
991,LOT001,LOT001-W05,20,2,copper,M3,1.4678,True,37.78,423.18,2024-03-01T15:15:30
992,LOT001,LOT001-W05,20,3,tungsten,M4,2.0407,True,37.78,423.18,2024-03-01T15:16:00
993,LOT001,LOT001-W05,20,4,tungsten,M1,1.0769,True,37.78,423.18,2024-03-01T15:16:30
994,LOT001,LOT001-W05,20,5,copper,M1,0.7999,True,37.78,423.18,2024-03-01T15:17:00
995,LOT001,LOT001-W05,20,6,tungsten,M1,1.1078,True,37.78,423.18,2024-03-01T15:17:30
996,LOT001,LOT001-W05,20,7,tungsten,M3,1.7466,True,37.78,423.18,2024-03-01T15:18:00
997,LOT001,LOT001-W05,20,8,tungsten,M4,2.3492,True,37.78,423.18,2024-03-01T15:18:30
998,LOT001,LOT001-W05,20,9,copper,M2,1.1568,True,37.78,423.18,2024-03-01T15:19:00
999,LOT001,LOT001-W05,20,10,copper,M1,0.8441,True,37.78,423.18,2024-03-01T15:19:30
1000,LOT002,LOT002-W01,1,1,copper,M2,1.0838,True,38.14,407.68,2024-03-01T15:20:00
1001,LOT002,LOT002-W01,1,2,copper,M2,0.9964,True,38.14,407.68,2024-03-01T15:20:30
1002,LOT002,LOT002-W01,1,3,tungsten,M1,0.9763,True,38.14,407.68,2024-03-01T15:21:00
1003,LOT002,LOT002-W01,1,4,copper,M1,0.8097,True,38.14,407.68,2024-03-01T15:21:30
1004,LOT002,LOT002-W01,1,5,copper,M1,0.7344,True,38.14,407.68,2024-03-01T15:22:00
1005,LOT002,LOT002-W01,1,6,copper,M3,1.3852,True,38.14,407.68,2024-03-01T15:22:30
1006,LOT002,LOT002-W01,1,7,copper,M4,1.8603,True,38.14,407.68,2024-03-01T15:23:00
1007,LOT002,LOT002-W01,1,8,tungsten,M4,2.1207,True,38.14,407.68,2024-03-01T15:23:30
1008,LOT002,LOT002-W01,1,9,tungsten,M1,1.0221,True,38.14,407.68,2024-03-01T15:24:00
1009,LOT002,LOT002-W01,1,10,copper,M4,1.5481,True,38.14,407.68,2024-03-01T15:24:30
1010,LOT002,LOT002-W01,2,1,copper,M4,1.7493,True,38.14,407.68,2024-03-01T15:25:00
1011,LOT002,LOT002-W01,2,2,copper,M3,1.3128,True,38.14,407.68,2024-03-01T15:25:30
1012,LOT002,LOT002-W01,2,3,tungsten,M3,1.8348,True,38.14,407.68,2024-03-01T15:26:00
1013,LOT002,LOT002-W01,2,4,tungsten,M4,2.1366,True,38.14,407.68,2024-03-01T15:26:30
1014,LOT002,LOT002-W01,2,5,tungsten,M3,1.8805,False,38.14,407.68,2024-03-01T15:27:00
1015,LOT002,LOT002-W01,2,6,copper,M2,1.0174,True,38.14,407.68,2024-03-01T15:27:30
1016,LOT002,LOT002-W01,2,7,tungsten,M3,1.8504,True,38.14,407.68,2024-03-01T15:28:00
1017,LOT002,LOT002-W01,2,8,copper,M3,1.3992,False,38.14,407.68,2024-03-01T15:28:30
1018,LOT002,LOT002-W01,2,9,copper,M3,1.3692,True,38.14,407.68,2024-03-01T15:29:00
1019,LOT002,LOT002-W01,2,10,copper,M1,0.8036,True,38.14,407.68,2024-03-01T15:29:30
1020,LOT002,LOT002-W01,3,1,tungsten,M3,1.6789,True,38.14,407.68,2024-03-01T15:30:00
1021,LOT002,LOT002-W01,3,2,copper,M2,1.0787,True,38.14,407.68,2024-03-01T15:30:30
1022,LOT002,LOT002-W01,3,3,copper,M3,1.3685,True,38.14,407.68,2024-03-01T15:31:00
1023,LOT002,LOT002-W01,3,4,copper,M4,1.5809,True,38.14,407.68,2024-03-01T15:31:30
1024,LOT002,LOT002-W01,3,5,tungsten,M3,1.8066,True,38.14,407.68,2024-03-01T15:32:00
1025,LOT002,LOT002-W01,3,6,copper,M4,1.6786,True,38.14,407.68,2024-03-01T15:32:30
1026,LOT002,LOT002-W01,3,7,copper,M3,1.3513,True,38.14,407.68,2024-03-01T15:33:00
1027,LOT002,LOT002-W01,3,8,tungsten,M3,1.7831,True,38.14,407.68,2024-03-01T15:33:30
1028,LOT002,LOT002-W01,3,9,tungsten,M1,1.0174,True,38.14,407.68,2024-03-01T15:34:00
1029,LOT002,LOT002-W01,3,10,tungsten,M4,2.1592,True,38.14,407.68,2024-03-01T15:34:30
1030,LOT002,LOT002-W01,4,1,tungsten,M1,0.9173,True,38.14,407.68,2024-03-01T15:35:00
1031,LOT002,LOT002-W01,4,2,tungsten,M1,1.0107,True,38.14,407.68,2024-03-01T15:35:30
1032,LOT002,LOT002-W01,4,3,copper,M4,1.7069,False,38.14,407.68,2024-03-01T15:36:00
1033,LOT002,LOT002-W01,4,4,tungsten,M4,2.1123,True,38.14,407.68,2024-03-01T15:36:30
1034,LOT002,LOT002-W01,4,5,copper,M4,1.7349,True,38.14,407.68,2024-03-01T15:37:00
1035,LOT002,LOT002-W01,4,6,tungsten,M4,2.1243,True,38.14,407.68,2024-03-01T15:37:30
1036,LOT002,LOT002-W01,4,7,tungsten,M2,1.4578,True,38.14,407.68,2024-03-01T15:38:00
1037,LOT002,LOT002-W01,4,8,copper,M2,0.9865,True,38.14,407.68,2024-03-01T15:38:30
1038,LOT002,LOT002-W01,4,9,tungsten,M2,1.544,False,38.14,407.68,2024-03-01T15:39:00
1039,LOT002,LOT002-W01,4,10,copper,M2,1.0878,True,38.14,407.68,2024-03-01T15:39:30
1040,LOT002,LOT002-W01,5,1,copper,M2,1.0685,True,38.14,407.68,2024-03-01T15:40:00
1041,LOT002,LOT002-W01,5,2,tungsten,M1,0.9625,True,38.14,407.68,2024-03-01T15:40:30
1042,LOT002,LOT002-W01,5,3,copper,M1,0.775,False,38.14,407.68,2024-03-01T15:41:00
1043,LOT002,LOT002-W01,5,4,copper,M4,1.8667,True,38.14,407.68,2024-03-01T15:41:30
1044,LOT002,LOT002-W01,5,5,tungsten,M4,2.2604,True,38.14,407.68,2024-03-01T15:42:00
1045,LOT002,LOT002-W01,5,6,tungsten,M4,2.1263,True,38.14,407.68,2024-03-01T15:42:30
1046,LOT002,LOT002-W01,5,7,copper,M3,1.3932,True,38.14,407.68,2024-03-01T15:43:00
1047,LOT002,LOT002-W01,5,8,tungsten,M1,1.0617,True,38.14,407.68,2024-03-01T15:43:30
1048,LOT002,LOT002-W01,5,9,tungsten,M1,0.9806,True,38.14,407.68,2024-03-01T15:44:00
1049,LOT002,LOT002-W01,5,10,tungsten,M1,1.0222,True,38.14,407.68,2024-03-01T15:44:30
1050,LOT002,LOT002-W01,6,1,tungsten,M3,1.6519,True,38.14,407.68,2024-03-01T15:45:00
1051,LOT002,LOT002-W01,6,2,copper,M1,0.8735,True,38.14,407.68,2024-03-01T15:45:30
1052,LOT002,LOT002-W01,6,3,copper,M2,1.0483,True,38.14,407.68,2024-03-01T15:46:00
1053,LOT002,LOT002-W01,6,4,copper,M2,1.1417,True,38.14,407.68,2024-03-01T15:46:30
1054,LOT002,LOT002-W01,6,5,copper,M3,1.4,True,38.14,407.68,2024-03-01T15:47:00
1055,LOT002,LOT002-W01,6,6,copper,M1,0.8258,True,38.14,407.68,2024-03-01T15:47:30
1056,LOT002,LOT002-W01,6,7,copper,M4,1.72,True,38.14,407.68,2024-03-01T15:48:00
1057,LOT002,LOT002-W01,6,8,copper,M3,1.4551,True,38.14,407.68,2024-03-01T15:48:30
1058,LOT002,LOT002-W01,6,9,tungsten,M1,1.0284,True,38.14,407.68,2024-03-01T15:49:00
1059,LOT002,LOT002-W01,6,10,copper,M1,0.7591,True,38.14,407.68,2024-03-01T15:49:30
1060,LOT002,LOT002-W01,7,1,tungsten,M3,1.6081,True,38.14,407.68,2024-03-01T15:50:00
1061,LOT002,LOT002-W01,7,2,tungsten,M1,0.9774,True,38.14,407.68,2024-03-01T15:50:30
1062,LOT002,LOT002-W01,7,3,tungsten,M1,1.0398,True,38.14,407.68,2024-03-01T15:51:00
1063,LOT002,LOT002-W01,7,4,copper,M1,0.8693,True,38.14,407.68,2024-03-01T15:51:30
1064,LOT002,LOT002-W01,7,5,tungsten,M1,0.9609,True,38.14,407.68,2024-03-01T15:52:00
1065,LOT002,LOT002-W01,7,6,tungsten,M1,0.9862,True,38.14,407.68,2024-03-01T15:52:30
1066,LOT002,LOT002-W01,7,7,copper,M3,1.3939,True,38.14,407.68,2024-03-01T15:53:00
1067,LOT002,LOT002-W01,7,8,tungsten,M3,1.7769,True,38.14,407.68,2024-03-01T15:53:30
1068,LOT002,LOT002-W01,7,9,tungsten,M2,1.4882,True,38.14,407.68,2024-03-01T15:54:00
1069,LOT002,LOT002-W01,7,10,copper,M3,1.2502,True,38.14,407.68,2024-03-01T15:54:30
1070,LOT002,LOT002-W01,8,1,copper,M2,1.0929,True,38.14,407.68,2024-03-01T15:55:00
1071,LOT002,LOT002-W01,8,2,tungsten,M1,0.948,True,38.14,407.68,2024-03-01T15:55:30
1072,LOT002,LOT002-W01,8,3,copper,M3,1.3321,False,38.14,407.68,2024-03-01T15:56:00
1073,LOT002,LOT002-W01,8,4,copper,M1,0.8366,True,38.14,407.68,2024-03-01T15:56:30
1074,LOT002,LOT002-W01,8,5,copper,M3,1.4507,True,38.14,407.68,2024-03-01T15:57:00
1075,LOT002,LOT002-W01,8,6,tungsten,M3,1.6347,True,38.14,407.68,2024-03-01T15:57:30
1076,LOT002,LOT002-W01,8,7,tungsten,M1,0.9686,True,38.14,407.68,2024-03-01T15:58:00
1077,LOT002,LOT002-W01,8,8,copper,M3,1.406,True,38.14,407.68,2024-03-01T15:58:30
1078,LOT002,LOT002-W01,8,9,tungsten,M2,1.4123,True,38.14,407.68,2024-03-01T15:59:00
1079,LOT002,LOT002-W01,8,10,tungsten,M4,2.1944,True,38.14,407.68,2024-03-01T15:59:30
1080,LOT002,LOT002-W01,9,1,tungsten,M2,1.458,False,38.14,407.68,2024-03-01T16:00:00
1081,LOT002,LOT002-W01,9,2,copper,M1,0.737,True,38.14,407.68,2024-03-01T16:00:30
1082,LOT002,LOT002-W01,9,3,tungsten,M4,2.1909,True,38.14,407.68,2024-03-01T16:01:00
1083,LOT002,LOT002-W01,9,4,tungsten,M1,1.0373,True,38.14,407.68,2024-03-01T16:01:30
1084,LOT002,LOT002-W01,9,5,copper,M4,1.7161,True,38.14,407.68,2024-03-01T16:02:00
1085,LOT002,LOT002-W01,9,6,copper,M3,1.3861,True,38.14,407.68,2024-03-01T16:02:30
1086,LOT002,LOT002-W01,9,7,copper,M2,1.0995,True,38.14,407.68,2024-03-01T16:03:00
1087,LOT002,LOT002-W01,9,8,tungsten,M4,2.0434,True,38.14,407.68,2024-03-01T16:03:30
1088,LOT002,LOT002-W01,9,9,copper,M1,0.7715,True,38.14,407.68,2024-03-01T16:04:00
1089,LOT002,LOT002-W01,9,10,copper,M2,1.133,True,38.14,407.68,2024-03-01T16:04:30
1090,LOT002,LOT002-W01,10,1,tungsten,M1,0.9626,True,38.14,407.68,2024-03-01T16:05:00
1091,LOT002,LOT002-W01,10,2,tungsten,M3,1.7367,True,38.14,407.68,2024-03-01T16:05:30
1092,LOT002,LOT002-W01,10,3,copper,M1,0.8501,True,38.14,407.68,2024-03-01T16:06:00
1093,LOT002,LOT002-W01,10,4,copper,M1,0.8857,True,38.14,407.68,2024-03-01T16:06:30
1094,LOT002,LOT002-W01,10,5,copper,M4,1.7895,True,38.14,407.68,2024-03-01T16:07:00
1095,LOT002,LOT002-W01,10,6,tungsten,M1,1.026,True,38.14,407.68,2024-03-01T16:07:30
1096,LOT002,LOT002-W01,10,7,copper,M4,1.5996,True,38.14,407.68,2024-03-01T16:08:00
1097,LOT002,LOT002-W01,10,8,copper,M2,1.1011,True,38.14,407.68,2024-03-01T16:08:30
1098,LOT002,LOT002-W01,10,9,tungsten,M2,1.3433,True,38.14,407.68,2024-03-01T16:09:00
1099,LOT002,LOT002-W01,10,10,copper,M3,1.4359,True,38.14,407.68,2024-03-01T16:09:30
1100,LOT002,LOT002-W01,11,1,tungsten,M4,2.1441,True,38.14,407.68,2024-03-01T16:10:00
1101,LOT002,LOT002-W01,11,2,tungsten,M3,1.732,True,38.14,407.68,2024-03-01T16:10:30
1102,LOT002,LOT002-W01,11,3,copper,M3,1.565,True,38.14,407.68,2024-03-01T16:11:00
1103,LOT002,LOT002-W01,11,4,copper,M1,0.8144,True,38.14,407.68,2024-03-01T16:11:30
1104,LOT002,LOT002-W01,11,5,tungsten,M3,1.574,True,38.14,407.68,2024-03-01T16:12:00
1105,LOT002,LOT002-W01,11,6,copper,M4,1.7334,True,38.14,407.68,2024-03-01T16:12:30
1106,LOT002,LOT002-W01,11,7,copper,M4,1.6814,True,38.14,407.68,2024-03-01T16:13:00
1107,LOT002,LOT002-W01,11,8,tungsten,M3,1.7492,True,38.14,407.68,2024-03-01T16:13:30
1108,LOT002,LOT002-W01,11,9,copper,M1,0.7972,True,38.14,407.68,2024-03-01T16:14:00
1109,LOT002,LOT002-W01,11,10,copper,M1,0.7489,True,38.14,407.68,2024-03-01T16:14:30
1110,LOT002,LOT002-W01,12,1,tungsten,M2,1.3648,True,38.14,407.68,2024-03-01T16:15:00
1111,LOT002,LOT002-W01,12,2,tungsten,M1,1.0531,True,38.14,407.68,2024-03-01T16:15:30
1112,LOT002,LOT002-W01,12,3,tungsten,M3,1.7492,True,38.14,407.68,2024-03-01T16:16:00
1113,LOT002,LOT002-W01,12,4,copper,M3,1.3852,True,38.14,407.68,2024-03-01T16:16:30
1114,LOT002,LOT002-W01,12,5,tungsten,M1,0.9047,True,38.14,407.68,2024-03-01T16:17:00
1115,LOT002,LOT002-W01,12,6,tungsten,M4,2.06,True,38.14,407.68,2024-03-01T16:17:30
1116,LOT002,LOT002-W01,12,7,tungsten,M2,1.3245,True,38.14,407.68,2024-03-01T16:18:00
1117,LOT002,LOT002-W01,12,8,copper,M2,1.0522,True,38.14,407.68,2024-03-01T16:18:30
1118,LOT002,LOT002-W01,12,9,copper,M2,1.0732,True,38.14,407.68,2024-03-01T16:19:00
1119,LOT002,LOT002-W01,12,10,copper,M3,1.3293,True,38.14,407.68,2024-03-01T16:19:30
1120,LOT002,LOT002-W01,13,1,copper,M4,1.6688,True,38.14,407.68,2024-03-01T16:20:00
1121,LOT002,LOT002-W01,13,2,tungsten,M3,1.6525,True,38.14,407.68,2024-03-01T16:20:30
1122,LOT002,LOT002-W01,13,3,tungsten,M4,2.1717,True,38.14,407.68,2024-03-01T16:21:00
1123,LOT002,LOT002-W01,13,4,copper,M4,1.745,False,38.14,407.68,2024-03-01T16:21:30
1124,LOT002,LOT002-W01,13,5,tungsten,M1,0.9428,True,38.14,407.68,2024-03-01T16:22:00
1125,LOT002,LOT002-W01,13,6,tungsten,M4,1.9944,True,38.14,407.68,2024-03-01T16:22:30
1126,LOT002,LOT002-W01,13,7,tungsten,M3,1.8223,True,38.14,407.68,2024-03-01T16:23:00
1127,LOT002,LOT002-W01,13,8,copper,M3,1.4137,True,38.14,407.68,2024-03-01T16:23:30
1128,LOT002,LOT002-W01,13,9,copper,M4,1.6493,True,38.14,407.68,2024-03-01T16:24:00
1129,LOT002,LOT002-W01,13,10,tungsten,M3,1.8164,True,38.14,407.68,2024-03-01T16:24:30
1130,LOT002,LOT002-W01,14,1,tungsten,M3,1.8918,True,38.14,407.68,2024-03-01T16:25:00
1131,LOT002,LOT002-W01,14,2,copper,M3,1.415,True,38.14,407.68,2024-03-01T16:25:30
1132,LOT002,LOT002-W01,14,3,copper,M1,0.8113,True,38.14,407.68,2024-03-01T16:26:00
1133,LOT002,LOT002-W01,14,4,tungsten,M4,2.0051,True,38.14,407.68,2024-03-01T16:26:30
1134,LOT002,LOT002-W01,14,5,tungsten,M3,1.6433,True,38.14,407.68,2024-03-01T16:27:00
1135,LOT002,LOT002-W01,14,6,copper,M1,0.7801,True,38.14,407.68,2024-03-01T16:27:30
1136,LOT002,LOT002-W01,14,7,tungsten,M3,1.7808,True,38.14,407.68,2024-03-01T16:28:00
1137,LOT002,LOT002-W01,14,8,tungsten,M1,0.9966,True,38.14,407.68,2024-03-01T16:28:30
1138,LOT002,LOT002-W01,14,9,copper,M2,1.0575,True,38.14,407.68,2024-03-01T16:29:00
1139,LOT002,LOT002-W01,14,10,tungsten,M1,0.9897,True,38.14,407.68,2024-03-01T16:29:30
1140,LOT002,LOT002-W01,15,1,tungsten,M1,0.9273,True,38.14,407.68,2024-03-01T16:30:00
1141,LOT002,LOT002-W01,15,2,tungsten,M2,1.4749,True,38.14,407.68,2024-03-01T16:30:30
1142,LOT002,LOT002-W01,15,3,copper,M1,0.7805,True,38.14,407.68,2024-03-01T16:31:00
1143,LOT002,LOT002-W01,15,4,tungsten,M3,1.7929,True,38.14,407.68,2024-03-01T16:31:30
1144,LOT002,LOT002-W01,15,5,tungsten,M2,1.5887,True,38.14,407.68,2024-03-01T16:32:00
1145,LOT002,LOT002-W01,15,6,tungsten,M4,1.8883,True,38.14,407.68,2024-03-01T16:32:30
1146,LOT002,LOT002-W01,15,7,tungsten,M4,2.1914,True,38.14,407.68,2024-03-01T16:33:00
1147,LOT002,LOT002-W01,15,8,tungsten,M2,1.3373,True,38.14,407.68,2024-03-01T16:33:30
1148,LOT002,LOT002-W01,15,9,tungsten,M3,1.7501,True,38.14,407.68,2024-03-01T16:34:00
1149,LOT002,LOT002-W01,15,10,tungsten,M1,0.9599,True,38.14,407.68,2024-03-01T16:34:30
1150,LOT002,LOT002-W01,16,1,tungsten,M2,1.3901,True,38.14,407.68,2024-03-01T16:35:00
1151,LOT002,LOT002-W01,16,2,copper,M1,0.7346,True,38.14,407.68,2024-03-01T16:35:30
1152,LOT002,LOT002-W01,16,3,tungsten,M3,1.8275,True,38.14,407.68,2024-03-01T16:36:00
1153,LOT002,LOT002-W01,16,4,tungsten,M3,1.6347,True,38.14,407.68,2024-03-01T16:36:30
1154,LOT002,LOT002-W01,16,5,copper,M1,0.8789,True,38.14,407.68,2024-03-01T16:37:00
1155,LOT002,LOT002-W01,16,6,tungsten,M4,2.0947,True,38.14,407.68,2024-03-01T16:37:30
1156,LOT002,LOT002-W01,16,7,copper,M2,1.1015,True,38.14,407.68,2024-03-01T16:38:00
1157,LOT002,LOT002-W01,16,8,copper,M3,1.4184,True,38.14,407.68,2024-03-01T16:38:30
1158,LOT002,LOT002-W01,16,9,copper,M2,1.1447,True,38.14,407.68,2024-03-01T16:39:00
1159,LOT002,LOT002-W01,16,10,copper,M2,1.0552,True,38.14,407.68,2024-03-01T16:39:30
1160,LOT002,LOT002-W01,17,1,copper,M4,1.745,True,38.14,407.68,2024-03-01T16:40:00
1161,LOT002,LOT002-W01,17,2,tungsten,M3,1.7818,True,38.14,407.68,2024-03-01T16:40:30
1162,LOT002,LOT002-W01,17,3,copper,M1,0.8467,True,38.14,407.68,2024-03-01T16:41:00
1163,LOT002,LOT002-W01,17,4,copper,M3,1.3944,True,38.14,407.68,2024-03-01T16:41:30
1164,LOT002,LOT002-W01,17,5,copper,M4,1.6384,True,38.14,407.68,2024-03-01T16:42:00
1165,LOT002,LOT002-W01,17,6,tungsten,M4,2.206,True,38.14,407.68,2024-03-01T16:42:30
1166,LOT002,LOT002-W01,17,7,tungsten,M3,1.7852,True,38.14,407.68,2024-03-01T16:43:00
1167,LOT002,LOT002-W01,17,8,tungsten,M1,0.9625,True,38.14,407.68,2024-03-01T16:43:30
1168,LOT002,LOT002-W01,17,9,tungsten,M4,2.0941,True,38.14,407.68,2024-03-01T16:44:00
1169,LOT002,LOT002-W01,17,10,tungsten,M1,0.9865,True,38.14,407.68,2024-03-01T16:44:30
1170,LOT002,LOT002-W01,18,1,copper,M3,1.3574,True,38.14,407.68,2024-03-01T16:45:00
1171,LOT002,LOT002-W01,18,2,copper,M2,1.0762,True,38.14,407.68,2024-03-01T16:45:30
1172,LOT002,LOT002-W01,18,3,tungsten,M1,0.986,True,38.14,407.68,2024-03-01T16:46:00
1173,LOT002,LOT002-W01,18,4,copper,M4,1.6372,True,38.14,407.68,2024-03-01T16:46:30
1174,LOT002,LOT002-W01,18,5,copper,M1,0.8418,True,38.14,407.68,2024-03-01T16:47:00
1175,LOT002,LOT002-W01,18,6,copper,M2,1.0676,True,38.14,407.68,2024-03-01T16:47:30
1176,LOT002,LOT002-W01,18,7,copper,M1,0.8064,True,38.14,407.68,2024-03-01T16:48:00
1177,LOT002,LOT002-W01,18,8,tungsten,M1,0.9845,True,38.14,407.68,2024-03-01T16:48:30
1178,LOT002,LOT002-W01,18,9,copper,M1,0.8328,True,38.14,407.68,2024-03-01T16:49:00
1179,LOT002,LOT002-W01,18,10,copper,M4,1.7149,True,38.14,407.68,2024-03-01T16:49:30
1180,LOT002,LOT002-W01,19,1,tungsten,M4,1.9808,True,38.14,407.68,2024-03-01T16:50:00
1181,LOT002,LOT002-W01,19,2,tungsten,M4,2.1695,True,38.14,407.68,2024-03-01T16:50:30
1182,LOT002,LOT002-W01,19,3,copper,M3,1.3582,True,38.14,407.68,2024-03-01T16:51:00
1183,LOT002,LOT002-W01,19,4,tungsten,M3,1.7525,True,38.14,407.68,2024-03-01T16:51:30
1184,LOT002,LOT002-W01,19,5,copper,M4,1.7411,True,38.14,407.68,2024-03-01T16:52:00
1185,LOT002,LOT002-W01,19,6,tungsten,M4,2.0728,True,38.14,407.68,2024-03-01T16:52:30
1186,LOT002,LOT002-W01,19,7,tungsten,M4,2.0116,True,38.14,407.68,2024-03-01T16:53:00
1187,LOT002,LOT002-W01,19,8,tungsten,M3,1.8603,True,38.14,407.68,2024-03-01T16:53:30
1188,LOT002,LOT002-W01,19,9,tungsten,M3,1.7687,True,38.14,407.68,2024-03-01T16:54:00
1189,LOT002,LOT002-W01,19,10,tungsten,M4,2.2138,True,38.14,407.68,2024-03-01T16:54:30
1190,LOT002,LOT002-W01,20,1,copper,M3,1.3749,True,38.14,407.68,2024-03-01T16:55:00
1191,LOT002,LOT002-W01,20,2,copper,M2,1.1457,True,38.14,407.68,2024-03-01T16:55:30
1192,LOT002,LOT002-W01,20,3,copper,M4,1.7712,True,38.14,407.68,2024-03-01T16:56:00
1193,LOT002,LOT002-W01,20,4,tungsten,M1,0.9646,True,38.14,407.68,2024-03-01T16:56:30
1194,LOT002,LOT002-W01,20,5,copper,M3,1.3037,True,38.14,407.68,2024-03-01T16:57:00
1195,LOT002,LOT002-W01,20,6,copper,M3,1.5114,True,38.14,407.68,2024-03-01T16:57:30
1196,LOT002,LOT002-W01,20,7,tungsten,M1,0.965,True,38.14,407.68,2024-03-01T16:58:00
1197,LOT002,LOT002-W01,20,8,copper,M4,1.8505,True,38.14,407.68,2024-03-01T16:58:30
1198,LOT002,LOT002-W01,20,9,copper,M4,1.5446,True,38.14,407.68,2024-03-01T16:59:00
1199,LOT002,LOT002-W01,20,10,copper,M2,1.0651,True,38.14,407.68,2024-03-01T16:59:30
1200,LOT002,LOT002-W02,1,1,copper,M3,1.3936,True,37.85,415.48,2024-03-01T17:00:00
1201,LOT002,LOT002-W02,1,2,copper,M4,1.7874,True,37.85,415.48,2024-03-01T17:00:30
1202,LOT002,LOT002-W02,1,3,copper,M2,1.0559,True,37.85,415.48,2024-03-01T17:01:00
1203,LOT002,LOT002-W02,1,4,tungsten,M4,1.9719,True,37.85,415.48,2024-03-01T17:01:30
1204,LOT002,LOT002-W02,1,5,copper,M4,1.6895,True,37.85,415.48,2024-03-01T17:02:00
1205,LOT002,LOT002-W02,1,6,copper,M2,1.122,True,37.85,415.48,2024-03-01T17:02:30
1206,LOT002,LOT002-W02,1,7,copper,M4,1.6481,True,37.85,415.48,2024-03-01T17:03:00
1207,LOT002,LOT002-W02,1,8,tungsten,M2,1.4192,True,37.85,415.48,2024-03-01T17:03:30
1208,LOT002,LOT002-W02,1,9,tungsten,M2,1.305,True,37.85,415.48,2024-03-01T17:04:00
1209,LOT002,LOT002-W02,1,10,tungsten,M1,1.0977,True,37.85,415.48,2024-03-01T17:04:30
1210,LOT002,LOT002-W02,2,1,tungsten,M1,0.9663,True,37.85,415.48,2024-03-01T17:05:00
1211,LOT002,LOT002-W02,2,2,copper,M3,1.4113,True,37.85,415.48,2024-03-01T17:05:30
1212,LOT002,LOT002-W02,2,3,tungsten,M4,2.0793,True,37.85,415.48,2024-03-01T17:06:00
1213,LOT002,LOT002-W02,2,4,tungsten,M2,1.4376,True,37.85,415.48,2024-03-01T17:06:30
1214,LOT002,LOT002-W02,2,5,tungsten,M4,2.1397,True,37.85,415.48,2024-03-01T17:07:00
1215,LOT002,LOT002-W02,2,6,copper,M2,1.0136,True,37.85,415.48,2024-03-01T17:07:30
1216,LOT002,LOT002-W02,2,7,copper,M2,1.0206,True,37.85,415.48,2024-03-01T17:08:00
1217,LOT002,LOT002-W02,2,8,copper,M2,1.172,True,37.85,415.48,2024-03-01T17:08:30
1218,LOT002,LOT002-W02,2,9,tungsten,M2,1.4211,True,37.85,415.48,2024-03-01T17:09:00
1219,LOT002,LOT002-W02,2,10,copper,M4,1.762,True,37.85,415.48,2024-03-01T17:09:30
1220,LOT002,LOT002-W02,3,1,tungsten,M1,0.9176,True,37.85,415.48,2024-03-01T17:10:00
1221,LOT002,LOT002-W02,3,2,copper,M4,1.5013,True,37.85,415.48,2024-03-01T17:10:30
1222,LOT002,LOT002-W02,3,3,tungsten,M2,1.3555,True,37.85,415.48,2024-03-01T17:11:00
1223,LOT002,LOT002-W02,3,4,tungsten,M1,0.9443,True,37.85,415.48,2024-03-01T17:11:30
1224,LOT002,LOT002-W02,3,5,tungsten,M2,1.408,True,37.85,415.48,2024-03-01T17:12:00
1225,LOT002,LOT002-W02,3,6,copper,M3,1.4731,True,37.85,415.48,2024-03-01T17:12:30
1226,LOT002,LOT002-W02,3,7,tungsten,M1,0.9665,True,37.85,415.48,2024-03-01T17:13:00
1227,LOT002,LOT002-W02,3,8,copper,M4,1.6315,True,37.85,415.48,2024-03-01T17:13:30
1228,LOT002,LOT002-W02,3,9,tungsten,M3,1.7585,True,37.85,415.48,2024-03-01T17:14:00
1229,LOT002,LOT002-W02,3,10,tungsten,M4,1.9188,True,37.85,415.48,2024-03-01T17:14:30
1230,LOT002,LOT002-W02,4,1,tungsten,M4,2.1212,True,37.85,415.48,2024-03-01T17:15:00
1231,LOT002,LOT002-W02,4,2,tungsten,M1,0.9898,True,37.85,415.48,2024-03-01T17:15:30
1232,LOT002,LOT002-W02,4,3,copper,M2,1.1526,True,37.85,415.48,2024-03-01T17:16:00
1233,LOT002,LOT002-W02,4,4,copper,M4,1.723,True,37.85,415.48,2024-03-01T17:16:30
1234,LOT002,LOT002-W02,4,5,copper,M1,0.7795,True,37.85,415.48,2024-03-01T17:17:00
1235,LOT002,LOT002-W02,4,6,copper,M3,1.4725,True,37.85,415.48,2024-03-01T17:17:30
1236,LOT002,LOT002-W02,4,7,tungsten,M3,1.7544,True,37.85,415.48,2024-03-01T17:18:00
1237,LOT002,LOT002-W02,4,8,tungsten,M2,1.5822,True,37.85,415.48,2024-03-01T17:18:30
1238,LOT002,LOT002-W02,4,9,copper,M3,1.4203,True,37.85,415.48,2024-03-01T17:19:00
1239,LOT002,LOT002-W02,4,10,tungsten,M4,2.1309,True,37.85,415.48,2024-03-01T17:19:30
1240,LOT002,LOT002-W02,5,1,copper,M1,0.8124,False,37.85,415.48,2024-03-01T17:20:00
1241,LOT002,LOT002-W02,5,2,tungsten,M1,0.9339,True,37.85,415.48,2024-03-01T17:20:30
1242,LOT002,LOT002-W02,5,3,copper,M3,1.4677,True,37.85,415.48,2024-03-01T17:21:00
1243,LOT002,LOT002-W02,5,4,copper,M4,1.69,False,37.85,415.48,2024-03-01T17:21:30
1244,LOT002,LOT002-W02,5,5,copper,M3,1.521,True,37.85,415.48,2024-03-01T17:22:00
1245,LOT002,LOT002-W02,5,6,copper,M2,1.1762,True,37.85,415.48,2024-03-01T17:22:30
1246,LOT002,LOT002-W02,5,7,copper,M3,1.4032,True,37.85,415.48,2024-03-01T17:23:00
1247,LOT002,LOT002-W02,5,8,tungsten,M4,2.1617,True,37.85,415.48,2024-03-01T17:23:30
1248,LOT002,LOT002-W02,5,9,tungsten,M4,2.0818,True,37.85,415.48,2024-03-01T17:24:00
1249,LOT002,LOT002-W02,5,10,copper,M4,1.7426,True,37.85,415.48,2024-03-01T17:24:30
1250,LOT002,LOT002-W02,6,1,copper,M2,1.0847,True,37.85,415.48,2024-03-01T17:25:00
1251,LOT002,LOT002-W02,6,2,tungsten,M1,1.0093,True,37.85,415.48,2024-03-01T17:25:30
1252,LOT002,LOT002-W02,6,3,tungsten,M4,2.1857,True,37.85,415.48,2024-03-01T17:26:00
1253,LOT002,LOT002-W02,6,4,copper,M4,1.7424,True,37.85,415.48,2024-03-01T17:26:30
1254,LOT002,LOT002-W02,6,5,copper,M1,0.7191,True,37.85,415.48,2024-03-01T17:27:00
1255,LOT002,LOT002-W02,6,6,copper,M2,1.035,True,37.85,415.48,2024-03-01T17:27:30
1256,LOT002,LOT002-W02,6,7,tungsten,M4,2.2417,False,37.85,415.48,2024-03-01T17:28:00
1257,LOT002,LOT002-W02,6,8,copper,M2,1.1252,True,37.85,415.48,2024-03-01T17:28:30
1258,LOT002,LOT002-W02,6,9,tungsten,M1,0.9279,True,37.85,415.48,2024-03-01T17:29:00
1259,LOT002,LOT002-W02,6,10,copper,M2,1.1616,True,37.85,415.48,2024-03-01T17:29:30
1260,LOT002,LOT002-W02,7,1,tungsten,M2,1.2513,True,37.85,415.48,2024-03-01T17:30:00
1261,LOT002,LOT002-W02,7,2,tungsten,M1,1.0576,True,37.85,415.48,2024-03-01T17:30:30
1262,LOT002,LOT002-W02,7,3,tungsten,M3,1.7857,False,37.85,415.48,2024-03-01T17:31:00
1263,LOT002,LOT002-W02,7,4,tungsten,M1,1.0122,True,37.85,415.48,2024-03-01T17:31:30
1264,LOT002,LOT002-W02,7,5,tungsten,M3,1.8464,True,37.85,415.48,2024-03-01T17:32:00
1265,LOT002,LOT002-W02,7,6,copper,M3,1.4721,True,37.85,415.48,2024-03-01T17:32:30
1266,LOT002,LOT002-W02,7,7,copper,M4,1.59,True,37.85,415.48,2024-03-01T17:33:00
1267,LOT002,LOT002-W02,7,8,tungsten,M1,0.9337,True,37.85,415.48,2024-03-01T17:33:30
1268,LOT002,LOT002-W02,7,9,copper,M3,1.4553,True,37.85,415.48,2024-03-01T17:34:00
1269,LOT002,LOT002-W02,7,10,copper,M2,1.1505,True,37.85,415.48,2024-03-01T17:34:30
1270,LOT002,LOT002-W02,8,1,tungsten,M2,1.2915,True,37.85,415.48,2024-03-01T17:35:00
1271,LOT002,LOT002-W02,8,2,copper,M3,1.3499,True,37.85,415.48,2024-03-01T17:35:30
1272,LOT002,LOT002-W02,8,3,tungsten,M3,1.7497,True,37.85,415.48,2024-03-01T17:36:00
1273,LOT002,LOT002-W02,8,4,tungsten,M2,1.3182,True,37.85,415.48,2024-03-01T17:36:30
1274,LOT002,LOT002-W02,8,5,copper,M1,0.7711,True,37.85,415.48,2024-03-01T17:37:00
1275,LOT002,LOT002-W02,8,6,copper,M3,1.2963,True,37.85,415.48,2024-03-01T17:37:30
1276,LOT002,LOT002-W02,8,7,tungsten,M3,1.847,True,37.85,415.48,2024-03-01T17:38:00
1277,LOT002,LOT002-W02,8,8,copper,M1,0.8232,True,37.85,415.48,2024-03-01T17:38:30
1278,LOT002,LOT002-W02,8,9,tungsten,M2,1.5074,True,37.85,415.48,2024-03-01T17:39:00
1279,LOT002,LOT002-W02,8,10,copper,M3,1.341,True,37.85,415.48,2024-03-01T17:39:30
1280,LOT002,LOT002-W02,9,1,copper,M4,1.7052,True,37.85,415.48,2024-03-01T17:40:00
1281,LOT002,LOT002-W02,9,2,tungsten,M4,2.2352,True,37.85,415.48,2024-03-01T17:40:30
1282,LOT002,LOT002-W02,9,3,tungsten,M3,1.7285,True,37.85,415.48,2024-03-01T17:41:00
1283,LOT002,LOT002-W02,9,4,copper,M3,1.431,True,37.85,415.48,2024-03-01T17:41:30
1284,LOT002,LOT002-W02,9,5,copper,M3,1.3208,True,37.85,415.48,2024-03-01T17:42:00
1285,LOT002,LOT002-W02,9,6,copper,M2,1.0946,True,37.85,415.48,2024-03-01T17:42:30
1286,LOT002,LOT002-W02,9,7,tungsten,M3,1.9259,True,37.85,415.48,2024-03-01T17:43:00
1287,LOT002,LOT002-W02,9,8,copper,M4,1.6785,True,37.85,415.48,2024-03-01T17:43:30
1288,LOT002,LOT002-W02,9,9,copper,M3,1.3775,False,37.85,415.48,2024-03-01T17:44:00
1289,LOT002,LOT002-W02,9,10,copper,M1,0.7502,True,37.85,415.48,2024-03-01T17:44:30
1290,LOT002,LOT002-W02,10,1,tungsten,M2,1.4203,True,37.85,415.48,2024-03-01T17:45:00
1291,LOT002,LOT002-W02,10,2,tungsten,M2,1.476,True,37.85,415.48,2024-03-01T17:45:30
1292,LOT002,LOT002-W02,10,3,copper,M1,0.8654,True,37.85,415.48,2024-03-01T17:46:00
1293,LOT002,LOT002-W02,10,4,copper,M4,1.5987,True,37.85,415.48,2024-03-01T17:46:30
1294,LOT002,LOT002-W02,10,5,tungsten,M4,2.2107,True,37.85,415.48,2024-03-01T17:47:00
1295,LOT002,LOT002-W02,10,6,tungsten,M1,0.9884,True,37.85,415.48,2024-03-01T17:47:30
1296,LOT002,LOT002-W02,10,7,copper,M2,1.0592,True,37.85,415.48,2024-03-01T17:48:00
1297,LOT002,LOT002-W02,10,8,copper,M1,0.8339,True,37.85,415.48,2024-03-01T17:48:30
1298,LOT002,LOT002-W02,10,9,copper,M3,1.4878,True,37.85,415.48,2024-03-01T17:49:00
1299,LOT002,LOT002-W02,10,10,copper,M4,1.7244,True,37.85,415.48,2024-03-01T17:49:30
1300,LOT002,LOT002-W02,11,1,tungsten,M1,0.9687,True,37.85,415.48,2024-03-01T17:50:00
1301,LOT002,LOT002-W02,11,2,copper,M2,0.9723,True,37.85,415.48,2024-03-01T17:50:30
1302,LOT002,LOT002-W02,11,3,tungsten,M3,1.7765,True,37.85,415.48,2024-03-01T17:51:00
1303,LOT002,LOT002-W02,11,4,tungsten,M4,2.1561,True,37.85,415.48,2024-03-01T17:51:30
1304,LOT002,LOT002-W02,11,5,copper,M3,1.4212,True,37.85,415.48,2024-03-01T17:52:00
1305,LOT002,LOT002-W02,11,6,copper,M4,1.7813,True,37.85,415.48,2024-03-01T17:52:30
1306,LOT002,LOT002-W02,11,7,tungsten,M4,2.1024,True,37.85,415.48,2024-03-01T17:53:00
1307,LOT002,LOT002-W02,11,8,tungsten,M3,1.9655,True,37.85,415.48,2024-03-01T17:53:30
1308,LOT002,LOT002-W02,11,9,tungsten,M2,1.3671,True,37.85,415.48,2024-03-01T17:54:00
1309,LOT002,LOT002-W02,11,10,tungsten,M4,2.0738,True,37.85,415.48,2024-03-01T17:54:30
1310,LOT002,LOT002-W02,12,1,copper,M2,1.1241,True,37.85,415.48,2024-03-01T17:55:00
1311,LOT002,LOT002-W02,12,2,copper,M3,1.3739,True,37.85,415.48,2024-03-01T17:55:30
1312,LOT002,LOT002-W02,12,3,tungsten,M4,2.3086,True,37.85,415.48,2024-03-01T17:56:00
1313,LOT002,LOT002-W02,12,4,copper,M4,1.6541,True,37.85,415.48,2024-03-01T17:56:30
1314,LOT002,LOT002-W02,12,5,tungsten,M2,1.3677,True,37.85,415.48,2024-03-01T17:57:00
1315,LOT002,LOT002-W02,12,6,copper,M4,1.8063,True,37.85,415.48,2024-03-01T17:57:30
1316,LOT002,LOT002-W02,12,7,copper,M2,1.1834,True,37.85,415.48,2024-03-01T17:58:00
1317,LOT002,LOT002-W02,12,8,tungsten,M4,2.1558,True,37.85,415.48,2024-03-01T17:58:30
1318,LOT002,LOT002-W02,12,9,copper,M4,1.8564,True,37.85,415.48,2024-03-01T17:59:00
1319,LOT002,LOT002-W02,12,10,tungsten,M3,1.7084,True,37.85,415.48,2024-03-01T17:59:30
1320,LOT002,LOT002-W02,13,1,copper,M1,0.7785,True,37.85,415.48,2024-03-01T18:00:00
1321,LOT002,LOT002-W02,13,2,copper,M3,1.4383,True,37.85,415.48,2024-03-01T18:00:30
1322,LOT002,LOT002-W02,13,3,tungsten,M3,1.7529,True,37.85,415.48,2024-03-01T18:01:00
1323,LOT002,LOT002-W02,13,4,copper,M2,1.1323,True,37.85,415.48,2024-03-01T18:01:30
1324,LOT002,LOT002-W02,13,5,tungsten,M4,2.1482,True,37.85,415.48,2024-03-01T18:02:00
1325,LOT002,LOT002-W02,13,6,copper,M2,1.1435,True,37.85,415.48,2024-03-01T18:02:30
1326,LOT002,LOT002-W02,13,7,copper,M3,1.3324,True,37.85,415.48,2024-03-01T18:03:00
1327,LOT002,LOT002-W02,13,8,tungsten,M2,1.4133,True,37.85,415.48,2024-03-01T18:03:30
1328,LOT002,LOT002-W02,13,9,copper,M3,1.3209,True,37.85,415.48,2024-03-01T18:04:00
1329,LOT002,LOT002-W02,13,10,copper,M4,1.6857,True,37.85,415.48,2024-03-01T18:04:30
1330,LOT002,LOT002-W02,14,1,tungsten,M3,1.9617,True,37.85,415.48,2024-03-01T18:05:00
1331,LOT002,LOT002-W02,14,2,tungsten,M1,0.9268,True,37.85,415.48,2024-03-01T18:05:30
1332,LOT002,LOT002-W02,14,3,tungsten,M2,1.3842,True,37.85,415.48,2024-03-01T18:06:00
1333,LOT002,LOT002-W02,14,4,copper,M4,1.7564,True,37.85,415.48,2024-03-01T18:06:30
1334,LOT002,LOT002-W02,14,5,tungsten,M4,1.9851,True,37.85,415.48,2024-03-01T18:07:00
1335,LOT002,LOT002-W02,14,6,copper,M1,0.826,True,37.85,415.48,2024-03-01T18:07:30
1336,LOT002,LOT002-W02,14,7,tungsten,M2,1.3956,True,37.85,415.48,2024-03-01T18:08:00
1337,LOT002,LOT002-W02,14,8,tungsten,M4,2.0392,True,37.85,415.48,2024-03-01T18:08:30
1338,LOT002,LOT002-W02,14,9,tungsten,M4,1.9997,True,37.85,415.48,2024-03-01T18:09:00
1339,LOT002,LOT002-W02,14,10,tungsten,M2,1.4081,True,37.85,415.48,2024-03-01T18:09:30
1340,LOT002,LOT002-W02,15,1,tungsten,M2,1.4388,True,37.85,415.48,2024-03-01T18:10:00
1341,LOT002,LOT002-W02,15,2,tungsten,M4,2.1966,True,37.85,415.48,2024-03-01T18:10:30
1342,LOT002,LOT002-W02,15,3,tungsten,M1,1.0321,True,37.85,415.48,2024-03-01T18:11:00
1343,LOT002,LOT002-W02,15,4,copper,M4,1.6971,True,37.85,415.48,2024-03-01T18:11:30
1344,LOT002,LOT002-W02,15,5,tungsten,M4,2.0485,True,37.85,415.48,2024-03-01T18:12:00
1345,LOT002,LOT002-W02,15,6,copper,M4,1.6825,True,37.85,415.48,2024-03-01T18:12:30
1346,LOT002,LOT002-W02,15,7,copper,M3,1.5002,True,37.85,415.48,2024-03-01T18:13:00
1347,LOT002,LOT002-W02,15,8,copper,M2,0.9605,True,37.85,415.48,2024-03-01T18:13:30
1348,LOT002,LOT002-W02,15,9,tungsten,M3,1.7705,True,37.85,415.48,2024-03-01T18:14:00
1349,LOT002,LOT002-W02,15,10,tungsten,M2,1.2798,True,37.85,415.48,2024-03-01T18:14:30
1350,LOT002,LOT002-W02,16,1,tungsten,M1,1.0931,True,37.85,415.48,2024-03-01T18:15:00
1351,LOT002,LOT002-W02,16,2,copper,M2,1.0489,True,37.85,415.48,2024-03-01T18:15:30
1352,LOT002,LOT002-W02,16,3,copper,M1,0.8011,True,37.85,415.48,2024-03-01T18:16:00
1353,LOT002,LOT002-W02,16,4,copper,M1,0.7775,True,37.85,415.48,2024-03-01T18:16:30
1354,LOT002,LOT002-W02,16,5,copper,M1,0.7897,True,37.85,415.48,2024-03-01T18:17:00
1355,LOT002,LOT002-W02,16,6,copper,M2,1.1085,True,37.85,415.48,2024-03-01T18:17:30
1356,LOT002,LOT002-W02,16,7,copper,M2,1.0921,True,37.85,415.48,2024-03-01T18:18:00
1357,LOT002,LOT002-W02,16,8,copper,M1,0.7578,True,37.85,415.48,2024-03-01T18:18:30
1358,LOT002,LOT002-W02,16,9,tungsten,M4,2.211,True,37.85,415.48,2024-03-01T18:19:00
1359,LOT002,LOT002-W02,16,10,tungsten,M3,1.9797,True,37.85,415.48,2024-03-01T18:19:30
1360,LOT002,LOT002-W02,17,1,copper,M3,1.4364,True,37.85,415.48,2024-03-01T18:20:00
1361,LOT002,LOT002-W02,17,2,tungsten,M3,1.7235,True,37.85,415.48,2024-03-01T18:20:30
1362,LOT002,LOT002-W02,17,3,copper,M3,1.3665,True,37.85,415.48,2024-03-01T18:21:00
1363,LOT002,LOT002-W02,17,4,copper,M3,1.3701,True,37.85,415.48,2024-03-01T18:21:30
1364,LOT002,LOT002-W02,17,5,tungsten,M3,1.7543,True,37.85,415.48,2024-03-01T18:22:00
1365,LOT002,LOT002-W02,17,6,copper,M1,0.7717,True,37.85,415.48,2024-03-01T18:22:30
1366,LOT002,LOT002-W02,17,7,tungsten,M2,1.504,True,37.85,415.48,2024-03-01T18:23:00
1367,LOT002,LOT002-W02,17,8,tungsten,M3,1.6984,True,37.85,415.48,2024-03-01T18:23:30
1368,LOT002,LOT002-W02,17,9,copper,M1,0.8081,True,37.85,415.48,2024-03-01T18:24:00
1369,LOT002,LOT002-W02,17,10,tungsten,M2,1.5678,True,37.85,415.48,2024-03-01T18:24:30
1370,LOT002,LOT002-W02,18,1,tungsten,M3,1.683,True,37.85,415.48,2024-03-01T18:25:00
1371,LOT002,LOT002-W02,18,2,copper,M3,1.4456,True,37.85,415.48,2024-03-01T18:25:30
1372,LOT002,LOT002-W02,18,3,copper,M2,1.1113,True,37.85,415.48,2024-03-01T18:26:00
1373,LOT002,LOT002-W02,18,4,copper,M3,1.4833,True,37.85,415.48,2024-03-01T18:26:30
1374,LOT002,LOT002-W02,18,5,copper,M4,1.7612,True,37.85,415.48,2024-03-01T18:27:00
1375,LOT002,LOT002-W02,18,6,copper,M1,0.7252,True,37.85,415.48,2024-03-01T18:27:30
1376,LOT002,LOT002-W02,18,7,tungsten,M1,0.9892,True,37.85,415.48,2024-03-01T18:28:00
1377,LOT002,LOT002-W02,18,8,copper,M4,1.6694,True,37.85,415.48,2024-03-01T18:28:30
1378,LOT002,LOT002-W02,18,9,tungsten,M4,2.1453,True,37.85,415.48,2024-03-01T18:29:00
1379,LOT002,LOT002-W02,18,10,copper,M1,0.8622,True,37.85,415.48,2024-03-01T18:29:30
1380,LOT002,LOT002-W02,19,1,copper,M3,1.3813,True,37.85,415.48,2024-03-01T18:30:00
1381,LOT002,LOT002-W02,19,2,copper,M3,1.2803,True,37.85,415.48,2024-03-01T18:30:30
1382,LOT002,LOT002-W02,19,3,copper,M1,0.7848,True,37.85,415.48,2024-03-01T18:31:00
1383,LOT002,LOT002-W02,19,4,copper,M1,0.8887,True,37.85,415.48,2024-03-01T18:31:30
1384,LOT002,LOT002-W02,19,5,tungsten,M1,0.9701,True,37.85,415.48,2024-03-01T18:32:00
1385,LOT002,LOT002-W02,19,6,copper,M4,1.6342,True,37.85,415.48,2024-03-01T18:32:30
1386,LOT002,LOT002-W02,19,7,tungsten,M1,0.96,True,37.85,415.48,2024-03-01T18:33:00
1387,LOT002,LOT002-W02,19,8,tungsten,M4,2.0134,True,37.85,415.48,2024-03-01T18:33:30
1388,LOT002,LOT002-W02,19,9,tungsten,M1,0.9917,True,37.85,415.48,2024-03-01T18:34:00
1389,LOT002,LOT002-W02,19,10,copper,M4,1.7316,True,37.85,415.48,2024-03-01T18:34:30
1390,LOT002,LOT002-W02,20,1,tungsten,M4,2.2183,True,37.85,415.48,2024-03-01T18:35:00
1391,LOT002,LOT002-W02,20,2,copper,M3,1.4855,True,37.85,415.48,2024-03-01T18:35:30
1392,LOT002,LOT002-W02,20,3,copper,M4,1.7623,True,37.85,415.48,2024-03-01T18:36:00
1393,LOT002,LOT002-W02,20,4,tungsten,M1,0.9507,True,37.85,415.48,2024-03-01T18:36:30
1394,LOT002,LOT002-W02,20,5,tungsten,M1,1.017,True,37.85,415.48,2024-03-01T18:37:00
1395,LOT002,LOT002-W02,20,6,copper,M3,1.4115,True,37.85,415.48,2024-03-01T18:37:30
1396,LOT002,LOT002-W02,20,7,tungsten,M1,0.9609,True,37.85,415.48,2024-03-01T18:38:00
1397,LOT002,LOT002-W02,20,8,copper,M3,1.2777,False,37.85,415.48,2024-03-01T18:38:30
1398,LOT002,LOT002-W02,20,9,copper,M1,0.8197,True,37.85,415.48,2024-03-01T18:39:00
1399,LOT002,LOT002-W02,20,10,tungsten,M3,2.0047,True,37.85,415.48,2024-03-01T18:39:30
1400,LOT002,LOT002-W03,1,1,tungsten,M1,0.9293,True,37.44,402.32,2024-03-01T18:40:00
1401,LOT002,LOT002-W03,1,2,copper,M3,1.3957,True,37.44,402.32,2024-03-01T18:40:30
1402,LOT002,LOT002-W03,1,3,tungsten,M1,1.0423,True,37.44,402.32,2024-03-01T18:41:00
1403,LOT002,LOT002-W03,1,4,tungsten,M2,1.4793,True,37.44,402.32,2024-03-01T18:41:30
1404,LOT002,LOT002-W03,1,5,tungsten,M1,1.0023,True,37.44,402.32,2024-03-01T18:42:00
1405,LOT002,LOT002-W03,1,6,copper,M3,1.4049,True,37.44,402.32,2024-03-01T18:42:30
1406,LOT002,LOT002-W03,1,7,copper,M3,1.3045,True,37.44,402.32,2024-03-01T18:43:00
1407,LOT002,LOT002-W03,1,8,copper,M1,0.8341,True,37.44,402.32,2024-03-01T18:43:30
1408,LOT002,LOT002-W03,1,9,tungsten,M3,1.7408,True,37.44,402.32,2024-03-01T18:44:00
1409,LOT002,LOT002-W03,1,10,copper,M1,0.7058,True,37.44,402.32,2024-03-01T18:44:30
1410,LOT002,LOT002-W03,2,1,tungsten,M4,2.2742,True,37.44,402.32,2024-03-01T18:45:00
1411,LOT002,LOT002-W03,2,2,tungsten,M2,1.4037,True,37.44,402.32,2024-03-01T18:45:30
1412,LOT002,LOT002-W03,2,3,tungsten,M1,1.0311,True,37.44,402.32,2024-03-01T18:46:00
1413,LOT002,LOT002-W03,2,4,tungsten,M3,1.7837,True,37.44,402.32,2024-03-01T18:46:30
1414,LOT002,LOT002-W03,2,5,copper,M2,1.2011,True,37.44,402.32,2024-03-01T18:47:00
1415,LOT002,LOT002-W03,2,6,tungsten,M2,1.4197,True,37.44,402.32,2024-03-01T18:47:30
1416,LOT002,LOT002-W03,2,7,copper,M4,1.8496,True,37.44,402.32,2024-03-01T18:48:00
1417,LOT002,LOT002-W03,2,8,tungsten,M2,1.4377,True,37.44,402.32,2024-03-01T18:48:30
1418,LOT002,LOT002-W03,2,9,tungsten,M2,1.5425,True,37.44,402.32,2024-03-01T18:49:00
1419,LOT002,LOT002-W03,2,10,tungsten,M3,1.8076,True,37.44,402.32,2024-03-01T18:49:30
1420,LOT002,LOT002-W03,3,1,copper,M2,1.1369,True,37.44,402.32,2024-03-01T18:50:00
1421,LOT002,LOT002-W03,3,2,tungsten,M3,1.7583,True,37.44,402.32,2024-03-01T18:50:30
1422,LOT002,LOT002-W03,3,3,copper,M1,0.8125,True,37.44,402.32,2024-03-01T18:51:00
1423,LOT002,LOT002-W03,3,4,copper,M4,1.6271,True,37.44,402.32,2024-03-01T18:51:30
1424,LOT002,LOT002-W03,3,5,tungsten,M2,1.3885,True,37.44,402.32,2024-03-01T18:52:00
1425,LOT002,LOT002-W03,3,6,copper,M2,1.1623,True,37.44,402.32,2024-03-01T18:52:30
1426,LOT002,LOT002-W03,3,7,copper,M3,1.4019,True,37.44,402.32,2024-03-01T18:53:00
1427,LOT002,LOT002-W03,3,8,tungsten,M4,2.1899,True,37.44,402.32,2024-03-01T18:53:30
1428,LOT002,LOT002-W03,3,9,tungsten,M4,2.0438,True,37.44,402.32,2024-03-01T18:54:00
1429,LOT002,LOT002-W03,3,10,copper,M4,1.6217,True,37.44,402.32,2024-03-01T18:54:30
1430,LOT002,LOT002-W03,4,1,tungsten,M3,2.0353,True,37.44,402.32,2024-03-01T18:55:00
1431,LOT002,LOT002-W03,4,2,tungsten,M3,1.8016,True,37.44,402.32,2024-03-01T18:55:30
1432,LOT002,LOT002-W03,4,3,copper,M3,1.4002,True,37.44,402.32,2024-03-01T18:56:00
1433,LOT002,LOT002-W03,4,4,tungsten,M4,2.2006,True,37.44,402.32,2024-03-01T18:56:30
1434,LOT002,LOT002-W03,4,5,copper,M3,1.3896,True,37.44,402.32,2024-03-01T18:57:00
1435,LOT002,LOT002-W03,4,6,tungsten,M1,1.0555,True,37.44,402.32,2024-03-01T18:57:30
1436,LOT002,LOT002-W03,4,7,copper,M3,1.3606,True,37.44,402.32,2024-03-01T18:58:00
1437,LOT002,LOT002-W03,4,8,tungsten,M1,1.0649,True,37.44,402.32,2024-03-01T18:58:30
1438,LOT002,LOT002-W03,4,9,copper,M1,0.8305,True,37.44,402.32,2024-03-01T18:59:00
1439,LOT002,LOT002-W03,4,10,tungsten,M2,1.3247,True,37.44,402.32,2024-03-01T18:59:30
1440,LOT002,LOT002-W03,5,1,tungsten,M4,2.1319,True,37.44,402.32,2024-03-01T19:00:00
1441,LOT002,LOT002-W03,5,2,copper,M3,1.3638,True,37.44,402.32,2024-03-01T19:00:30
1442,LOT002,LOT002-W03,5,3,tungsten,M4,2.212,True,37.44,402.32,2024-03-01T19:01:00
1443,LOT002,LOT002-W03,5,4,tungsten,M2,1.3782,True,37.44,402.32,2024-03-01T19:01:30
1444,LOT002,LOT002-W03,5,5,tungsten,M1,0.8459,True,37.44,402.32,2024-03-01T19:02:00
1445,LOT002,LOT002-W03,5,6,tungsten,M3,1.8309,True,37.44,402.32,2024-03-01T19:02:30
1446,LOT002,LOT002-W03,5,7,copper,M1,0.8299,True,37.44,402.32,2024-03-01T19:03:00
1447,LOT002,LOT002-W03,5,8,copper,M3,1.4196,True,37.44,402.32,2024-03-01T19:03:30
1448,LOT002,LOT002-W03,5,9,copper,M1,0.7709,True,37.44,402.32,2024-03-01T19:04:00
1449,LOT002,LOT002-W03,5,10,copper,M1,0.7836,True,37.44,402.32,2024-03-01T19:04:30
1450,LOT002,LOT002-W03,6,1,copper,M1,0.7371,True,37.44,402.32,2024-03-01T19:05:00
1451,LOT002,LOT002-W03,6,2,tungsten,M3,1.8201,True,37.44,402.32,2024-03-01T19:05:30
1452,LOT002,LOT002-W03,6,3,tungsten,M1,1.0756,True,37.44,402.32,2024-03-01T19:06:00
1453,LOT002,LOT002-W03,6,4,tungsten,M4,2.0346,True,37.44,402.32,2024-03-01T19:06:30
1454,LOT002,LOT002-W03,6,5,tungsten,M4,2.1863,True,37.44,402.32,2024-03-01T19:07:00
1455,LOT002,LOT002-W03,6,6,copper,M3,1.4551,True,37.44,402.32,2024-03-01T19:07:30
1456,LOT002,LOT002-W03,6,7,tungsten,M2,1.3978,True,37.44,402.32,2024-03-01T19:08:00
1457,LOT002,LOT002-W03,6,8,tungsten,M1,0.9659,True,37.44,402.32,2024-03-01T19:08:30
1458,LOT002,LOT002-W03,6,9,copper,M2,1.0222,True,37.44,402.32,2024-03-01T19:09:00
1459,LOT002,LOT002-W03,6,10,copper,M3,1.337,True,37.44,402.32,2024-03-01T19:09:30
1460,LOT002,LOT002-W03,7,1,copper,M3,1.3494,True,37.44,402.32,2024-03-01T19:10:00
1461,LOT002,LOT002-W03,7,2,copper,M1,0.7661,True,37.44,402.32,2024-03-01T19:10:30
1462,LOT002,LOT002-W03,7,3,copper,M2,1.0581,True,37.44,402.32,2024-03-01T19:11:00
1463,LOT002,LOT002-W03,7,4,tungsten,M3,1.7624,True,37.44,402.32,2024-03-01T19:11:30
1464,LOT002,LOT002-W03,7,5,tungsten,M3,1.9498,True,37.44,402.32,2024-03-01T19:12:00
1465,LOT002,LOT002-W03,7,6,copper,M1,0.8853,True,37.44,402.32,2024-03-01T19:12:30
1466,LOT002,LOT002-W03,7,7,tungsten,M3,1.7859,True,37.44,402.32,2024-03-01T19:13:00
1467,LOT002,LOT002-W03,7,8,tungsten,M3,1.7522,True,37.44,402.32,2024-03-01T19:13:30
1468,LOT002,LOT002-W03,7,9,tungsten,M2,1.4072,True,37.44,402.32,2024-03-01T19:14:00
1469,LOT002,LOT002-W03,7,10,copper,M1,0.7637,True,37.44,402.32,2024-03-01T19:14:30
1470,LOT002,LOT002-W03,8,1,copper,M3,1.4278,True,37.44,402.32,2024-03-01T19:15:00
1471,LOT002,LOT002-W03,8,2,tungsten,M4,2.1138,True,37.44,402.32,2024-03-01T19:15:30
1472,LOT002,LOT002-W03,8,3,copper,M4,1.888,True,37.44,402.32,2024-03-01T19:16:00
1473,LOT002,LOT002-W03,8,4,tungsten,M3,2.0879,True,37.44,402.32,2024-03-01T19:16:30
1474,LOT002,LOT002-W03,8,5,copper,M3,1.2927,True,37.44,402.32,2024-03-01T19:17:00
1475,LOT002,LOT002-W03,8,6,copper,M1,0.8103,True,37.44,402.32,2024-03-01T19:17:30
1476,LOT002,LOT002-W03,8,7,copper,M1,0.8437,True,37.44,402.32,2024-03-01T19:18:00
1477,LOT002,LOT002-W03,8,8,copper,M3,1.4574,True,37.44,402.32,2024-03-01T19:18:30
1478,LOT002,LOT002-W03,8,9,copper,M1,0.8022,True,37.44,402.32,2024-03-01T19:19:00
1479,LOT002,LOT002-W03,8,10,copper,M2,1.0881,True,37.44,402.32,2024-03-01T19:19:30
1480,LOT002,LOT002-W03,9,1,tungsten,M1,1.0165,False,37.44,402.32,2024-03-01T19:20:00
1481,LOT002,LOT002-W03,9,2,copper,M4,1.692,True,37.44,402.32,2024-03-01T19:20:30
1482,LOT002,LOT002-W03,9,3,copper,M3,1.3459,True,37.44,402.32,2024-03-01T19:21:00
1483,LOT002,LOT002-W03,9,4,tungsten,M2,1.3577,True,37.44,402.32,2024-03-01T19:21:30
1484,LOT002,LOT002-W03,9,5,copper,M1,0.8481,True,37.44,402.32,2024-03-01T19:22:00
1485,LOT002,LOT002-W03,9,6,copper,M4,1.6959,True,37.44,402.32,2024-03-01T19:22:30
1486,LOT002,LOT002-W03,9,7,tungsten,M2,1.4068,True,37.44,402.32,2024-03-01T19:23:00
1487,LOT002,LOT002-W03,9,8,tungsten,M4,2.2157,True,37.44,402.32,2024-03-01T19:23:30
1488,LOT002,LOT002-W03,9,9,tungsten,M2,1.3192,True,37.44,402.32,2024-03-01T19:24:00
1489,LOT002,LOT002-W03,9,10,copper,M2,1.0215,False,37.44,402.32,2024-03-01T19:24:30
1490,LOT002,LOT002-W03,10,1,copper,M1,0.839,False,37.44,402.32,2024-03-01T19:25:00
1491,LOT002,LOT002-W03,10,2,tungsten,M1,1.1093,True,37.44,402.32,2024-03-01T19:25:30
1492,LOT002,LOT002-W03,10,3,tungsten,M4,1.9389,True,37.44,402.32,2024-03-01T19:26:00
1493,LOT002,LOT002-W03,10,4,copper,M1,0.763,True,37.44,402.32,2024-03-01T19:26:30
1494,LOT002,LOT002-W03,10,5,tungsten,M3,1.9102,True,37.44,402.32,2024-03-01T19:27:00
1495,LOT002,LOT002-W03,10,6,copper,M1,0.8867,True,37.44,402.32,2024-03-01T19:27:30
1496,LOT002,LOT002-W03,10,7,tungsten,M1,0.9897,True,37.44,402.32,2024-03-01T19:28:00
1497,LOT002,LOT002-W03,10,8,copper,M3,1.3411,False,37.44,402.32,2024-03-01T19:28:30
1498,LOT002,LOT002-W03,10,9,copper,M4,1.6743,True,37.44,402.32,2024-03-01T19:29:00
1499,LOT002,LOT002-W03,10,10,tungsten,M3,1.7504,True,37.44,402.32,2024-03-01T19:29:30
1500,LOT002,LOT002-W03,11,1,tungsten,M3,1.813,True,37.44,402.32,2024-03-01T19:30:00
1501,LOT002,LOT002-W03,11,2,copper,M2,1.1034,True,37.44,402.32,2024-03-01T19:30:30
1502,LOT002,LOT002-W03,11,3,tungsten,M2,1.3677,True,37.44,402.32,2024-03-01T19:31:00
1503,LOT002,LOT002-W03,11,4,tungsten,M3,1.689,True,37.44,402.32,2024-03-01T19:31:30
1504,LOT002,LOT002-W03,11,5,tungsten,M2,1.3728,True,37.44,402.32,2024-03-01T19:32:00
1505,LOT002,LOT002-W03,11,6,copper,M1,0.8452,True,37.44,402.32,2024-03-01T19:32:30
1506,LOT002,LOT002-W03,11,7,tungsten,M1,0.9109,False,37.44,402.32,2024-03-01T19:33:00
1507,LOT002,LOT002-W03,11,8,tungsten,M4,2.2285,True,37.44,402.32,2024-03-01T19:33:30
1508,LOT002,LOT002-W03,11,9,copper,M3,1.4158,True,37.44,402.32,2024-03-01T19:34:00
1509,LOT002,LOT002-W03,11,10,tungsten,M3,1.84,True,37.44,402.32,2024-03-01T19:34:30
1510,LOT002,LOT002-W03,12,1,tungsten,M3,1.6547,True,37.44,402.32,2024-03-01T19:35:00
1511,LOT002,LOT002-W03,12,2,tungsten,M2,1.3707,True,37.44,402.32,2024-03-01T19:35:30
1512,LOT002,LOT002-W03,12,3,tungsten,M4,2.0289,True,37.44,402.32,2024-03-01T19:36:00
1513,LOT002,LOT002-W03,12,4,copper,M2,1.1794,True,37.44,402.32,2024-03-01T19:36:30
1514,LOT002,LOT002-W03,12,5,tungsten,M3,1.8298,True,37.44,402.32,2024-03-01T19:37:00
1515,LOT002,LOT002-W03,12,6,copper,M2,1.0785,True,37.44,402.32,2024-03-01T19:37:30
1516,LOT002,LOT002-W03,12,7,copper,M4,1.6851,True,37.44,402.32,2024-03-01T19:38:00
1517,LOT002,LOT002-W03,12,8,tungsten,M3,1.8489,True,37.44,402.32,2024-03-01T19:38:30
1518,LOT002,LOT002-W03,12,9,copper,M4,1.8616,True,37.44,402.32,2024-03-01T19:39:00
1519,LOT002,LOT002-W03,12,10,copper,M4,1.6472,True,37.44,402.32,2024-03-01T19:39:30
1520,LOT002,LOT002-W03,13,1,copper,M1,0.7902,True,37.44,402.32,2024-03-01T19:40:00
1521,LOT002,LOT002-W03,13,2,tungsten,M2,1.4793,True,37.44,402.32,2024-03-01T19:40:30
1522,LOT002,LOT002-W03,13,3,tungsten,M3,1.8357,True,37.44,402.32,2024-03-01T19:41:00
1523,LOT002,LOT002-W03,13,4,tungsten,M2,1.4325,True,37.44,402.32,2024-03-01T19:41:30
1524,LOT002,LOT002-W03,13,5,tungsten,M1,0.9448,True,37.44,402.32,2024-03-01T19:42:00
1525,LOT002,LOT002-W03,13,6,copper,M3,1.4351,True,37.44,402.32,2024-03-01T19:42:30
1526,LOT002,LOT002-W03,13,7,tungsten,M4,1.9595,True,37.44,402.32,2024-03-01T19:43:00
1527,LOT002,LOT002-W03,13,8,tungsten,M4,1.9353,True,37.44,402.32,2024-03-01T19:43:30
1528,LOT002,LOT002-W03,13,9,tungsten,M1,0.91,True,37.44,402.32,2024-03-01T19:44:00
1529,LOT002,LOT002-W03,13,10,tungsten,M2,1.5239,True,37.44,402.32,2024-03-01T19:44:30
1530,LOT002,LOT002-W03,14,1,tungsten,M3,1.7696,True,37.44,402.32,2024-03-01T19:45:00
1531,LOT002,LOT002-W03,14,2,tungsten,M2,1.3539,True,37.44,402.32,2024-03-01T19:45:30
1532,LOT002,LOT002-W03,14,3,tungsten,M1,1.0445,True,37.44,402.32,2024-03-01T19:46:00
1533,LOT002,LOT002-W03,14,4,tungsten,M2,1.285,True,37.44,402.32,2024-03-01T19:46:30
1534,LOT002,LOT002-W03,14,5,tungsten,M1,0.9896,True,37.44,402.32,2024-03-01T19:47:00
1535,LOT002,LOT002-W03,14,6,tungsten,M1,0.9985,True,37.44,402.32,2024-03-01T19:47:30
1536,LOT002,LOT002-W03,14,7,copper,M3,1.4259,True,37.44,402.32,2024-03-01T19:48:00
1537,LOT002,LOT002-W03,14,8,copper,M4,1.6709,True,37.44,402.32,2024-03-01T19:48:30
1538,LOT002,LOT002-W03,14,9,copper,M1,0.7885,True,37.44,402.32,2024-03-01T19:49:00
1539,LOT002,LOT002-W03,14,10,tungsten,M4,2.2134,True,37.44,402.32,2024-03-01T19:49:30
1540,LOT002,LOT002-W03,15,1,tungsten,M3,1.8637,True,37.44,402.32,2024-03-01T19:50:00
1541,LOT002,LOT002-W03,15,2,copper,M1,0.7212,True,37.44,402.32,2024-03-01T19:50:30
1542,LOT002,LOT002-W03,15,3,copper,M3,1.3246,True,37.44,402.32,2024-03-01T19:51:00
1543,LOT002,LOT002-W03,15,4,copper,M1,0.7906,True,37.44,402.32,2024-03-01T19:51:30
1544,LOT002,LOT002-W03,15,5,tungsten,M3,1.7549,True,37.44,402.32,2024-03-01T19:52:00
1545,LOT002,LOT002-W03,15,6,copper,M4,1.6206,True,37.44,402.32,2024-03-01T19:52:30
1546,LOT002,LOT002-W03,15,7,tungsten,M1,0.982,True,37.44,402.32,2024-03-01T19:53:00
1547,LOT002,LOT002-W03,15,8,copper,M3,1.464,True,37.44,402.32,2024-03-01T19:53:30
1548,LOT002,LOT002-W03,15,9,copper,M2,1.0529,True,37.44,402.32,2024-03-01T19:54:00
1549,LOT002,LOT002-W03,15,10,tungsten,M2,1.4315,True,37.44,402.32,2024-03-01T19:54:30
1550,LOT002,LOT002-W03,16,1,copper,M3,1.4819,True,37.44,402.32,2024-03-01T19:55:00
1551,LOT002,LOT002-W03,16,2,tungsten,M2,1.3699,True,37.44,402.32,2024-03-01T19:55:30
1552,LOT002,LOT002-W03,16,3,copper,M4,1.6483,True,37.44,402.32,2024-03-01T19:56:00
1553,LOT002,LOT002-W03,16,4,copper,M2,1.1051,True,37.44,402.32,2024-03-01T19:56:30
1554,LOT002,LOT002-W03,16,5,tungsten,M3,1.7163,True,37.44,402.32,2024-03-01T19:57:00
1555,LOT002,LOT002-W03,16,6,copper,M2,1.1593,True,37.44,402.32,2024-03-01T19:57:30
1556,LOT002,LOT002-W03,16,7,copper,M3,1.3772,True,37.44,402.32,2024-03-01T19:58:00
1557,LOT002,LOT002-W03,16,8,copper,M1,0.7337,True,37.44,402.32,2024-03-01T19:58:30
1558,LOT002,LOT002-W03,16,9,copper,M4,1.7071,True,37.44,402.32,2024-03-01T19:59:00
1559,LOT002,LOT002-W03,16,10,tungsten,M2,1.3609,True,37.44,402.32,2024-03-01T19:59:30
1560,LOT002,LOT002-W03,17,1,tungsten,M4,2.205,True,37.44,402.32,2024-03-01T20:00:00
1561,LOT002,LOT002-W03,17,2,tungsten,M1,1.006,True,37.44,402.32,2024-03-01T20:00:30
1562,LOT002,LOT002-W03,17,3,copper,M3,1.3408,True,37.44,402.32,2024-03-01T20:01:00
1563,LOT002,LOT002-W03,17,4,copper,M1,0.8106,True,37.44,402.32,2024-03-01T20:01:30
1564,LOT002,LOT002-W03,17,5,tungsten,M4,2.1732,True,37.44,402.32,2024-03-01T20:02:00
1565,LOT002,LOT002-W03,17,6,copper,M4,1.5436,True,37.44,402.32,2024-03-01T20:02:30
1566,LOT002,LOT002-W03,17,7,tungsten,M4,2.2207,True,37.44,402.32,2024-03-01T20:03:00
1567,LOT002,LOT002-W03,17,8,copper,M1,0.8203,True,37.44,402.32,2024-03-01T20:03:30
1568,LOT002,LOT002-W03,17,9,tungsten,M1,1.0397,True,37.44,402.32,2024-03-01T20:04:00
1569,LOT002,LOT002-W03,17,10,copper,M3,1.3312,True,37.44,402.32,2024-03-01T20:04:30
1570,LOT002,LOT002-W03,18,1,tungsten,M2,1.4618,True,37.44,402.32,2024-03-01T20:05:00
1571,LOT002,LOT002-W03,18,2,tungsten,M2,1.2603,True,37.44,402.32,2024-03-01T20:05:30
1572,LOT002,LOT002-W03,18,3,tungsten,M4,2.0094,True,37.44,402.32,2024-03-01T20:06:00
1573,LOT002,LOT002-W03,18,4,tungsten,M3,1.9093,True,37.44,402.32,2024-03-01T20:06:30
1574,LOT002,LOT002-W03,18,5,tungsten,M1,1.0707,True,37.44,402.32,2024-03-01T20:07:00
1575,LOT002,LOT002-W03,18,6,copper,M3,1.3143,True,37.44,402.32,2024-03-01T20:07:30
1576,LOT002,LOT002-W03,18,7,tungsten,M2,1.2916,True,37.44,402.32,2024-03-01T20:08:00
1577,LOT002,LOT002-W03,18,8,copper,M4,1.7273,True,37.44,402.32,2024-03-01T20:08:30
1578,LOT002,LOT002-W03,18,9,copper,M4,1.5261,True,37.44,402.32,2024-03-01T20:09:00
1579,LOT002,LOT002-W03,18,10,copper,M3,1.3676,True,37.44,402.32,2024-03-01T20:09:30
1580,LOT002,LOT002-W03,19,1,copper,M2,1.0908,True,37.44,402.32,2024-03-01T20:10:00
1581,LOT002,LOT002-W03,19,2,tungsten,M2,1.428,True,37.44,402.32,2024-03-01T20:10:30
1582,LOT002,LOT002-W03,19,3,tungsten,M4,2.3905,True,37.44,402.32,2024-03-01T20:11:00
1583,LOT002,LOT002-W03,19,4,tungsten,M3,1.8333,True,37.44,402.32,2024-03-01T20:11:30
1584,LOT002,LOT002-W03,19,5,tungsten,M3,1.6762,True,37.44,402.32,2024-03-01T20:12:00
1585,LOT002,LOT002-W03,19,6,copper,M2,1.1549,True,37.44,402.32,2024-03-01T20:12:30
1586,LOT002,LOT002-W03,19,7,tungsten,M2,1.4262,True,37.44,402.32,2024-03-01T20:13:00
1587,LOT002,LOT002-W03,19,8,copper,M4,1.7691,True,37.44,402.32,2024-03-01T20:13:30
1588,LOT002,LOT002-W03,19,9,copper,M4,1.6901,True,37.44,402.32,2024-03-01T20:14:00
1589,LOT002,LOT002-W03,19,10,tungsten,M2,1.4053,True,37.44,402.32,2024-03-01T20:14:30
1590,LOT002,LOT002-W03,20,1,tungsten,M3,1.7262,False,37.44,402.32,2024-03-01T20:15:00
1591,LOT002,LOT002-W03,20,2,tungsten,M1,1.0921,True,37.44,402.32,2024-03-01T20:15:30
1592,LOT002,LOT002-W03,20,3,copper,M4,1.762,True,37.44,402.32,2024-03-01T20:16:00
1593,LOT002,LOT002-W03,20,4,tungsten,M3,1.7528,True,37.44,402.32,2024-03-01T20:16:30
1594,LOT002,LOT002-W03,20,5,copper,M1,0.8023,True,37.44,402.32,2024-03-01T20:17:00
1595,LOT002,LOT002-W03,20,6,copper,M4,1.7355,True,37.44,402.32,2024-03-01T20:17:30
1596,LOT002,LOT002-W03,20,7,tungsten,M3,1.7629,True,37.44,402.32,2024-03-01T20:18:00
1597,LOT002,LOT002-W03,20,8,copper,M3,1.4759,True,37.44,402.32,2024-03-01T20:18:30
1598,LOT002,LOT002-W03,20,9,copper,M2,1.1207,True,37.44,402.32,2024-03-01T20:19:00
1599,LOT002,LOT002-W03,20,10,copper,M4,1.7323,True,37.44,402.32,2024-03-01T20:19:30
1600,LOT002,LOT002-W04,1,1,tungsten,M3,1.8522,True,37.62,408.29,2024-03-01T20:20:00
1601,LOT002,LOT002-W04,1,2,tungsten,M3,1.8088,True,37.62,408.29,2024-03-01T20:20:30
1602,LOT002,LOT002-W04,1,3,tungsten,M4,2.2562,True,37.62,408.29,2024-03-01T20:21:00
1603,LOT002,LOT002-W04,1,4,tungsten,M4,2.2385,True,37.62,408.29,2024-03-01T20:21:30
1604,LOT002,LOT002-W04,1,5,tungsten,M3,1.8296,True,37.62,408.29,2024-03-01T20:22:00
1605,LOT002,LOT002-W04,1,6,tungsten,M1,0.9629,True,37.62,408.29,2024-03-01T20:22:30
1606,LOT002,LOT002-W04,1,7,copper,M2,1.0886,True,37.62,408.29,2024-03-01T20:23:00
1607,LOT002,LOT002-W04,1,8,copper,M3,1.3545,True,37.62,408.29,2024-03-01T20:23:30
1608,LOT002,LOT002-W04,1,9,tungsten,M1,0.9775,True,37.62,408.29,2024-03-01T20:24:00
1609,LOT002,LOT002-W04,1,10,tungsten,M1,1.0638,True,37.62,408.29,2024-03-01T20:24:30
1610,LOT002,LOT002-W04,2,1,copper,M2,1.0351,True,37.62,408.29,2024-03-01T20:25:00
1611,LOT002,LOT002-W04,2,2,tungsten,M4,2.1198,False,37.62,408.29,2024-03-01T20:25:30
1612,LOT002,LOT002-W04,2,3,tungsten,M4,2.1797,True,37.62,408.29,2024-03-01T20:26:00
1613,LOT002,LOT002-W04,2,4,tungsten,M3,1.7112,True,37.62,408.29,2024-03-01T20:26:30
1614,LOT002,LOT002-W04,2,5,tungsten,M4,2.1214,True,37.62,408.29,2024-03-01T20:27:00
1615,LOT002,LOT002-W04,2,6,copper,M1,0.8003,True,37.62,408.29,2024-03-01T20:27:30
1616,LOT002,LOT002-W04,2,7,copper,M2,1.1241,True,37.62,408.29,2024-03-01T20:28:00
1617,LOT002,LOT002-W04,2,8,copper,M2,1.1436,True,37.62,408.29,2024-03-01T20:28:30
1618,LOT002,LOT002-W04,2,9,copper,M3,1.3445,True,37.62,408.29,2024-03-01T20:29:00
1619,LOT002,LOT002-W04,2,10,tungsten,M4,2.1783,True,37.62,408.29,2024-03-01T20:29:30
1620,LOT002,LOT002-W04,3,1,tungsten,M2,1.4726,True,37.62,408.29,2024-03-01T20:30:00
1621,LOT002,LOT002-W04,3,2,tungsten,M4,2.2045,True,37.62,408.29,2024-03-01T20:30:30
1622,LOT002,LOT002-W04,3,3,tungsten,M1,0.9363,True,37.62,408.29,2024-03-01T20:31:00
1623,LOT002,LOT002-W04,3,4,copper,M1,0.804,True,37.62,408.29,2024-03-01T20:31:30
1624,LOT002,LOT002-W04,3,5,tungsten,M4,2.0296,True,37.62,408.29,2024-03-01T20:32:00
1625,LOT002,LOT002-W04,3,6,tungsten,M3,1.7546,True,37.62,408.29,2024-03-01T20:32:30
1626,LOT002,LOT002-W04,3,7,copper,M3,1.4463,True,37.62,408.29,2024-03-01T20:33:00
1627,LOT002,LOT002-W04,3,8,tungsten,M2,1.5299,True,37.62,408.29,2024-03-01T20:33:30
1628,LOT002,LOT002-W04,3,9,copper,M4,1.709,True,37.62,408.29,2024-03-01T20:34:00
1629,LOT002,LOT002-W04,3,10,copper,M1,0.7827,True,37.62,408.29,2024-03-01T20:34:30
1630,LOT002,LOT002-W04,4,1,copper,M2,1.1045,True,37.62,408.29,2024-03-01T20:35:00
1631,LOT002,LOT002-W04,4,2,tungsten,M4,2.2305,True,37.62,408.29,2024-03-01T20:35:30
1632,LOT002,LOT002-W04,4,3,copper,M2,1.0835,True,37.62,408.29,2024-03-01T20:36:00
1633,LOT002,LOT002-W04,4,4,copper,M3,1.2693,True,37.62,408.29,2024-03-01T20:36:30
1634,LOT002,LOT002-W04,4,5,copper,M2,1.0207,True,37.62,408.29,2024-03-01T20:37:00
1635,LOT002,LOT002-W04,4,6,copper,M4,1.7716,True,37.62,408.29,2024-03-01T20:37:30
1636,LOT002,LOT002-W04,4,7,copper,M4,1.7608,True,37.62,408.29,2024-03-01T20:38:00
1637,LOT002,LOT002-W04,4,8,tungsten,M3,1.9742,True,37.62,408.29,2024-03-01T20:38:30
1638,LOT002,LOT002-W04,4,9,tungsten,M3,1.7052,True,37.62,408.29,2024-03-01T20:39:00
1639,LOT002,LOT002-W04,4,10,tungsten,M4,1.9724,True,37.62,408.29,2024-03-01T20:39:30
1640,LOT002,LOT002-W04,5,1,tungsten,M2,1.3128,True,37.62,408.29,2024-03-01T20:40:00
1641,LOT002,LOT002-W04,5,2,copper,M4,1.6467,True,37.62,408.29,2024-03-01T20:40:30
1642,LOT002,LOT002-W04,5,3,tungsten,M1,1.0021,True,37.62,408.29,2024-03-01T20:41:00
1643,LOT002,LOT002-W04,5,4,copper,M3,1.3949,True,37.62,408.29,2024-03-01T20:41:30
1644,LOT002,LOT002-W04,5,5,copper,M2,1.0432,True,37.62,408.29,2024-03-01T20:42:00
1645,LOT002,LOT002-W04,5,6,tungsten,M2,1.5446,True,37.62,408.29,2024-03-01T20:42:30
1646,LOT002,LOT002-W04,5,7,copper,M1,0.8039,True,37.62,408.29,2024-03-01T20:43:00
1647,LOT002,LOT002-W04,5,8,tungsten,M2,1.3784,True,37.62,408.29,2024-03-01T20:43:30
1648,LOT002,LOT002-W04,5,9,tungsten,M4,2.2901,True,37.62,408.29,2024-03-01T20:44:00
1649,LOT002,LOT002-W04,5,10,copper,M4,1.6783,True,37.62,408.29,2024-03-01T20:44:30
1650,LOT002,LOT002-W04,6,1,tungsten,M4,2.1049,True,37.62,408.29,2024-03-01T20:45:00
1651,LOT002,LOT002-W04,6,2,copper,M1,0.8375,True,37.62,408.29,2024-03-01T20:45:30
1652,LOT002,LOT002-W04,6,3,copper,M4,1.592,True,37.62,408.29,2024-03-01T20:46:00
1653,LOT002,LOT002-W04,6,4,copper,M1,0.7767,True,37.62,408.29,2024-03-01T20:46:30
1654,LOT002,LOT002-W04,6,5,tungsten,M3,1.9692,True,37.62,408.29,2024-03-01T20:47:00
1655,LOT002,LOT002-W04,6,6,tungsten,M1,1.0323,True,37.62,408.29,2024-03-01T20:47:30
1656,LOT002,LOT002-W04,6,7,copper,M1,0.7707,True,37.62,408.29,2024-03-01T20:48:00
1657,LOT002,LOT002-W04,6,8,tungsten,M2,1.3997,True,37.62,408.29,2024-03-01T20:48:30
1658,LOT002,LOT002-W04,6,9,tungsten,M3,1.7463,True,37.62,408.29,2024-03-01T20:49:00
1659,LOT002,LOT002-W04,6,10,copper,M1,0.8275,True,37.62,408.29,2024-03-01T20:49:30
1660,LOT002,LOT002-W04,7,1,copper,M1,0.7668,True,37.62,408.29,2024-03-01T20:50:00
1661,LOT002,LOT002-W04,7,2,tungsten,M3,1.767,True,37.62,408.29,2024-03-01T20:50:30
1662,LOT002,LOT002-W04,7,3,tungsten,M4,2.3442,True,37.62,408.29,2024-03-01T20:51:00
1663,LOT002,LOT002-W04,7,4,copper,M4,1.654,True,37.62,408.29,2024-03-01T20:51:30
1664,LOT002,LOT002-W04,7,5,copper,M4,1.5371,True,37.62,408.29,2024-03-01T20:52:00
1665,LOT002,LOT002-W04,7,6,tungsten,M2,1.3716,True,37.62,408.29,2024-03-01T20:52:30
1666,LOT002,LOT002-W04,7,7,copper,M1,0.8014,True,37.62,408.29,2024-03-01T20:53:00
1667,LOT002,LOT002-W04,7,8,copper,M4,1.6923,True,37.62,408.29,2024-03-01T20:53:30
1668,LOT002,LOT002-W04,7,9,tungsten,M4,2.0376,True,37.62,408.29,2024-03-01T20:54:00
1669,LOT002,LOT002-W04,7,10,tungsten,M1,0.9959,True,37.62,408.29,2024-03-01T20:54:30
1670,LOT002,LOT002-W04,8,1,copper,M4,1.7634,True,37.62,408.29,2024-03-01T20:55:00
1671,LOT002,LOT002-W04,8,2,tungsten,M1,1.0124,True,37.62,408.29,2024-03-01T20:55:30
1672,LOT002,LOT002-W04,8,3,tungsten,M2,1.4101,True,37.62,408.29,2024-03-01T20:56:00
1673,LOT002,LOT002-W04,8,4,tungsten,M3,1.8263,True,37.62,408.29,2024-03-01T20:56:30
1674,LOT002,LOT002-W04,8,5,tungsten,M2,1.4135,True,37.62,408.29,2024-03-01T20:57:00
1675,LOT002,LOT002-W04,8,6,copper,M3,1.4097,True,37.62,408.29,2024-03-01T20:57:30
1676,LOT002,LOT002-W04,8,7,copper,M2,1.1494,True,37.62,408.29,2024-03-01T20:58:00
1677,LOT002,LOT002-W04,8,8,copper,M3,1.3162,True,37.62,408.29,2024-03-01T20:58:30
1678,LOT002,LOT002-W04,8,9,copper,M1,0.8388,True,37.62,408.29,2024-03-01T20:59:00
1679,LOT002,LOT002-W04,8,10,copper,M1,0.7605,True,37.62,408.29,2024-03-01T20:59:30
1680,LOT002,LOT002-W04,9,1,copper,M3,1.3903,True,37.62,408.29,2024-03-01T21:00:00
1681,LOT002,LOT002-W04,9,2,tungsten,M3,1.7918,True,37.62,408.29,2024-03-01T21:00:30
1682,LOT002,LOT002-W04,9,3,copper,M1,0.7755,True,37.62,408.29,2024-03-01T21:01:00
1683,LOT002,LOT002-W04,9,4,tungsten,M3,1.6976,True,37.62,408.29,2024-03-01T21:01:30
1684,LOT002,LOT002-W04,9,5,tungsten,M2,1.4038,True,37.62,408.29,2024-03-01T21:02:00
1685,LOT002,LOT002-W04,9,6,copper,M3,1.2848,True,37.62,408.29,2024-03-01T21:02:30
1686,LOT002,LOT002-W04,9,7,copper,M2,1.0746,True,37.62,408.29,2024-03-01T21:03:00
1687,LOT002,LOT002-W04,9,8,tungsten,M4,2.2536,True,37.62,408.29,2024-03-01T21:03:30
1688,LOT002,LOT002-W04,9,9,tungsten,M3,1.7473,True,37.62,408.29,2024-03-01T21:04:00
1689,LOT002,LOT002-W04,9,10,tungsten,M1,0.9759,True,37.62,408.29,2024-03-01T21:04:30
1690,LOT002,LOT002-W04,10,1,tungsten,M2,1.4894,True,37.62,408.29,2024-03-01T21:05:00
1691,LOT002,LOT002-W04,10,2,tungsten,M2,1.4304,True,37.62,408.29,2024-03-01T21:05:30
1692,LOT002,LOT002-W04,10,3,copper,M2,1.0641,True,37.62,408.29,2024-03-01T21:06:00
1693,LOT002,LOT002-W04,10,4,copper,M4,1.7008,True,37.62,408.29,2024-03-01T21:06:30
1694,LOT002,LOT002-W04,10,5,copper,M1,0.8266,True,37.62,408.29,2024-03-01T21:07:00
1695,LOT002,LOT002-W04,10,6,tungsten,M1,0.9806,True,37.62,408.29,2024-03-01T21:07:30
1696,LOT002,LOT002-W04,10,7,copper,M2,1.1107,True,37.62,408.29,2024-03-01T21:08:00
1697,LOT002,LOT002-W04,10,8,tungsten,M1,1.0764,True,37.62,408.29,2024-03-01T21:08:30
1698,LOT002,LOT002-W04,10,9,tungsten,M1,0.9763,True,37.62,408.29,2024-03-01T21:09:00
1699,LOT002,LOT002-W04,10,10,copper,M3,1.494,True,37.62,408.29,2024-03-01T21:09:30
1700,LOT002,LOT002-W04,11,1,copper,M3,1.4877,True,37.62,408.29,2024-03-01T21:10:00
1701,LOT002,LOT002-W04,11,2,copper,M1,0.8337,True,37.62,408.29,2024-03-01T21:10:30
1702,LOT002,LOT002-W04,11,3,tungsten,M3,1.8626,True,37.62,408.29,2024-03-01T21:11:00
1703,LOT002,LOT002-W04,11,4,tungsten,M2,1.3924,True,37.62,408.29,2024-03-01T21:11:30
1704,LOT002,LOT002-W04,11,5,tungsten,M1,0.9318,True,37.62,408.29,2024-03-01T21:12:00
1705,LOT002,LOT002-W04,11,6,tungsten,M3,1.8717,True,37.62,408.29,2024-03-01T21:12:30
1706,LOT002,LOT002-W04,11,7,copper,M4,1.8234,True,37.62,408.29,2024-03-01T21:13:00
1707,LOT002,LOT002-W04,11,8,copper,M3,1.3224,True,37.62,408.29,2024-03-01T21:13:30
1708,LOT002,LOT002-W04,11,9,copper,M3,1.3484,True,37.62,408.29,2024-03-01T21:14:00
1709,LOT002,LOT002-W04,11,10,copper,M4,1.6234,True,37.62,408.29,2024-03-01T21:14:30
1710,LOT002,LOT002-W04,12,1,tungsten,M2,1.4006,True,37.62,408.29,2024-03-01T21:15:00
1711,LOT002,LOT002-W04,12,2,tungsten,M4,2.1127,True,37.62,408.29,2024-03-01T21:15:30
1712,LOT002,LOT002-W04,12,3,tungsten,M4,2.1411,True,37.62,408.29,2024-03-01T21:16:00
1713,LOT002,LOT002-W04,12,4,tungsten,M1,1.0303,True,37.62,408.29,2024-03-01T21:16:30
1714,LOT002,LOT002-W04,12,5,tungsten,M1,0.9854,False,37.62,408.29,2024-03-01T21:17:00
1715,LOT002,LOT002-W04,12,6,copper,M4,1.7392,True,37.62,408.29,2024-03-01T21:17:30
1716,LOT002,LOT002-W04,12,7,tungsten,M3,1.9816,True,37.62,408.29,2024-03-01T21:18:00
1717,LOT002,LOT002-W04,12,8,copper,M3,1.2923,True,37.62,408.29,2024-03-01T21:18:30
1718,LOT002,LOT002-W04,12,9,copper,M1,0.8016,True,37.62,408.29,2024-03-01T21:19:00
1719,LOT002,LOT002-W04,12,10,tungsten,M3,1.9036,True,37.62,408.29,2024-03-01T21:19:30
1720,LOT002,LOT002-W04,13,1,copper,M2,1.1597,True,37.62,408.29,2024-03-01T21:20:00
1721,LOT002,LOT002-W04,13,2,copper,M3,1.4051,True,37.62,408.29,2024-03-01T21:20:30
1722,LOT002,LOT002-W04,13,3,copper,M2,1.075,True,37.62,408.29,2024-03-01T21:21:00
1723,LOT002,LOT002-W04,13,4,tungsten,M2,1.3406,True,37.62,408.29,2024-03-01T21:21:30
1724,LOT002,LOT002-W04,13,5,tungsten,M2,1.4049,True,37.62,408.29,2024-03-01T21:22:00
1725,LOT002,LOT002-W04,13,6,copper,M4,1.7926,True,37.62,408.29,2024-03-01T21:22:30
1726,LOT002,LOT002-W04,13,7,tungsten,M3,1.8287,False,37.62,408.29,2024-03-01T21:23:00
1727,LOT002,LOT002-W04,13,8,copper,M1,0.7865,True,37.62,408.29,2024-03-01T21:23:30
1728,LOT002,LOT002-W04,13,9,copper,M3,1.3821,True,37.62,408.29,2024-03-01T21:24:00
1729,LOT002,LOT002-W04,13,10,tungsten,M2,1.2553,True,37.62,408.29,2024-03-01T21:24:30
1730,LOT002,LOT002-W04,14,1,tungsten,M1,1.0048,True,37.62,408.29,2024-03-01T21:25:00
1731,LOT002,LOT002-W04,14,2,tungsten,M4,2.0177,True,37.62,408.29,2024-03-01T21:25:30
1732,LOT002,LOT002-W04,14,3,copper,M3,1.337,True,37.62,408.29,2024-03-01T21:26:00
1733,LOT002,LOT002-W04,14,4,copper,M3,1.3884,True,37.62,408.29,2024-03-01T21:26:30
1734,LOT002,LOT002-W04,14,5,copper,M2,1.0849,True,37.62,408.29,2024-03-01T21:27:00
1735,LOT002,LOT002-W04,14,6,copper,M1,0.7612,True,37.62,408.29,2024-03-01T21:27:30
1736,LOT002,LOT002-W04,14,7,copper,M2,1.0688,True,37.62,408.29,2024-03-01T21:28:00
1737,LOT002,LOT002-W04,14,8,copper,M2,1.0037,True,37.62,408.29,2024-03-01T21:28:30
1738,LOT002,LOT002-W04,14,9,copper,M3,1.4138,True,37.62,408.29,2024-03-01T21:29:00
1739,LOT002,LOT002-W04,14,10,copper,M3,1.4367,True,37.62,408.29,2024-03-01T21:29:30
1740,LOT002,LOT002-W04,15,1,copper,M1,0.8025,True,37.62,408.29,2024-03-01T21:30:00
1741,LOT002,LOT002-W04,15,2,tungsten,M3,1.8002,True,37.62,408.29,2024-03-01T21:30:30
1742,LOT002,LOT002-W04,15,3,tungsten,M1,0.9592,True,37.62,408.29,2024-03-01T21:31:00
1743,LOT002,LOT002-W04,15,4,tungsten,M4,2.0801,True,37.62,408.29,2024-03-01T21:31:30
1744,LOT002,LOT002-W04,15,5,tungsten,M4,2.1171,True,37.62,408.29,2024-03-01T21:32:00
1745,LOT002,LOT002-W04,15,6,tungsten,M1,1.0078,True,37.62,408.29,2024-03-01T21:32:30
1746,LOT002,LOT002-W04,15,7,copper,M4,1.811,True,37.62,408.29,2024-03-01T21:33:00
1747,LOT002,LOT002-W04,15,8,tungsten,M3,1.8303,True,37.62,408.29,2024-03-01T21:33:30
1748,LOT002,LOT002-W04,15,9,tungsten,M1,1.001,True,37.62,408.29,2024-03-01T21:34:00
1749,LOT002,LOT002-W04,15,10,tungsten,M1,1.0168,True,37.62,408.29,2024-03-01T21:34:30
1750,LOT002,LOT002-W04,16,1,tungsten,M3,1.8051,True,37.62,408.29,2024-03-01T21:35:00
1751,LOT002,LOT002-W04,16,2,tungsten,M4,2.1791,True,37.62,408.29,2024-03-01T21:35:30
1752,LOT002,LOT002-W04,16,3,tungsten,M2,1.4643,True,37.62,408.29,2024-03-01T21:36:00
1753,LOT002,LOT002-W04,16,4,tungsten,M1,1.005,True,37.62,408.29,2024-03-01T21:36:30
1754,LOT002,LOT002-W04,16,5,copper,M1,0.8122,True,37.62,408.29,2024-03-01T21:37:00
1755,LOT002,LOT002-W04,16,6,copper,M1,0.7879,True,37.62,408.29,2024-03-01T21:37:30
1756,LOT002,LOT002-W04,16,7,copper,M3,1.4553,True,37.62,408.29,2024-03-01T21:38:00
1757,LOT002,LOT002-W04,16,8,tungsten,M3,1.8254,True,37.62,408.29,2024-03-01T21:38:30
1758,LOT002,LOT002-W04,16,9,tungsten,M1,0.9533,True,37.62,408.29,2024-03-01T21:39:00
1759,LOT002,LOT002-W04,16,10,tungsten,M2,1.4042,True,37.62,408.29,2024-03-01T21:39:30
1760,LOT002,LOT002-W04,17,1,copper,M3,1.4128,True,37.62,408.29,2024-03-01T21:40:00
1761,LOT002,LOT002-W04,17,2,tungsten,M2,1.4676,True,37.62,408.29,2024-03-01T21:40:30
1762,LOT002,LOT002-W04,17,3,tungsten,M1,1.0014,True,37.62,408.29,2024-03-01T21:41:00
1763,LOT002,LOT002-W04,17,4,copper,M4,1.4743,True,37.62,408.29,2024-03-01T21:41:30
1764,LOT002,LOT002-W04,17,5,copper,M1,0.8146,True,37.62,408.29,2024-03-01T21:42:00
1765,LOT002,LOT002-W04,17,6,tungsten,M4,1.9822,True,37.62,408.29,2024-03-01T21:42:30
1766,LOT002,LOT002-W04,17,7,copper,M2,1.1409,True,37.62,408.29,2024-03-01T21:43:00
1767,LOT002,LOT002-W04,17,8,tungsten,M3,1.8774,True,37.62,408.29,2024-03-01T21:43:30
1768,LOT002,LOT002-W04,17,9,tungsten,M2,1.4378,True,37.62,408.29,2024-03-01T21:44:00
1769,LOT002,LOT002-W04,17,10,tungsten,M3,1.8811,True,37.62,408.29,2024-03-01T21:44:30
1770,LOT002,LOT002-W04,18,1,tungsten,M3,1.8608,True,37.62,408.29,2024-03-01T21:45:00
1771,LOT002,LOT002-W04,18,2,tungsten,M2,1.3857,True,37.62,408.29,2024-03-01T21:45:30
1772,LOT002,LOT002-W04,18,3,tungsten,M2,1.418,True,37.62,408.29,2024-03-01T21:46:00
1773,LOT002,LOT002-W04,18,4,copper,M3,1.4222,True,37.62,408.29,2024-03-01T21:46:30
1774,LOT002,LOT002-W04,18,5,tungsten,M3,1.7949,True,37.62,408.29,2024-03-01T21:47:00
1775,LOT002,LOT002-W04,18,6,copper,M3,1.4693,True,37.62,408.29,2024-03-01T21:47:30
1776,LOT002,LOT002-W04,18,7,copper,M2,1.0298,True,37.62,408.29,2024-03-01T21:48:00
1777,LOT002,LOT002-W04,18,8,tungsten,M3,1.9481,True,37.62,408.29,2024-03-01T21:48:30
1778,LOT002,LOT002-W04,18,9,tungsten,M4,1.7877,True,37.62,408.29,2024-03-01T21:49:00
1779,LOT002,LOT002-W04,18,10,tungsten,M4,2.0809,True,37.62,408.29,2024-03-01T21:49:30
1780,LOT002,LOT002-W04,19,1,copper,M1,0.8221,True,37.62,408.29,2024-03-01T21:50:00
1781,LOT002,LOT002-W04,19,2,tungsten,M4,2.0941,True,37.62,408.29,2024-03-01T21:50:30
1782,LOT002,LOT002-W04,19,3,tungsten,M3,1.6609,True,37.62,408.29,2024-03-01T21:51:00
1783,LOT002,LOT002-W04,19,4,copper,M4,1.8822,True,37.62,408.29,2024-03-01T21:51:30
1784,LOT002,LOT002-W04,19,5,copper,M4,1.6505,True,37.62,408.29,2024-03-01T21:52:00
1785,LOT002,LOT002-W04,19,6,copper,M1,0.8911,True,37.62,408.29,2024-03-01T21:52:30
1786,LOT002,LOT002-W04,19,7,copper,M4,1.6242,True,37.62,408.29,2024-03-01T21:53:00
1787,LOT002,LOT002-W04,19,8,copper,M3,1.3539,True,37.62,408.29,2024-03-01T21:53:30
1788,LOT002,LOT002-W04,19,9,tungsten,M1,0.9767,False,37.62,408.29,2024-03-01T21:54:00
1789,LOT002,LOT002-W04,19,10,tungsten,M1,0.9806,True,37.62,408.29,2024-03-01T21:54:30
1790,LOT002,LOT002-W04,20,1,tungsten,M4,2.122,True,37.62,408.29,2024-03-01T21:55:00
1791,LOT002,LOT002-W04,20,2,copper,M4,1.6603,True,37.62,408.29,2024-03-01T21:55:30
1792,LOT002,LOT002-W04,20,3,tungsten,M2,1.3454,True,37.62,408.29,2024-03-01T21:56:00
1793,LOT002,LOT002-W04,20,4,copper,M1,0.769,True,37.62,408.29,2024-03-01T21:56:30
1794,LOT002,LOT002-W04,20,5,tungsten,M4,1.9623,True,37.62,408.29,2024-03-01T21:57:00
1795,LOT002,LOT002-W04,20,6,copper,M4,1.7472,True,37.62,408.29,2024-03-01T21:57:30
1796,LOT002,LOT002-W04,20,7,copper,M2,1.176,True,37.62,408.29,2024-03-01T21:58:00
1797,LOT002,LOT002-W04,20,8,tungsten,M1,1.064,True,37.62,408.29,2024-03-01T21:58:30
1798,LOT002,LOT002-W04,20,9,copper,M4,1.6589,True,37.62,408.29,2024-03-01T21:59:00
1799,LOT002,LOT002-W04,20,10,tungsten,M4,1.9201,True,37.62,408.29,2024-03-01T21:59:30
1800,LOT002,LOT002-W05,1,1,tungsten,M1,1.0144,True,37.58,418.15,2024-03-01T22:00:00
1801,LOT002,LOT002-W05,1,2,tungsten,M3,1.8364,True,37.58,418.15,2024-03-01T22:00:30
1802,LOT002,LOT002-W05,1,3,tungsten,M4,2.1087,True,37.58,418.15,2024-03-01T22:01:00
1803,LOT002,LOT002-W05,1,4,tungsten,M4,2.1045,True,37.58,418.15,2024-03-01T22:01:30
1804,LOT002,LOT002-W05,1,5,tungsten,M1,0.9782,True,37.58,418.15,2024-03-01T22:02:00
1805,LOT002,LOT002-W05,1,6,tungsten,M2,1.3898,True,37.58,418.15,2024-03-01T22:02:30
1806,LOT002,LOT002-W05,1,7,tungsten,M1,1.0292,True,37.58,418.15,2024-03-01T22:03:00
1807,LOT002,LOT002-W05,1,8,copper,M4,1.7502,True,37.58,418.15,2024-03-01T22:03:30
1808,LOT002,LOT002-W05,1,9,copper,M4,1.7657,True,37.58,418.15,2024-03-01T22:04:00
1809,LOT002,LOT002-W05,1,10,tungsten,M3,1.7948,True,37.58,418.15,2024-03-01T22:04:30
1810,LOT002,LOT002-W05,2,1,tungsten,M1,0.9797,True,37.58,418.15,2024-03-01T22:05:00
1811,LOT002,LOT002-W05,2,2,tungsten,M4,2.0866,True,37.58,418.15,2024-03-01T22:05:30
1812,LOT002,LOT002-W05,2,3,tungsten,M1,1.0636,True,37.58,418.15,2024-03-01T22:06:00
1813,LOT002,LOT002-W05,2,4,copper,M3,1.321,True,37.58,418.15,2024-03-01T22:06:30
1814,LOT002,LOT002-W05,2,5,tungsten,M2,1.4094,True,37.58,418.15,2024-03-01T22:07:00
1815,LOT002,LOT002-W05,2,6,tungsten,M3,1.7007,True,37.58,418.15,2024-03-01T22:07:30
1816,LOT002,LOT002-W05,2,7,tungsten,M4,2.1247,True,37.58,418.15,2024-03-01T22:08:00
1817,LOT002,LOT002-W05,2,8,tungsten,M1,1.0444,True,37.58,418.15,2024-03-01T22:08:30
1818,LOT002,LOT002-W05,2,9,tungsten,M1,0.9525,True,37.58,418.15,2024-03-01T22:09:00
1819,LOT002,LOT002-W05,2,10,tungsten,M4,2.0427,True,37.58,418.15,2024-03-01T22:09:30
1820,LOT002,LOT002-W05,3,1,copper,M1,0.8368,True,37.58,418.15,2024-03-01T22:10:00
1821,LOT002,LOT002-W05,3,2,tungsten,M1,1.0297,False,37.58,418.15,2024-03-01T22:10:30
1822,LOT002,LOT002-W05,3,3,tungsten,M3,1.8555,True,37.58,418.15,2024-03-01T22:11:00
1823,LOT002,LOT002-W05,3,4,copper,M3,1.4344,True,37.58,418.15,2024-03-01T22:11:30
1824,LOT002,LOT002-W05,3,5,copper,M4,1.7359,True,37.58,418.15,2024-03-01T22:12:00
1825,LOT002,LOT002-W05,3,6,tungsten,M4,2.3354,True,37.58,418.15,2024-03-01T22:12:30
1826,LOT002,LOT002-W05,3,7,tungsten,M1,0.9784,True,37.58,418.15,2024-03-01T22:13:00
1827,LOT002,LOT002-W05,3,8,tungsten,M1,1.0,True,37.58,418.15,2024-03-01T22:13:30
1828,LOT002,LOT002-W05,3,9,tungsten,M2,1.2743,True,37.58,418.15,2024-03-01T22:14:00
1829,LOT002,LOT002-W05,3,10,copper,M4,1.6794,True,37.58,418.15,2024-03-01T22:14:30
1830,LOT002,LOT002-W05,4,1,tungsten,M1,0.9534,True,37.58,418.15,2024-03-01T22:15:00
1831,LOT002,LOT002-W05,4,2,copper,M1,0.7604,True,37.58,418.15,2024-03-01T22:15:30
1832,LOT002,LOT002-W05,4,3,copper,M3,1.3664,True,37.58,418.15,2024-03-01T22:16:00
1833,LOT002,LOT002-W05,4,4,tungsten,M3,1.7524,True,37.58,418.15,2024-03-01T22:16:30
1834,LOT002,LOT002-W05,4,5,tungsten,M1,1.0534,True,37.58,418.15,2024-03-01T22:17:00
1835,LOT002,LOT002-W05,4,6,copper,M3,1.3914,True,37.58,418.15,2024-03-01T22:17:30
1836,LOT002,LOT002-W05,4,7,tungsten,M3,1.764,True,37.58,418.15,2024-03-01T22:18:00
1837,LOT002,LOT002-W05,4,8,copper,M1,0.7836,True,37.58,418.15,2024-03-01T22:18:30
1838,LOT002,LOT002-W05,4,9,tungsten,M4,2.0025,True,37.58,418.15,2024-03-01T22:19:00
1839,LOT002,LOT002-W05,4,10,copper,M1,0.8324,False,37.58,418.15,2024-03-01T22:19:30
1840,LOT002,LOT002-W05,5,1,tungsten,M3,1.8483,True,37.58,418.15,2024-03-01T22:20:00
1841,LOT002,LOT002-W05,5,2,tungsten,M3,1.7998,True,37.58,418.15,2024-03-01T22:20:30
1842,LOT002,LOT002-W05,5,3,tungsten,M2,1.4862,True,37.58,418.15,2024-03-01T22:21:00
1843,LOT002,LOT002-W05,5,4,copper,M3,1.3562,True,37.58,418.15,2024-03-01T22:21:30
1844,LOT002,LOT002-W05,5,5,copper,M2,1.0519,True,37.58,418.15,2024-03-01T22:22:00
1845,LOT002,LOT002-W05,5,6,tungsten,M3,1.7214,True,37.58,418.15,2024-03-01T22:22:30
1846,LOT002,LOT002-W05,5,7,copper,M4,1.7297,True,37.58,418.15,2024-03-01T22:23:00
1847,LOT002,LOT002-W05,5,8,tungsten,M2,1.4374,True,37.58,418.15,2024-03-01T22:23:30
1848,LOT002,LOT002-W05,5,9,tungsten,M3,1.7851,True,37.58,418.15,2024-03-01T22:24:00
1849,LOT002,LOT002-W05,5,10,tungsten,M2,1.3798,True,37.58,418.15,2024-03-01T22:24:30
1850,LOT002,LOT002-W05,6,1,tungsten,M3,1.8089,True,37.58,418.15,2024-03-01T22:25:00
1851,LOT002,LOT002-W05,6,2,copper,M2,0.999,True,37.58,418.15,2024-03-01T22:25:30
1852,LOT002,LOT002-W05,6,3,tungsten,M2,1.4148,True,37.58,418.15,2024-03-01T22:26:00
1853,LOT002,LOT002-W05,6,4,tungsten,M2,1.492,True,37.58,418.15,2024-03-01T22:26:30
1854,LOT002,LOT002-W05,6,5,copper,M3,1.4235,True,37.58,418.15,2024-03-01T22:27:00
1855,LOT002,LOT002-W05,6,6,copper,M1,0.7155,True,37.58,418.15,2024-03-01T22:27:30
1856,LOT002,LOT002-W05,6,7,tungsten,M2,1.2351,True,37.58,418.15,2024-03-01T22:28:00
1857,LOT002,LOT002-W05,6,8,copper,M2,1.0639,True,37.58,418.15,2024-03-01T22:28:30
1858,LOT002,LOT002-W05,6,9,copper,M3,1.3991,True,37.58,418.15,2024-03-01T22:29:00
1859,LOT002,LOT002-W05,6,10,copper,M2,1.0606,True,37.58,418.15,2024-03-01T22:29:30
1860,LOT002,LOT002-W05,7,1,copper,M3,1.4257,True,37.58,418.15,2024-03-01T22:30:00
1861,LOT002,LOT002-W05,7,2,tungsten,M4,2.0548,True,37.58,418.15,2024-03-01T22:30:30
1862,LOT002,LOT002-W05,7,3,tungsten,M3,1.9525,True,37.58,418.15,2024-03-01T22:31:00
1863,LOT002,LOT002-W05,7,4,tungsten,M2,1.3724,True,37.58,418.15,2024-03-01T22:31:30
1864,LOT002,LOT002-W05,7,5,copper,M3,1.4265,True,37.58,418.15,2024-03-01T22:32:00
1865,LOT002,LOT002-W05,7,6,tungsten,M1,0.9589,True,37.58,418.15,2024-03-01T22:32:30
1866,LOT002,LOT002-W05,7,7,tungsten,M3,1.7833,True,37.58,418.15,2024-03-01T22:33:00
1867,LOT002,LOT002-W05,7,8,copper,M4,1.6692,True,37.58,418.15,2024-03-01T22:33:30
1868,LOT002,LOT002-W05,7,9,tungsten,M1,1.0324,True,37.58,418.15,2024-03-01T22:34:00
1869,LOT002,LOT002-W05,7,10,tungsten,M4,2.1386,True,37.58,418.15,2024-03-01T22:34:30
1870,LOT002,LOT002-W05,8,1,copper,M2,1.1496,True,37.58,418.15,2024-03-01T22:35:00
1871,LOT002,LOT002-W05,8,2,tungsten,M4,2.1196,True,37.58,418.15,2024-03-01T22:35:30
1872,LOT002,LOT002-W05,8,3,copper,M4,1.5851,True,37.58,418.15,2024-03-01T22:36:00
1873,LOT002,LOT002-W05,8,4,tungsten,M2,1.3726,True,37.58,418.15,2024-03-01T22:36:30
1874,LOT002,LOT002-W05,8,5,tungsten,M2,1.3024,True,37.58,418.15,2024-03-01T22:37:00
1875,LOT002,LOT002-W05,8,6,tungsten,M2,1.265,True,37.58,418.15,2024-03-01T22:37:30
1876,LOT002,LOT002-W05,8,7,tungsten,M1,1.0236,True,37.58,418.15,2024-03-01T22:38:00
1877,LOT002,LOT002-W05,8,8,copper,M2,1.0348,True,37.58,418.15,2024-03-01T22:38:30
1878,LOT002,LOT002-W05,8,9,tungsten,M2,1.4215,True,37.58,418.15,2024-03-01T22:39:00
1879,LOT002,LOT002-W05,8,10,tungsten,M4,2.1163,True,37.58,418.15,2024-03-01T22:39:30
1880,LOT002,LOT002-W05,9,1,copper,M1,0.7862,True,37.58,418.15,2024-03-01T22:40:00
1881,LOT002,LOT002-W05,9,2,tungsten,M4,1.845,True,37.58,418.15,2024-03-01T22:40:30
1882,LOT002,LOT002-W05,9,3,copper,M2,1.131,True,37.58,418.15,2024-03-01T22:41:00
1883,LOT002,LOT002-W05,9,4,copper,M3,1.3236,True,37.58,418.15,2024-03-01T22:41:30
1884,LOT002,LOT002-W05,9,5,copper,M4,1.6211,True,37.58,418.15,2024-03-01T22:42:00
1885,LOT002,LOT002-W05,9,6,copper,M3,1.335,True,37.58,418.15,2024-03-01T22:42:30
1886,LOT002,LOT002-W05,9,7,copper,M1,0.8289,True,37.58,418.15,2024-03-01T22:43:00
1887,LOT002,LOT002-W05,9,8,copper,M4,1.6826,True,37.58,418.15,2024-03-01T22:43:30
1888,LOT002,LOT002-W05,9,9,copper,M1,0.7789,True,37.58,418.15,2024-03-01T22:44:00
1889,LOT002,LOT002-W05,9,10,copper,M1,0.8474,True,37.58,418.15,2024-03-01T22:44:30
1890,LOT002,LOT002-W05,10,1,tungsten,M1,0.9647,True,37.58,418.15,2024-03-01T22:45:00
1891,LOT002,LOT002-W05,10,2,tungsten,M2,1.346,True,37.58,418.15,2024-03-01T22:45:30
1892,LOT002,LOT002-W05,10,3,copper,M1,0.764,True,37.58,418.15,2024-03-01T22:46:00
1893,LOT002,LOT002-W05,10,4,copper,M2,1.0783,True,37.58,418.15,2024-03-01T22:46:30
1894,LOT002,LOT002-W05,10,5,copper,M2,1.1372,True,37.58,418.15,2024-03-01T22:47:00
1895,LOT002,LOT002-W05,10,6,copper,M2,1.1061,True,37.58,418.15,2024-03-01T22:47:30
1896,LOT002,LOT002-W05,10,7,copper,M3,1.3984,True,37.58,418.15,2024-03-01T22:48:00
1897,LOT002,LOT002-W05,10,8,tungsten,M3,1.7836,True,37.58,418.15,2024-03-01T22:48:30
1898,LOT002,LOT002-W05,10,9,copper,M3,1.3279,True,37.58,418.15,2024-03-01T22:49:00
1899,LOT002,LOT002-W05,10,10,copper,M4,1.5536,True,37.58,418.15,2024-03-01T22:49:30
1900,LOT002,LOT002-W05,11,1,tungsten,M2,1.3973,True,37.58,418.15,2024-03-01T22:50:00
1901,LOT002,LOT002-W05,11,2,copper,M1,0.8175,True,37.58,418.15,2024-03-01T22:50:30
1902,LOT002,LOT002-W05,11,3,tungsten,M1,1.009,True,37.58,418.15,2024-03-01T22:51:00
1903,LOT002,LOT002-W05,11,4,tungsten,M3,1.8299,True,37.58,418.15,2024-03-01T22:51:30
1904,LOT002,LOT002-W05,11,5,tungsten,M2,1.3393,False,37.58,418.15,2024-03-01T22:52:00
1905,LOT002,LOT002-W05,11,6,tungsten,M4,1.9712,True,37.58,418.15,2024-03-01T22:52:30
1906,LOT002,LOT002-W05,11,7,copper,M4,1.7492,True,37.58,418.15,2024-03-01T22:53:00
1907,LOT002,LOT002-W05,11,8,tungsten,M3,1.7492,True,37.58,418.15,2024-03-01T22:53:30
1908,LOT002,LOT002-W05,11,9,copper,M1,0.7436,True,37.58,418.15,2024-03-01T22:54:00
1909,LOT002,LOT002-W05,11,10,tungsten,M4,2.172,True,37.58,418.15,2024-03-01T22:54:30
1910,LOT002,LOT002-W05,12,1,copper,M2,1.0587,True,37.58,418.15,2024-03-01T22:55:00
1911,LOT002,LOT002-W05,12,2,tungsten,M1,0.9364,True,37.58,418.15,2024-03-01T22:55:30
1912,LOT002,LOT002-W05,12,3,tungsten,M4,2.081,True,37.58,418.15,2024-03-01T22:56:00
1913,LOT002,LOT002-W05,12,4,tungsten,M2,1.3316,True,37.58,418.15,2024-03-01T22:56:30
1914,LOT002,LOT002-W05,12,5,copper,M4,1.6965,True,37.58,418.15,2024-03-01T22:57:00
1915,LOT002,LOT002-W05,12,6,tungsten,M1,0.9604,True,37.58,418.15,2024-03-01T22:57:30
1916,LOT002,LOT002-W05,12,7,copper,M1,0.822,True,37.58,418.15,2024-03-01T22:58:00
1917,LOT002,LOT002-W05,12,8,tungsten,M2,1.306,True,37.58,418.15,2024-03-01T22:58:30
1918,LOT002,LOT002-W05,12,9,tungsten,M2,1.3674,True,37.58,418.15,2024-03-01T22:59:00
1919,LOT002,LOT002-W05,12,10,tungsten,M1,1.0387,True,37.58,418.15,2024-03-01T22:59:30
1920,LOT002,LOT002-W05,13,1,copper,M3,1.389,True,37.58,418.15,2024-03-01T23:00:00
1921,LOT002,LOT002-W05,13,2,copper,M2,1.1463,False,37.58,418.15,2024-03-01T23:00:30
1922,LOT002,LOT002-W05,13,3,copper,M2,1.0404,True,37.58,418.15,2024-03-01T23:01:00
1923,LOT002,LOT002-W05,13,4,copper,M1,0.7519,True,37.58,418.15,2024-03-01T23:01:30
1924,LOT002,LOT002-W05,13,5,tungsten,M1,0.937,True,37.58,418.15,2024-03-01T23:02:00
1925,LOT002,LOT002-W05,13,6,tungsten,M3,1.992,True,37.58,418.15,2024-03-01T23:02:30
1926,LOT002,LOT002-W05,13,7,copper,M3,1.4182,True,37.58,418.15,2024-03-01T23:03:00
1927,LOT002,LOT002-W05,13,8,copper,M2,1.0754,True,37.58,418.15,2024-03-01T23:03:30
1928,LOT002,LOT002-W05,13,9,copper,M2,1.0987,True,37.58,418.15,2024-03-01T23:04:00
1929,LOT002,LOT002-W05,13,10,copper,M3,1.4763,True,37.58,418.15,2024-03-01T23:04:30
1930,LOT002,LOT002-W05,14,1,copper,M3,1.356,True,37.58,418.15,2024-03-01T23:05:00
1931,LOT002,LOT002-W05,14,2,tungsten,M1,0.9866,True,37.58,418.15,2024-03-01T23:05:30
1932,LOT002,LOT002-W05,14,3,copper,M1,0.8211,True,37.58,418.15,2024-03-01T23:06:00
1933,LOT002,LOT002-W05,14,4,tungsten,M4,2.0783,True,37.58,418.15,2024-03-01T23:06:30
1934,LOT002,LOT002-W05,14,5,copper,M3,1.4379,True,37.58,418.15,2024-03-01T23:07:00
1935,LOT002,LOT002-W05,14,6,tungsten,M1,0.9201,True,37.58,418.15,2024-03-01T23:07:30
1936,LOT002,LOT002-W05,14,7,tungsten,M4,2.1833,True,37.58,418.15,2024-03-01T23:08:00
1937,LOT002,LOT002-W05,14,8,copper,M1,0.7787,True,37.58,418.15,2024-03-01T23:08:30
1938,LOT002,LOT002-W05,14,9,tungsten,M3,1.8412,True,37.58,418.15,2024-03-01T23:09:00
1939,LOT002,LOT002-W05,14,10,copper,M4,1.7282,True,37.58,418.15,2024-03-01T23:09:30
1940,LOT002,LOT002-W05,15,1,tungsten,M1,1.0539,True,37.58,418.15,2024-03-01T23:10:00
1941,LOT002,LOT002-W05,15,2,copper,M1,0.8072,True,37.58,418.15,2024-03-01T23:10:30
1942,LOT002,LOT002-W05,15,3,tungsten,M1,1.0206,True,37.58,418.15,2024-03-01T23:11:00
1943,LOT002,LOT002-W05,15,4,tungsten,M3,1.5351,True,37.58,418.15,2024-03-01T23:11:30
1944,LOT002,LOT002-W05,15,5,copper,M2,1.0547,True,37.58,418.15,2024-03-01T23:12:00
1945,LOT002,LOT002-W05,15,6,tungsten,M1,0.9719,True,37.58,418.15,2024-03-01T23:12:30
1946,LOT002,LOT002-W05,15,7,copper,M4,1.745,True,37.58,418.15,2024-03-01T23:13:00
1947,LOT002,LOT002-W05,15,8,tungsten,M3,1.901,True,37.58,418.15,2024-03-01T23:13:30
1948,LOT002,LOT002-W05,15,9,copper,M1,0.7947,True,37.58,418.15,2024-03-01T23:14:00
1949,LOT002,LOT002-W05,15,10,copper,M1,0.7736,True,37.58,418.15,2024-03-01T23:14:30
1950,LOT002,LOT002-W05,16,1,copper,M3,1.4763,True,37.58,418.15,2024-03-01T23:15:00
1951,LOT002,LOT002-W05,16,2,tungsten,M1,0.9852,True,37.58,418.15,2024-03-01T23:15:30
1952,LOT002,LOT002-W05,16,3,tungsten,M4,2.1268,True,37.58,418.15,2024-03-01T23:16:00
1953,LOT002,LOT002-W05,16,4,copper,M1,0.8167,True,37.58,418.15,2024-03-01T23:16:30
1954,LOT002,LOT002-W05,16,5,copper,M1,0.7899,True,37.58,418.15,2024-03-01T23:17:00
1955,LOT002,LOT002-W05,16,6,copper,M2,1.085,True,37.58,418.15,2024-03-01T23:17:30
1956,LOT002,LOT002-W05,16,7,copper,M1,0.7921,True,37.58,418.15,2024-03-01T23:18:00
1957,LOT002,LOT002-W05,16,8,copper,M1,0.8552,True,37.58,418.15,2024-03-01T23:18:30
1958,LOT002,LOT002-W05,16,9,copper,M4,1.6477,True,37.58,418.15,2024-03-01T23:19:00
1959,LOT002,LOT002-W05,16,10,copper,M2,1.1737,True,37.58,418.15,2024-03-01T23:19:30
1960,LOT002,LOT002-W05,17,1,tungsten,M2,1.4999,True,37.58,418.15,2024-03-01T23:20:00
1961,LOT002,LOT002-W05,17,2,copper,M2,0.9822,True,37.58,418.15,2024-03-01T23:20:30
1962,LOT002,LOT002-W05,17,3,tungsten,M3,1.784,True,37.58,418.15,2024-03-01T23:21:00
1963,LOT002,LOT002-W05,17,4,copper,M4,1.9485,True,37.58,418.15,2024-03-01T23:21:30
1964,LOT002,LOT002-W05,17,5,copper,M3,1.4389,True,37.58,418.15,2024-03-01T23:22:00
1965,LOT002,LOT002-W05,17,6,tungsten,M1,1.0089,True,37.58,418.15,2024-03-01T23:22:30
1966,LOT002,LOT002-W05,17,7,tungsten,M3,1.7072,False,37.58,418.15,2024-03-01T23:23:00
1967,LOT002,LOT002-W05,17,8,copper,M3,1.3504,True,37.58,418.15,2024-03-01T23:23:30
1968,LOT002,LOT002-W05,17,9,tungsten,M4,2.0633,True,37.58,418.15,2024-03-01T23:24:00
1969,LOT002,LOT002-W05,17,10,copper,M3,1.5136,True,37.58,418.15,2024-03-01T23:24:30
1970,LOT002,LOT002-W05,18,1,tungsten,M3,1.7681,True,37.58,418.15,2024-03-01T23:25:00
1971,LOT002,LOT002-W05,18,2,tungsten,M1,1.0964,True,37.58,418.15,2024-03-01T23:25:30
1972,LOT002,LOT002-W05,18,3,copper,M1,0.8036,True,37.58,418.15,2024-03-01T23:26:00
1973,LOT002,LOT002-W05,18,4,tungsten,M1,1.0429,True,37.58,418.15,2024-03-01T23:26:30
1974,LOT002,LOT002-W05,18,5,copper,M3,1.5307,True,37.58,418.15,2024-03-01T23:27:00
1975,LOT002,LOT002-W05,18,6,copper,M4,1.7328,True,37.58,418.15,2024-03-01T23:27:30
1976,LOT002,LOT002-W05,18,7,copper,M2,1.0877,True,37.58,418.15,2024-03-01T23:28:00
1977,LOT002,LOT002-W05,18,8,copper,M3,1.3816,True,37.58,418.15,2024-03-01T23:28:30
1978,LOT002,LOT002-W05,18,9,copper,M4,1.6814,True,37.58,418.15,2024-03-01T23:29:00
1979,LOT002,LOT002-W05,18,10,copper,M2,1.1195,True,37.58,418.15,2024-03-01T23:29:30
1980,LOT002,LOT002-W05,19,1,copper,M4,1.7107,True,37.58,418.15,2024-03-01T23:30:00
1981,LOT002,LOT002-W05,19,2,tungsten,M1,0.9856,True,37.58,418.15,2024-03-01T23:30:30
1982,LOT002,LOT002-W05,19,3,tungsten,M2,1.3839,True,37.58,418.15,2024-03-01T23:31:00
1983,LOT002,LOT002-W05,19,4,tungsten,M4,2.0004,True,37.58,418.15,2024-03-01T23:31:30
1984,LOT002,LOT002-W05,19,5,tungsten,M3,1.8147,True,37.58,418.15,2024-03-01T23:32:00
1985,LOT002,LOT002-W05,19,6,tungsten,M2,1.3799,True,37.58,418.15,2024-03-01T23:32:30
1986,LOT002,LOT002-W05,19,7,copper,M1,0.7595,True,37.58,418.15,2024-03-01T23:33:00
1987,LOT002,LOT002-W05,19,8,copper,M2,1.0556,True,37.58,418.15,2024-03-01T23:33:30
1988,LOT002,LOT002-W05,19,9,tungsten,M1,1.0232,True,37.58,418.15,2024-03-01T23:34:00
1989,LOT002,LOT002-W05,19,10,tungsten,M2,1.3861,True,37.58,418.15,2024-03-01T23:34:30
1990,LOT002,LOT002-W05,20,1,tungsten,M1,0.9162,True,37.58,418.15,2024-03-01T23:35:00
1991,LOT002,LOT002-W05,20,2,tungsten,M3,1.7777,True,37.58,418.15,2024-03-01T23:35:30
1992,LOT002,LOT002-W05,20,3,copper,M4,1.7354,True,37.58,418.15,2024-03-01T23:36:00
1993,LOT002,LOT002-W05,20,4,tungsten,M1,0.9208,True,37.58,418.15,2024-03-01T23:36:30
1994,LOT002,LOT002-W05,20,5,copper,M2,1.1509,True,37.58,418.15,2024-03-01T23:37:00
1995,LOT002,LOT002-W05,20,6,copper,M2,1.0944,True,37.58,418.15,2024-03-01T23:37:30
1996,LOT002,LOT002-W05,20,7,copper,M4,1.6507,True,37.58,418.15,2024-03-01T23:38:00
1997,LOT002,LOT002-W05,20,8,copper,M3,1.3769,True,37.58,418.15,2024-03-01T23:38:30
1998,LOT002,LOT002-W05,20,9,tungsten,M2,1.4717,True,37.58,418.15,2024-03-01T23:39:00
1999,LOT002,LOT002-W05,20,10,copper,M2,1.1032,True,37.58,418.15,2024-03-01T23:39:30
2000,LOT003,LOT003-W01,1,1,tungsten,M2,1.5137,True,37.93,413.28,2024-03-01T23:40:00
2001,LOT003,LOT003-W01,1,2,copper,M2,1.2425,True,37.93,413.28,2024-03-01T23:40:30
2002,LOT003,LOT003-W01,1,3,tungsten,M3,1.7361,True,37.93,413.28,2024-03-01T23:41:00
2003,LOT003,LOT003-W01,1,4,copper,M1,0.7888,True,37.93,413.28,2024-03-01T23:41:30
2004,LOT003,LOT003-W01,1,5,tungsten,M3,1.9026,True,37.93,413.28,2024-03-01T23:42:00
2005,LOT003,LOT003-W01,1,6,tungsten,M1,0.9062,True,37.93,413.28,2024-03-01T23:42:30
2006,LOT003,LOT003-W01,1,7,copper,M1,0.8276,False,37.93,413.28,2024-03-01T23:43:00
2007,LOT003,LOT003-W01,1,8,copper,M2,1.2077,True,37.93,413.28,2024-03-01T23:43:30
2008,LOT003,LOT003-W01,1,9,tungsten,M1,0.9709,True,37.93,413.28,2024-03-01T23:44:00
2009,LOT003,LOT003-W01,1,10,tungsten,M3,1.6659,True,37.93,413.28,2024-03-01T23:44:30
2010,LOT003,LOT003-W01,2,1,copper,M4,1.5673,True,37.93,413.28,2024-03-01T23:45:00
2011,LOT003,LOT003-W01,2,2,tungsten,M3,1.9564,True,37.93,413.28,2024-03-01T23:45:30
2012,LOT003,LOT003-W01,2,3,copper,M3,1.4899,True,37.93,413.28,2024-03-01T23:46:00
2013,LOT003,LOT003-W01,2,4,copper,M1,0.7867,True,37.93,413.28,2024-03-01T23:46:30
2014,LOT003,LOT003-W01,2,5,copper,M1,0.8043,True,37.93,413.28,2024-03-01T23:47:00
2015,LOT003,LOT003-W01,2,6,copper,M1,0.7768,True,37.93,413.28,2024-03-01T23:47:30
2016,LOT003,LOT003-W01,2,7,tungsten,M2,1.3771,True,37.93,413.28,2024-03-01T23:48:00
2017,LOT003,LOT003-W01,2,8,tungsten,M4,2.2479,True,37.93,413.28,2024-03-01T23:48:30
2018,LOT003,LOT003-W01,2,9,tungsten,M2,1.4033,True,37.93,413.28,2024-03-01T23:49:00
2019,LOT003,LOT003-W01,2,10,tungsten,M4,2.0631,True,37.93,413.28,2024-03-01T23:49:30
2020,LOT003,LOT003-W01,3,1,copper,M3,1.4232,True,37.93,413.28,2024-03-01T23:50:00
2021,LOT003,LOT003-W01,3,2,tungsten,M1,1.0139,True,37.93,413.28,2024-03-01T23:50:30
2022,LOT003,LOT003-W01,3,3,copper,M2,1.0888,True,37.93,413.28,2024-03-01T23:51:00
2023,LOT003,LOT003-W01,3,4,tungsten,M4,2.0469,True,37.93,413.28,2024-03-01T23:51:30
2024,LOT003,LOT003-W01,3,5,tungsten,M2,1.4002,True,37.93,413.28,2024-03-01T23:52:00
2025,LOT003,LOT003-W01,3,6,copper,M3,1.4627,True,37.93,413.28,2024-03-01T23:52:30
2026,LOT003,LOT003-W01,3,7,tungsten,M4,2.0617,True,37.93,413.28,2024-03-01T23:53:00
2027,LOT003,LOT003-W01,3,8,copper,M3,1.5032,True,37.93,413.28,2024-03-01T23:53:30
2028,LOT003,LOT003-W01,3,9,tungsten,M2,1.362,True,37.93,413.28,2024-03-01T23:54:00
2029,LOT003,LOT003-W01,3,10,tungsten,M1,1.0236,True,37.93,413.28,2024-03-01T23:54:30
2030,LOT003,LOT003-W01,4,1,tungsten,M1,1.017,True,37.93,413.28,2024-03-01T23:55:00
2031,LOT003,LOT003-W01,4,2,copper,M3,1.2918,True,37.93,413.28,2024-03-01T23:55:30
2032,LOT003,LOT003-W01,4,3,copper,M4,1.8139,True,37.93,413.28,2024-03-01T23:56:00
2033,LOT003,LOT003-W01,4,4,tungsten,M1,0.9592,True,37.93,413.28,2024-03-01T23:56:30
2034,LOT003,LOT003-W01,4,5,tungsten,M1,1.0663,True,37.93,413.28,2024-03-01T23:57:00
2035,LOT003,LOT003-W01,4,6,copper,M4,1.6732,True,37.93,413.28,2024-03-01T23:57:30
2036,LOT003,LOT003-W01,4,7,copper,M3,1.4056,True,37.93,413.28,2024-03-01T23:58:00
2037,LOT003,LOT003-W01,4,8,copper,M3,1.4178,True,37.93,413.28,2024-03-01T23:58:30
2038,LOT003,LOT003-W01,4,9,tungsten,M4,1.981,True,37.93,413.28,2024-03-01T23:59:00
2039,LOT003,LOT003-W01,4,10,tungsten,M3,1.8735,True,37.93,413.28,2024-03-01T23:59:30
2040,LOT003,LOT003-W01,5,1,tungsten,M3,1.8706,True,37.93,413.28,2024-03-02T00:00:00
2041,LOT003,LOT003-W01,5,2,tungsten,M3,1.9482,True,37.93,413.28,2024-03-02T00:00:30
2042,LOT003,LOT003-W01,5,3,copper,M1,0.8263,True,37.93,413.28,2024-03-02T00:01:00
2043,LOT003,LOT003-W01,5,4,tungsten,M4,2.0275,False,37.93,413.28,2024-03-02T00:01:30
2044,LOT003,LOT003-W01,5,5,tungsten,M1,1.0002,True,37.93,413.28,2024-03-02T00:02:00
2045,LOT003,LOT003-W01,5,6,tungsten,M1,0.9412,True,37.93,413.28,2024-03-02T00:02:30
2046,LOT003,LOT003-W01,5,7,tungsten,M3,1.6545,True,37.93,413.28,2024-03-02T00:03:00
2047,LOT003,LOT003-W01,5,8,copper,M4,1.7137,True,37.93,413.28,2024-03-02T00:03:30
2048,LOT003,LOT003-W01,5,9,copper,M4,1.799,True,37.93,413.28,2024-03-02T00:04:00
2049,LOT003,LOT003-W01,5,10,copper,M2,1.1068,False,37.93,413.28,2024-03-02T00:04:30
2050,LOT003,LOT003-W01,6,1,copper,M1,0.8496,True,37.93,413.28,2024-03-02T00:05:00
2051,LOT003,LOT003-W01,6,2,copper,M1,0.7743,True,37.93,413.28,2024-03-02T00:05:30
2052,LOT003,LOT003-W01,6,3,tungsten,M1,0.9474,True,37.93,413.28,2024-03-02T00:06:00
2053,LOT003,LOT003-W01,6,4,tungsten,M1,1.0993,True,37.93,413.28,2024-03-02T00:06:30
2054,LOT003,LOT003-W01,6,5,copper,M4,1.7343,True,37.93,413.28,2024-03-02T00:07:00
2055,LOT003,LOT003-W01,6,6,copper,M1,0.8002,True,37.93,413.28,2024-03-02T00:07:30
2056,LOT003,LOT003-W01,6,7,copper,M1,0.811,True,37.93,413.28,2024-03-02T00:08:00
2057,LOT003,LOT003-W01,6,8,copper,M4,1.6275,True,37.93,413.28,2024-03-02T00:08:30
2058,LOT003,LOT003-W01,6,9,copper,M3,1.4137,True,37.93,413.28,2024-03-02T00:09:00
2059,LOT003,LOT003-W01,6,10,tungsten,M1,0.9511,True,37.93,413.28,2024-03-02T00:09:30
2060,LOT003,LOT003-W01,7,1,tungsten,M2,1.3396,True,37.93,413.28,2024-03-02T00:10:00
2061,LOT003,LOT003-W01,7,2,copper,M2,1.1779,True,37.93,413.28,2024-03-02T00:10:30
2062,LOT003,LOT003-W01,7,3,copper,M1,0.7893,True,37.93,413.28,2024-03-02T00:11:00
2063,LOT003,LOT003-W01,7,4,copper,M1,0.778,True,37.93,413.28,2024-03-02T00:11:30
2064,LOT003,LOT003-W01,7,5,tungsten,M2,1.3716,True,37.93,413.28,2024-03-02T00:12:00
2065,LOT003,LOT003-W01,7,6,tungsten,M4,2.0667,True,37.93,413.28,2024-03-02T00:12:30
2066,LOT003,LOT003-W01,7,7,copper,M3,1.276,True,37.93,413.28,2024-03-02T00:13:00
2067,LOT003,LOT003-W01,7,8,tungsten,M2,1.4427,True,37.93,413.28,2024-03-02T00:13:30
2068,LOT003,LOT003-W01,7,9,tungsten,M4,2.004,True,37.93,413.28,2024-03-02T00:14:00
2069,LOT003,LOT003-W01,7,10,tungsten,M3,1.8629,True,37.93,413.28,2024-03-02T00:14:30
2070,LOT003,LOT003-W01,8,1,copper,M3,1.2342,True,37.93,413.28,2024-03-02T00:15:00
2071,LOT003,LOT003-W01,8,2,copper,M2,1.0906,True,37.93,413.28,2024-03-02T00:15:30
2072,LOT003,LOT003-W01,8,3,copper,M1,0.6789,True,37.93,413.28,2024-03-02T00:16:00
2073,LOT003,LOT003-W01,8,4,tungsten,M3,1.7476,True,37.93,413.28,2024-03-02T00:16:30
2074,LOT003,LOT003-W01,8,5,copper,M3,1.2858,True,37.93,413.28,2024-03-02T00:17:00
2075,LOT003,LOT003-W01,8,6,copper,M3,1.3092,True,37.93,413.28,2024-03-02T00:17:30
2076,LOT003,LOT003-W01,8,7,tungsten,M1,0.9402,True,37.93,413.28,2024-03-02T00:18:00
2077,LOT003,LOT003-W01,8,8,copper,M1,0.8229,True,37.93,413.28,2024-03-02T00:18:30
2078,LOT003,LOT003-W01,8,9,copper,M4,1.5679,True,37.93,413.28,2024-03-02T00:19:00
2079,LOT003,LOT003-W01,8,10,tungsten,M1,0.9956,False,37.93,413.28,2024-03-02T00:19:30
2080,LOT003,LOT003-W01,9,1,tungsten,M2,1.1888,True,37.93,413.28,2024-03-02T00:20:00
2081,LOT003,LOT003-W01,9,2,copper,M1,0.7406,True,37.93,413.28,2024-03-02T00:20:30
2082,LOT003,LOT003-W01,9,3,copper,M1,0.7832,True,37.93,413.28,2024-03-02T00:21:00
2083,LOT003,LOT003-W01,9,4,tungsten,M1,0.96,True,37.93,413.28,2024-03-02T00:21:30
2084,LOT003,LOT003-W01,9,5,tungsten,M1,0.9911,True,37.93,413.28,2024-03-02T00:22:00
2085,LOT003,LOT003-W01,9,6,tungsten,M2,1.3533,True,37.93,413.28,2024-03-02T00:22:30
2086,LOT003,LOT003-W01,9,7,tungsten,M2,1.2921,True,37.93,413.28,2024-03-02T00:23:00
2087,LOT003,LOT003-W01,9,8,tungsten,M1,1.0428,True,37.93,413.28,2024-03-02T00:23:30
2088,LOT003,LOT003-W01,9,9,tungsten,M3,1.6554,True,37.93,413.28,2024-03-02T00:24:00
2089,LOT003,LOT003-W01,9,10,copper,M3,1.3176,False,37.93,413.28,2024-03-02T00:24:30
2090,LOT003,LOT003-W01,10,1,copper,M4,1.569,True,37.93,413.28,2024-03-02T00:25:00
2091,LOT003,LOT003-W01,10,2,tungsten,M3,1.7682,True,37.93,413.28,2024-03-02T00:25:30
2092,LOT003,LOT003-W01,10,3,tungsten,M3,1.818,True,37.93,413.28,2024-03-02T00:26:00
2093,LOT003,LOT003-W01,10,4,copper,M1,0.7926,True,37.93,413.28,2024-03-02T00:26:30
2094,LOT003,LOT003-W01,10,5,tungsten,M2,1.3748,True,37.93,413.28,2024-03-02T00:27:00
2095,LOT003,LOT003-W01,10,6,copper,M3,1.366,True,37.93,413.28,2024-03-02T00:27:30
2096,LOT003,LOT003-W01,10,7,tungsten,M4,2.1152,True,37.93,413.28,2024-03-02T00:28:00
2097,LOT003,LOT003-W01,10,8,tungsten,M1,1.0542,True,37.93,413.28,2024-03-02T00:28:30
2098,LOT003,LOT003-W01,10,9,tungsten,M1,0.9899,True,37.93,413.28,2024-03-02T00:29:00
2099,LOT003,LOT003-W01,10,10,copper,M3,1.4088,True,37.93,413.28,2024-03-02T00:29:30
2100,LOT003,LOT003-W01,11,1,copper,M1,0.8354,True,37.93,413.28,2024-03-02T00:30:00
2101,LOT003,LOT003-W01,11,2,tungsten,M2,1.4094,True,37.93,413.28,2024-03-02T00:30:30
2102,LOT003,LOT003-W01,11,3,copper,M1,0.8079,True,37.93,413.28,2024-03-02T00:31:00
2103,LOT003,LOT003-W01,11,4,tungsten,M4,2.1498,True,37.93,413.28,2024-03-02T00:31:30
2104,LOT003,LOT003-W01,11,5,copper,M4,1.7034,True,37.93,413.28,2024-03-02T00:32:00
2105,LOT003,LOT003-W01,11,6,tungsten,M3,1.806,True,37.93,413.28,2024-03-02T00:32:30
2106,LOT003,LOT003-W01,11,7,copper,M2,1.058,True,37.93,413.28,2024-03-02T00:33:00
2107,LOT003,LOT003-W01,11,8,copper,M2,1.0356,True,37.93,413.28,2024-03-02T00:33:30
2108,LOT003,LOT003-W01,11,9,tungsten,M1,0.9795,True,37.93,413.28,2024-03-02T00:34:00
2109,LOT003,LOT003-W01,11,10,tungsten,M1,0.9792,True,37.93,413.28,2024-03-02T00:34:30
2110,LOT003,LOT003-W01,12,1,tungsten,M4,2.1288,True,37.93,413.28,2024-03-02T00:35:00
2111,LOT003,LOT003-W01,12,2,tungsten,M3,1.7264,True,37.93,413.28,2024-03-02T00:35:30
2112,LOT003,LOT003-W01,12,3,tungsten,M3,1.9618,True,37.93,413.28,2024-03-02T00:36:00
2113,LOT003,LOT003-W01,12,4,copper,M3,1.3526,True,37.93,413.28,2024-03-02T00:36:30
2114,LOT003,LOT003-W01,12,5,copper,M2,1.1821,True,37.93,413.28,2024-03-02T00:37:00
2115,LOT003,LOT003-W01,12,6,tungsten,M1,1.0387,True,37.93,413.28,2024-03-02T00:37:30
2116,LOT003,LOT003-W01,12,7,tungsten,M2,1.3232,True,37.93,413.28,2024-03-02T00:38:00
2117,LOT003,LOT003-W01,12,8,copper,M2,1.0649,True,37.93,413.28,2024-03-02T00:38:30
2118,LOT003,LOT003-W01,12,9,tungsten,M1,0.989,False,37.93,413.28,2024-03-02T00:39:00
2119,LOT003,LOT003-W01,12,10,tungsten,M3,1.8613,True,37.93,413.28,2024-03-02T00:39:30
2120,LOT003,LOT003-W01,13,1,tungsten,M1,0.9603,True,37.93,413.28,2024-03-02T00:40:00
2121,LOT003,LOT003-W01,13,2,copper,M4,1.6946,True,37.93,413.28,2024-03-02T00:40:30
2122,LOT003,LOT003-W01,13,3,tungsten,M1,0.9764,True,37.93,413.28,2024-03-02T00:41:00
2123,LOT003,LOT003-W01,13,4,copper,M2,1.1704,True,37.93,413.28,2024-03-02T00:41:30
2124,LOT003,LOT003-W01,13,5,tungsten,M2,1.3266,True,37.93,413.28,2024-03-02T00:42:00
2125,LOT003,LOT003-W01,13,6,copper,M4,1.7143,True,37.93,413.28,2024-03-02T00:42:30
2126,LOT003,LOT003-W01,13,7,copper,M1,0.8139,True,37.93,413.28,2024-03-02T00:43:00
2127,LOT003,LOT003-W01,13,8,copper,M2,1.2048,True,37.93,413.28,2024-03-02T00:43:30
2128,LOT003,LOT003-W01,13,9,copper,M1,0.8548,True,37.93,413.28,2024-03-02T00:44:00
2129,LOT003,LOT003-W01,13,10,copper,M3,1.4569,True,37.93,413.28,2024-03-02T00:44:30
2130,LOT003,LOT003-W01,14,1,tungsten,M1,1.0263,True,37.93,413.28,2024-03-02T00:45:00
2131,LOT003,LOT003-W01,14,2,copper,M1,0.8146,True,37.93,413.28,2024-03-02T00:45:30
2132,LOT003,LOT003-W01,14,3,copper,M3,1.3678,True,37.93,413.28,2024-03-02T00:46:00
2133,LOT003,LOT003-W01,14,4,tungsten,M2,1.3972,True,37.93,413.28,2024-03-02T00:46:30
2134,LOT003,LOT003-W01,14,5,tungsten,M1,0.989,True,37.93,413.28,2024-03-02T00:47:00
2135,LOT003,LOT003-W01,14,6,tungsten,M4,2.2708,True,37.93,413.28,2024-03-02T00:47:30
2136,LOT003,LOT003-W01,14,7,copper,M2,1.0,True,37.93,413.28,2024-03-02T00:48:00
2137,LOT003,LOT003-W01,14,8,copper,M2,1.1477,True,37.93,413.28,2024-03-02T00:48:30
2138,LOT003,LOT003-W01,14,9,copper,M4,1.7471,True,37.93,413.28,2024-03-02T00:49:00
2139,LOT003,LOT003-W01,14,10,tungsten,M3,1.6113,True,37.93,413.28,2024-03-02T00:49:30
2140,LOT003,LOT003-W01,15,1,tungsten,M2,1.4366,True,37.93,413.28,2024-03-02T00:50:00
2141,LOT003,LOT003-W01,15,2,tungsten,M1,0.985,True,37.93,413.28,2024-03-02T00:50:30
2142,LOT003,LOT003-W01,15,3,copper,M2,1.108,True,37.93,413.28,2024-03-02T00:51:00
2143,LOT003,LOT003-W01,15,4,copper,M4,1.6986,True,37.93,413.28,2024-03-02T00:51:30
2144,LOT003,LOT003-W01,15,5,copper,M1,0.8279,True,37.93,413.28,2024-03-02T00:52:00
2145,LOT003,LOT003-W01,15,6,copper,M2,1.0794,True,37.93,413.28,2024-03-02T00:52:30
2146,LOT003,LOT003-W01,15,7,tungsten,M3,1.8114,True,37.93,413.28,2024-03-02T00:53:00
2147,LOT003,LOT003-W01,15,8,tungsten,M3,1.9612,True,37.93,413.28,2024-03-02T00:53:30
2148,LOT003,LOT003-W01,15,9,copper,M2,1.1539,True,37.93,413.28,2024-03-02T00:54:00
2149,LOT003,LOT003-W01,15,10,copper,M3,1.4754,True,37.93,413.28,2024-03-02T00:54:30
2150,LOT003,LOT003-W01,16,1,copper,M3,1.3571,True,37.93,413.28,2024-03-02T00:55:00
2151,LOT003,LOT003-W01,16,2,tungsten,M3,1.9423,True,37.93,413.28,2024-03-02T00:55:30
2152,LOT003,LOT003-W01,16,3,tungsten,M1,1.0402,True,37.93,413.28,2024-03-02T00:56:00
2153,LOT003,LOT003-W01,16,4,copper,M2,1.0732,True,37.93,413.28,2024-03-02T00:56:30
2154,LOT003,LOT003-W01,16,5,copper,M4,1.6401,True,37.93,413.28,2024-03-02T00:57:00
2155,LOT003,LOT003-W01,16,6,tungsten,M2,1.4144,True,37.93,413.28,2024-03-02T00:57:30
2156,LOT003,LOT003-W01,16,7,tungsten,M4,2.0726,True,37.93,413.28,2024-03-02T00:58:00
2157,LOT003,LOT003-W01,16,8,copper,M3,1.5101,True,37.93,413.28,2024-03-02T00:58:30
2158,LOT003,LOT003-W01,16,9,copper,M4,1.6351,True,37.93,413.28,2024-03-02T00:59:00
2159,LOT003,LOT003-W01,16,10,copper,M3,1.3293,True,37.93,413.28,2024-03-02T00:59:30
2160,LOT003,LOT003-W01,17,1,tungsten,M2,1.3782,True,37.93,413.28,2024-03-02T01:00:00
2161,LOT003,LOT003-W01,17,2,tungsten,M4,2.0426,True,37.93,413.28,2024-03-02T01:00:30
2162,LOT003,LOT003-W01,17,3,tungsten,M1,0.9995,True,37.93,413.28,2024-03-02T01:01:00
2163,LOT003,LOT003-W01,17,4,copper,M1,0.8267,True,37.93,413.28,2024-03-02T01:01:30
2164,LOT003,LOT003-W01,17,5,copper,M4,1.592,True,37.93,413.28,2024-03-02T01:02:00
2165,LOT003,LOT003-W01,17,6,copper,M4,1.6959,True,37.93,413.28,2024-03-02T01:02:30
2166,LOT003,LOT003-W01,17,7,copper,M4,1.5583,True,37.93,413.28,2024-03-02T01:03:00
2167,LOT003,LOT003-W01,17,8,copper,M2,1.0471,True,37.93,413.28,2024-03-02T01:03:30
2168,LOT003,LOT003-W01,17,9,tungsten,M4,2.0596,True,37.93,413.28,2024-03-02T01:04:00
2169,LOT003,LOT003-W01,17,10,tungsten,M2,1.4723,True,37.93,413.28,2024-03-02T01:04:30
2170,LOT003,LOT003-W01,18,1,tungsten,M1,0.9188,True,37.93,413.28,2024-03-02T01:05:00
2171,LOT003,LOT003-W01,18,2,copper,M4,1.6614,True,37.93,413.28,2024-03-02T01:05:30
2172,LOT003,LOT003-W01,18,3,tungsten,M4,2.2658,True,37.93,413.28,2024-03-02T01:06:00
2173,LOT003,LOT003-W01,18,4,copper,M3,1.3712,True,37.93,413.28,2024-03-02T01:06:30
2174,LOT003,LOT003-W01,18,5,tungsten,M4,1.9419,True,37.93,413.28,2024-03-02T01:07:00
2175,LOT003,LOT003-W01,18,6,copper,M1,0.7862,True,37.93,413.28,2024-03-02T01:07:30
2176,LOT003,LOT003-W01,18,7,tungsten,M4,1.907,True,37.93,413.28,2024-03-02T01:08:00
2177,LOT003,LOT003-W01,18,8,copper,M2,1.0892,True,37.93,413.28,2024-03-02T01:08:30
2178,LOT003,LOT003-W01,18,9,copper,M4,1.7721,True,37.93,413.28,2024-03-02T01:09:00
2179,LOT003,LOT003-W01,18,10,tungsten,M4,2.017,True,37.93,413.28,2024-03-02T01:09:30
2180,LOT003,LOT003-W01,19,1,copper,M4,1.8328,True,37.93,413.28,2024-03-02T01:10:00
2181,LOT003,LOT003-W01,19,2,copper,M1,0.7472,True,37.93,413.28,2024-03-02T01:10:30
2182,LOT003,LOT003-W01,19,3,copper,M2,1.0709,True,37.93,413.28,2024-03-02T01:11:00
2183,LOT003,LOT003-W01,19,4,copper,M2,1.0745,True,37.93,413.28,2024-03-02T01:11:30
2184,LOT003,LOT003-W01,19,5,tungsten,M4,2.1954,True,37.93,413.28,2024-03-02T01:12:00
2185,LOT003,LOT003-W01,19,6,copper,M4,1.7404,True,37.93,413.28,2024-03-02T01:12:30
2186,LOT003,LOT003-W01,19,7,tungsten,M4,2.1787,True,37.93,413.28,2024-03-02T01:13:00
2187,LOT003,LOT003-W01,19,8,tungsten,M4,2.1556,True,37.93,413.28,2024-03-02T01:13:30
2188,LOT003,LOT003-W01,19,9,copper,M2,1.0699,True,37.93,413.28,2024-03-02T01:14:00
2189,LOT003,LOT003-W01,19,10,tungsten,M3,1.6969,True,37.93,413.28,2024-03-02T01:14:30
2190,LOT003,LOT003-W01,20,1,copper,M4,1.7243,True,37.93,413.28,2024-03-02T01:15:00
2191,LOT003,LOT003-W01,20,2,tungsten,M1,0.9691,True,37.93,413.28,2024-03-02T01:15:30
2192,LOT003,LOT003-W01,20,3,tungsten,M1,0.9869,True,37.93,413.28,2024-03-02T01:16:00
2193,LOT003,LOT003-W01,20,4,tungsten,M2,1.3798,True,37.93,413.28,2024-03-02T01:16:30
2194,LOT003,LOT003-W01,20,5,tungsten,M3,1.8962,True,37.93,413.28,2024-03-02T01:17:00
2195,LOT003,LOT003-W01,20,6,tungsten,M2,1.2998,True,37.93,413.28,2024-03-02T01:17:30
2196,LOT003,LOT003-W01,20,7,tungsten,M3,1.792,True,37.93,413.28,2024-03-02T01:18:00
2197,LOT003,LOT003-W01,20,8,tungsten,M2,1.4677,True,37.93,413.28,2024-03-02T01:18:30
2198,LOT003,LOT003-W01,20,9,copper,M2,0.9851,True,37.93,413.28,2024-03-02T01:19:00
2199,LOT003,LOT003-W01,20,10,tungsten,M4,2.0989,True,37.93,413.28,2024-03-02T01:19:30
2200,LOT003,LOT003-W02,1,1,copper,M4,1.686,True,38.09,414.34,2024-03-02T01:20:00
2201,LOT003,LOT003-W02,1,2,copper,M3,1.4604,True,38.09,414.34,2024-03-02T01:20:30
2202,LOT003,LOT003-W02,1,3,copper,M4,1.6372,True,38.09,414.34,2024-03-02T01:21:00
2203,LOT003,LOT003-W02,1,4,tungsten,M3,1.7075,True,38.09,414.34,2024-03-02T01:21:30
2204,LOT003,LOT003-W02,1,5,tungsten,M2,1.3842,True,38.09,414.34,2024-03-02T01:22:00
2205,LOT003,LOT003-W02,1,6,copper,M4,1.7507,True,38.09,414.34,2024-03-02T01:22:30
2206,LOT003,LOT003-W02,1,7,copper,M1,0.7969,True,38.09,414.34,2024-03-02T01:23:00
2207,LOT003,LOT003-W02,1,8,copper,M4,1.7144,True,38.09,414.34,2024-03-02T01:23:30
2208,LOT003,LOT003-W02,1,9,copper,M3,1.3767,True,38.09,414.34,2024-03-02T01:24:00
2209,LOT003,LOT003-W02,1,10,copper,M1,0.8088,True,38.09,414.34,2024-03-02T01:24:30
2210,LOT003,LOT003-W02,2,1,tungsten,M4,1.9032,True,38.09,414.34,2024-03-02T01:25:00
2211,LOT003,LOT003-W02,2,2,tungsten,M4,2.0648,True,38.09,414.34,2024-03-02T01:25:30
2212,LOT003,LOT003-W02,2,3,copper,M2,1.1586,True,38.09,414.34,2024-03-02T01:26:00
2213,LOT003,LOT003-W02,2,4,tungsten,M4,2.2814,True,38.09,414.34,2024-03-02T01:26:30
2214,LOT003,LOT003-W02,2,5,copper,M1,0.7277,True,38.09,414.34,2024-03-02T01:27:00
2215,LOT003,LOT003-W02,2,6,tungsten,M4,2.0486,True,38.09,414.34,2024-03-02T01:27:30
2216,LOT003,LOT003-W02,2,7,tungsten,M2,1.296,True,38.09,414.34,2024-03-02T01:28:00
2217,LOT003,LOT003-W02,2,8,copper,M3,1.4839,True,38.09,414.34,2024-03-02T01:28:30
2218,LOT003,LOT003-W02,2,9,copper,M4,1.5174,True,38.09,414.34,2024-03-02T01:29:00
2219,LOT003,LOT003-W02,2,10,copper,M3,1.3197,True,38.09,414.34,2024-03-02T01:29:30
2220,LOT003,LOT003-W02,3,1,tungsten,M2,1.3327,True,38.09,414.34,2024-03-02T01:30:00
2221,LOT003,LOT003-W02,3,2,copper,M1,0.8074,False,38.09,414.34,2024-03-02T01:30:30
2222,LOT003,LOT003-W02,3,3,copper,M3,1.2807,True,38.09,414.34,2024-03-02T01:31:00
2223,LOT003,LOT003-W02,3,4,tungsten,M3,1.7072,True,38.09,414.34,2024-03-02T01:31:30
2224,LOT003,LOT003-W02,3,5,copper,M2,1.1053,True,38.09,414.34,2024-03-02T01:32:00
2225,LOT003,LOT003-W02,3,6,copper,M1,0.7663,True,38.09,414.34,2024-03-02T01:32:30
2226,LOT003,LOT003-W02,3,7,copper,M2,1.1297,True,38.09,414.34,2024-03-02T01:33:00
2227,LOT003,LOT003-W02,3,8,tungsten,M1,1.0398,True,38.09,414.34,2024-03-02T01:33:30
2228,LOT003,LOT003-W02,3,9,copper,M2,1.2446,True,38.09,414.34,2024-03-02T01:34:00
2229,LOT003,LOT003-W02,3,10,tungsten,M1,1.0191,True,38.09,414.34,2024-03-02T01:34:30
2230,LOT003,LOT003-W02,4,1,tungsten,M2,1.4384,True,38.09,414.34,2024-03-02T01:35:00
2231,LOT003,LOT003-W02,4,2,tungsten,M1,1.047,True,38.09,414.34,2024-03-02T01:35:30
2232,LOT003,LOT003-W02,4,3,tungsten,M2,1.4362,True,38.09,414.34,2024-03-02T01:36:00
2233,LOT003,LOT003-W02,4,4,copper,M3,1.4026,True,38.09,414.34,2024-03-02T01:36:30
2234,LOT003,LOT003-W02,4,5,copper,M1,0.8096,True,38.09,414.34,2024-03-02T01:37:00
2235,LOT003,LOT003-W02,4,6,copper,M3,1.276,True,38.09,414.34,2024-03-02T01:37:30
2236,LOT003,LOT003-W02,4,7,tungsten,M3,1.78,True,38.09,414.34,2024-03-02T01:38:00
2237,LOT003,LOT003-W02,4,8,tungsten,M3,1.741,True,38.09,414.34,2024-03-02T01:38:30
2238,LOT003,LOT003-W02,4,9,tungsten,M4,2.1864,True,38.09,414.34,2024-03-02T01:39:00
2239,LOT003,LOT003-W02,4,10,tungsten,M3,1.6333,True,38.09,414.34,2024-03-02T01:39:30
2240,LOT003,LOT003-W02,5,1,copper,M3,1.3456,True,38.09,414.34,2024-03-02T01:40:00
2241,LOT003,LOT003-W02,5,2,tungsten,M3,2.0187,True,38.09,414.34,2024-03-02T01:40:30
2242,LOT003,LOT003-W02,5,3,tungsten,M4,1.9622,True,38.09,414.34,2024-03-02T01:41:00
2243,LOT003,LOT003-W02,5,4,tungsten,M1,1.0403,True,38.09,414.34,2024-03-02T01:41:30
2244,LOT003,LOT003-W02,5,5,tungsten,M3,1.7728,True,38.09,414.34,2024-03-02T01:42:00
2245,LOT003,LOT003-W02,5,6,tungsten,M2,1.2447,True,38.09,414.34,2024-03-02T01:42:30
2246,LOT003,LOT003-W02,5,7,copper,M2,1.1494,True,38.09,414.34,2024-03-02T01:43:00
2247,LOT003,LOT003-W02,5,8,tungsten,M2,1.4188,True,38.09,414.34,2024-03-02T01:43:30
2248,LOT003,LOT003-W02,5,9,copper,M2,1.1317,True,38.09,414.34,2024-03-02T01:44:00
2249,LOT003,LOT003-W02,5,10,copper,M3,1.4016,True,38.09,414.34,2024-03-02T01:44:30
2250,LOT003,LOT003-W02,6,1,tungsten,M2,1.4641,True,38.09,414.34,2024-03-02T01:45:00
2251,LOT003,LOT003-W02,6,2,copper,M3,1.4179,True,38.09,414.34,2024-03-02T01:45:30
2252,LOT003,LOT003-W02,6,3,tungsten,M2,1.3476,True,38.09,414.34,2024-03-02T01:46:00
2253,LOT003,LOT003-W02,6,4,copper,M1,0.7408,True,38.09,414.34,2024-03-02T01:46:30
2254,LOT003,LOT003-W02,6,5,copper,M4,1.7491,False,38.09,414.34,2024-03-02T01:47:00
2255,LOT003,LOT003-W02,6,6,copper,M4,1.825,True,38.09,414.34,2024-03-02T01:47:30
2256,LOT003,LOT003-W02,6,7,tungsten,M1,1.0118,True,38.09,414.34,2024-03-02T01:48:00
2257,LOT003,LOT003-W02,6,8,tungsten,M2,1.3596,True,38.09,414.34,2024-03-02T01:48:30
2258,LOT003,LOT003-W02,6,9,copper,M3,1.2977,True,38.09,414.34,2024-03-02T01:49:00
2259,LOT003,LOT003-W02,6,10,copper,M1,0.7903,True,38.09,414.34,2024-03-02T01:49:30
2260,LOT003,LOT003-W02,7,1,copper,M3,1.3406,True,38.09,414.34,2024-03-02T01:50:00
2261,LOT003,LOT003-W02,7,2,copper,M1,0.7668,True,38.09,414.34,2024-03-02T01:50:30
2262,LOT003,LOT003-W02,7,3,copper,M1,0.8234,True,38.09,414.34,2024-03-02T01:51:00
2263,LOT003,LOT003-W02,7,4,copper,M3,1.4906,True,38.09,414.34,2024-03-02T01:51:30
2264,LOT003,LOT003-W02,7,5,tungsten,M3,1.9102,True,38.09,414.34,2024-03-02T01:52:00
2265,LOT003,LOT003-W02,7,6,tungsten,M3,1.8322,True,38.09,414.34,2024-03-02T01:52:30
2266,LOT003,LOT003-W02,7,7,copper,M4,1.7159,True,38.09,414.34,2024-03-02T01:53:00
2267,LOT003,LOT003-W02,7,8,copper,M4,1.7448,True,38.09,414.34,2024-03-02T01:53:30
2268,LOT003,LOT003-W02,7,9,copper,M4,1.7409,True,38.09,414.34,2024-03-02T01:54:00
2269,LOT003,LOT003-W02,7,10,copper,M2,1.1113,True,38.09,414.34,2024-03-02T01:54:30
2270,LOT003,LOT003-W02,8,1,copper,M1,0.8673,True,38.09,414.34,2024-03-02T01:55:00
2271,LOT003,LOT003-W02,8,2,tungsten,M2,1.3134,True,38.09,414.34,2024-03-02T01:55:30
2272,LOT003,LOT003-W02,8,3,copper,M4,1.66,True,38.09,414.34,2024-03-02T01:56:00
2273,LOT003,LOT003-W02,8,4,copper,M3,1.4044,True,38.09,414.34,2024-03-02T01:56:30
2274,LOT003,LOT003-W02,8,5,tungsten,M3,1.8412,True,38.09,414.34,2024-03-02T01:57:00
2275,LOT003,LOT003-W02,8,6,tungsten,M3,1.9403,True,38.09,414.34,2024-03-02T01:57:30
2276,LOT003,LOT003-W02,8,7,tungsten,M1,0.9988,True,38.09,414.34,2024-03-02T01:58:00
2277,LOT003,LOT003-W02,8,8,tungsten,M2,1.2345,True,38.09,414.34,2024-03-02T01:58:30
2278,LOT003,LOT003-W02,8,9,tungsten,M2,1.4374,True,38.09,414.34,2024-03-02T01:59:00
2279,LOT003,LOT003-W02,8,10,copper,M4,1.7825,True,38.09,414.34,2024-03-02T01:59:30
2280,LOT003,LOT003-W02,9,1,copper,M4,1.656,True,38.09,414.34,2024-03-02T02:00:00
2281,LOT003,LOT003-W02,9,2,copper,M2,1.0615,True,38.09,414.34,2024-03-02T02:00:30
2282,LOT003,LOT003-W02,9,3,tungsten,M1,0.9408,True,38.09,414.34,2024-03-02T02:01:00
2283,LOT003,LOT003-W02,9,4,tungsten,M1,1.0169,True,38.09,414.34,2024-03-02T02:01:30
2284,LOT003,LOT003-W02,9,5,copper,M2,1.1158,True,38.09,414.34,2024-03-02T02:02:00
2285,LOT003,LOT003-W02,9,6,copper,M3,1.3714,True,38.09,414.34,2024-03-02T02:02:30
2286,LOT003,LOT003-W02,9,7,tungsten,M2,1.3675,True,38.09,414.34,2024-03-02T02:03:00
2287,LOT003,LOT003-W02,9,8,copper,M3,1.3322,True,38.09,414.34,2024-03-02T02:03:30
2288,LOT003,LOT003-W02,9,9,tungsten,M2,1.4021,True,38.09,414.34,2024-03-02T02:04:00
2289,LOT003,LOT003-W02,9,10,tungsten,M4,2.0751,True,38.09,414.34,2024-03-02T02:04:30
2290,LOT003,LOT003-W02,10,1,tungsten,M1,1.0185,True,38.09,414.34,2024-03-02T02:05:00
2291,LOT003,LOT003-W02,10,2,copper,M4,1.7905,True,38.09,414.34,2024-03-02T02:05:30
2292,LOT003,LOT003-W02,10,3,copper,M4,1.7126,True,38.09,414.34,2024-03-02T02:06:00
2293,LOT003,LOT003-W02,10,4,tungsten,M2,1.364,True,38.09,414.34,2024-03-02T02:06:30
2294,LOT003,LOT003-W02,10,5,copper,M3,1.3673,True,38.09,414.34,2024-03-02T02:07:00
2295,LOT003,LOT003-W02,10,6,tungsten,M1,1.0176,True,38.09,414.34,2024-03-02T02:07:30
2296,LOT003,LOT003-W02,10,7,tungsten,M2,1.4429,True,38.09,414.34,2024-03-02T02:08:00
2297,LOT003,LOT003-W02,10,8,copper,M3,1.4171,True,38.09,414.34,2024-03-02T02:08:30
2298,LOT003,LOT003-W02,10,9,copper,M1,0.7764,True,38.09,414.34,2024-03-02T02:09:00
2299,LOT003,LOT003-W02,10,10,tungsten,M2,1.3429,True,38.09,414.34,2024-03-02T02:09:30
2300,LOT003,LOT003-W02,11,1,copper,M3,1.345,True,38.09,414.34,2024-03-02T02:10:00
2301,LOT003,LOT003-W02,11,2,tungsten,M3,1.8102,True,38.09,414.34,2024-03-02T02:10:30
2302,LOT003,LOT003-W02,11,3,tungsten,M2,1.4864,True,38.09,414.34,2024-03-02T02:11:00
2303,LOT003,LOT003-W02,11,4,tungsten,M4,2.2156,True,38.09,414.34,2024-03-02T02:11:30
2304,LOT003,LOT003-W02,11,5,tungsten,M2,1.3936,True,38.09,414.34,2024-03-02T02:12:00
2305,LOT003,LOT003-W02,11,6,copper,M4,1.7811,True,38.09,414.34,2024-03-02T02:12:30
2306,LOT003,LOT003-W02,11,7,tungsten,M4,2.0888,True,38.09,414.34,2024-03-02T02:13:00
2307,LOT003,LOT003-W02,11,8,tungsten,M3,1.7645,True,38.09,414.34,2024-03-02T02:13:30
2308,LOT003,LOT003-W02,11,9,copper,M4,1.5886,False,38.09,414.34,2024-03-02T02:14:00
2309,LOT003,LOT003-W02,11,10,tungsten,M4,2.2265,True,38.09,414.34,2024-03-02T02:14:30
2310,LOT003,LOT003-W02,12,1,copper,M4,1.7166,True,38.09,414.34,2024-03-02T02:15:00
2311,LOT003,LOT003-W02,12,2,tungsten,M4,2.0965,True,38.09,414.34,2024-03-02T02:15:30
2312,LOT003,LOT003-W02,12,3,copper,M2,1.0989,True,38.09,414.34,2024-03-02T02:16:00
2313,LOT003,LOT003-W02,12,4,copper,M4,1.797,True,38.09,414.34,2024-03-02T02:16:30
2314,LOT003,LOT003-W02,12,5,copper,M2,1.0748,True,38.09,414.34,2024-03-02T02:17:00
2315,LOT003,LOT003-W02,12,6,tungsten,M2,1.4734,True,38.09,414.34,2024-03-02T02:17:30
2316,LOT003,LOT003-W02,12,7,copper,M4,1.6421,True,38.09,414.34,2024-03-02T02:18:00
2317,LOT003,LOT003-W02,12,8,copper,M1,0.7804,True,38.09,414.34,2024-03-02T02:18:30
2318,LOT003,LOT003-W02,12,9,tungsten,M4,2.0811,True,38.09,414.34,2024-03-02T02:19:00
2319,LOT003,LOT003-W02,12,10,tungsten,M4,2.1364,True,38.09,414.34,2024-03-02T02:19:30
2320,LOT003,LOT003-W02,13,1,copper,M2,1.0709,True,38.09,414.34,2024-03-02T02:20:00
2321,LOT003,LOT003-W02,13,2,copper,M4,1.6981,True,38.09,414.34,2024-03-02T02:20:30
2322,LOT003,LOT003-W02,13,3,copper,M4,1.6871,True,38.09,414.34,2024-03-02T02:21:00
2323,LOT003,LOT003-W02,13,4,copper,M1,0.8446,True,38.09,414.34,2024-03-02T02:21:30
2324,LOT003,LOT003-W02,13,5,tungsten,M2,1.4713,True,38.09,414.34,2024-03-02T02:22:00
2325,LOT003,LOT003-W02,13,6,tungsten,M2,1.2653,True,38.09,414.34,2024-03-02T02:22:30
2326,LOT003,LOT003-W02,13,7,copper,M3,1.4968,True,38.09,414.34,2024-03-02T02:23:00
2327,LOT003,LOT003-W02,13,8,tungsten,M1,1.0156,True,38.09,414.34,2024-03-02T02:23:30
2328,LOT003,LOT003-W02,13,9,copper,M4,1.6564,True,38.09,414.34,2024-03-02T02:24:00
2329,LOT003,LOT003-W02,13,10,copper,M3,1.3884,True,38.09,414.34,2024-03-02T02:24:30
2330,LOT003,LOT003-W02,14,1,tungsten,M4,1.9223,True,38.09,414.34,2024-03-02T02:25:00
2331,LOT003,LOT003-W02,14,2,tungsten,M2,1.4026,True,38.09,414.34,2024-03-02T02:25:30
2332,LOT003,LOT003-W02,14,3,copper,M2,1.1538,True,38.09,414.34,2024-03-02T02:26:00
2333,LOT003,LOT003-W02,14,4,copper,M1,0.8162,True,38.09,414.34,2024-03-02T02:26:30
2334,LOT003,LOT003-W02,14,5,copper,M3,1.2823,True,38.09,414.34,2024-03-02T02:27:00
2335,LOT003,LOT003-W02,14,6,tungsten,M3,1.6459,True,38.09,414.34,2024-03-02T02:27:30
2336,LOT003,LOT003-W02,14,7,copper,M2,1.1158,True,38.09,414.34,2024-03-02T02:28:00
2337,LOT003,LOT003-W02,14,8,tungsten,M2,1.3035,True,38.09,414.34,2024-03-02T02:28:30
2338,LOT003,LOT003-W02,14,9,tungsten,M4,2.0475,True,38.09,414.34,2024-03-02T02:29:00
2339,LOT003,LOT003-W02,14,10,copper,M2,1.1188,True,38.09,414.34,2024-03-02T02:29:30
2340,LOT003,LOT003-W02,15,1,tungsten,M3,1.6802,True,38.09,414.34,2024-03-02T02:30:00
2341,LOT003,LOT003-W02,15,2,copper,M2,1.2061,True,38.09,414.34,2024-03-02T02:30:30
2342,LOT003,LOT003-W02,15,3,tungsten,M2,1.4294,True,38.09,414.34,2024-03-02T02:31:00
2343,LOT003,LOT003-W02,15,4,copper,M4,1.6281,True,38.09,414.34,2024-03-02T02:31:30
2344,LOT003,LOT003-W02,15,5,copper,M2,1.1694,True,38.09,414.34,2024-03-02T02:32:00
2345,LOT003,LOT003-W02,15,6,copper,M2,1.0436,True,38.09,414.34,2024-03-02T02:32:30
2346,LOT003,LOT003-W02,15,7,copper,M1,0.8431,True,38.09,414.34,2024-03-02T02:33:00
2347,LOT003,LOT003-W02,15,8,tungsten,M2,1.295,True,38.09,414.34,2024-03-02T02:33:30
2348,LOT003,LOT003-W02,15,9,copper,M4,1.7066,True,38.09,414.34,2024-03-02T02:34:00
2349,LOT003,LOT003-W02,15,10,tungsten,M3,1.7187,True,38.09,414.34,2024-03-02T02:34:30
2350,LOT003,LOT003-W02,16,1,tungsten,M2,1.3565,True,38.09,414.34,2024-03-02T02:35:00
2351,LOT003,LOT003-W02,16,2,copper,M2,1.0934,True,38.09,414.34,2024-03-02T02:35:30
2352,LOT003,LOT003-W02,16,3,tungsten,M2,1.4868,True,38.09,414.34,2024-03-02T02:36:00
2353,LOT003,LOT003-W02,16,4,copper,M1,0.8153,True,38.09,414.34,2024-03-02T02:36:30
2354,LOT003,LOT003-W02,16,5,tungsten,M3,1.8261,False,38.09,414.34,2024-03-02T02:37:00
2355,LOT003,LOT003-W02,16,6,copper,M1,0.85,True,38.09,414.34,2024-03-02T02:37:30
2356,LOT003,LOT003-W02,16,7,copper,M2,1.1297,True,38.09,414.34,2024-03-02T02:38:00
2357,LOT003,LOT003-W02,16,8,tungsten,M3,1.8191,True,38.09,414.34,2024-03-02T02:38:30
2358,LOT003,LOT003-W02,16,9,copper,M4,1.7221,True,38.09,414.34,2024-03-02T02:39:00
2359,LOT003,LOT003-W02,16,10,tungsten,M3,1.9348,True,38.09,414.34,2024-03-02T02:39:30
2360,LOT003,LOT003-W02,17,1,copper,M4,1.742,True,38.09,414.34,2024-03-02T02:40:00
2361,LOT003,LOT003-W02,17,2,copper,M2,1.0938,True,38.09,414.34,2024-03-02T02:40:30
2362,LOT003,LOT003-W02,17,3,copper,M2,1.2054,True,38.09,414.34,2024-03-02T02:41:00
2363,LOT003,LOT003-W02,17,4,copper,M2,1.2282,True,38.09,414.34,2024-03-02T02:41:30
2364,LOT003,LOT003-W02,17,5,copper,M2,1.0617,True,38.09,414.34,2024-03-02T02:42:00
2365,LOT003,LOT003-W02,17,6,tungsten,M1,0.9603,True,38.09,414.34,2024-03-02T02:42:30
2366,LOT003,LOT003-W02,17,7,tungsten,M2,1.3786,True,38.09,414.34,2024-03-02T02:43:00
2367,LOT003,LOT003-W02,17,8,copper,M3,1.4189,True,38.09,414.34,2024-03-02T02:43:30
2368,LOT003,LOT003-W02,17,9,tungsten,M2,1.2839,True,38.09,414.34,2024-03-02T02:44:00
2369,LOT003,LOT003-W02,17,10,copper,M2,1.1402,True,38.09,414.34,2024-03-02T02:44:30
2370,LOT003,LOT003-W02,18,1,copper,M4,1.7848,True,38.09,414.34,2024-03-02T02:45:00
2371,LOT003,LOT003-W02,18,2,tungsten,M2,1.2769,True,38.09,414.34,2024-03-02T02:45:30
2372,LOT003,LOT003-W02,18,3,copper,M2,1.1277,True,38.09,414.34,2024-03-02T02:46:00
2373,LOT003,LOT003-W02,18,4,copper,M1,0.7892,True,38.09,414.34,2024-03-02T02:46:30
2374,LOT003,LOT003-W02,18,5,copper,M3,1.386,True,38.09,414.34,2024-03-02T02:47:00
2375,LOT003,LOT003-W02,18,6,copper,M4,1.6754,True,38.09,414.34,2024-03-02T02:47:30
2376,LOT003,LOT003-W02,18,7,tungsten,M2,1.4782,True,38.09,414.34,2024-03-02T02:48:00
2377,LOT003,LOT003-W02,18,8,tungsten,M1,1.0152,True,38.09,414.34,2024-03-02T02:48:30
2378,LOT003,LOT003-W02,18,9,tungsten,M3,1.9209,True,38.09,414.34,2024-03-02T02:49:00
2379,LOT003,LOT003-W02,18,10,tungsten,M4,2.2562,True,38.09,414.34,2024-03-02T02:49:30
2380,LOT003,LOT003-W02,19,1,tungsten,M4,2.213,True,38.09,414.34,2024-03-02T02:50:00
2381,LOT003,LOT003-W02,19,2,tungsten,M2,1.3327,True,38.09,414.34,2024-03-02T02:50:30
2382,LOT003,LOT003-W02,19,3,copper,M3,1.385,True,38.09,414.34,2024-03-02T02:51:00
2383,LOT003,LOT003-W02,19,4,copper,M2,1.2161,True,38.09,414.34,2024-03-02T02:51:30
2384,LOT003,LOT003-W02,19,5,tungsten,M1,0.9187,True,38.09,414.34,2024-03-02T02:52:00
2385,LOT003,LOT003-W02,19,6,tungsten,M4,2.2615,True,38.09,414.34,2024-03-02T02:52:30
2386,LOT003,LOT003-W02,19,7,copper,M2,1.0279,True,38.09,414.34,2024-03-02T02:53:00
2387,LOT003,LOT003-W02,19,8,tungsten,M2,1.4564,True,38.09,414.34,2024-03-02T02:53:30
2388,LOT003,LOT003-W02,19,9,copper,M2,1.1394,True,38.09,414.34,2024-03-02T02:54:00
2389,LOT003,LOT003-W02,19,10,tungsten,M4,1.9814,True,38.09,414.34,2024-03-02T02:54:30
2390,LOT003,LOT003-W02,20,1,copper,M3,1.3808,True,38.09,414.34,2024-03-02T02:55:00
2391,LOT003,LOT003-W02,20,2,copper,M4,1.7423,True,38.09,414.34,2024-03-02T02:55:30
2392,LOT003,LOT003-W02,20,3,copper,M4,1.7873,True,38.09,414.34,2024-03-02T02:56:00
2393,LOT003,LOT003-W02,20,4,tungsten,M4,2.0885,True,38.09,414.34,2024-03-02T02:56:30
2394,LOT003,LOT003-W02,20,5,tungsten,M4,1.9795,True,38.09,414.34,2024-03-02T02:57:00
2395,LOT003,LOT003-W02,20,6,tungsten,M1,1.0141,True,38.09,414.34,2024-03-02T02:57:30
2396,LOT003,LOT003-W02,20,7,tungsten,M1,1.0086,True,38.09,414.34,2024-03-02T02:58:00
2397,LOT003,LOT003-W02,20,8,copper,M2,1.1031,True,38.09,414.34,2024-03-02T02:58:30
2398,LOT003,LOT003-W02,20,9,tungsten,M3,1.8184,True,38.09,414.34,2024-03-02T02:59:00
2399,LOT003,LOT003-W02,20,10,tungsten,M2,1.498,True,38.09,414.34,2024-03-02T02:59:30
2400,LOT003,LOT003-W03,1,1,copper,M2,1.0214,False,41.93,402.94,2024-03-02T03:00:00
2401,LOT003,LOT003-W03,1,2,tungsten,M2,1.4248,True,41.93,402.94,2024-03-02T03:00:30
2402,LOT003,LOT003-W03,1,3,tungsten,M4,2.1978,True,41.93,402.94,2024-03-02T03:01:00
2403,LOT003,LOT003-W03,1,4,tungsten,M1,1.0314,True,41.93,402.94,2024-03-02T03:01:30
2404,LOT003,LOT003-W03,1,5,tungsten,M4,1.9669,True,41.93,402.94,2024-03-02T03:02:00
2405,LOT003,LOT003-W03,1,6,tungsten,M1,0.9587,True,41.93,402.94,2024-03-02T03:02:30
2406,LOT003,LOT003-W03,1,7,tungsten,M4,2.231,True,41.93,402.94,2024-03-02T03:03:00
2407,LOT003,LOT003-W03,1,8,copper,M3,1.3065,True,41.93,402.94,2024-03-02T03:03:30
2408,LOT003,LOT003-W03,1,9,copper,M1,0.7801,True,41.93,402.94,2024-03-02T03:04:00
2409,LOT003,LOT003-W03,1,10,copper,M1,0.8762,False,41.93,402.94,2024-03-02T03:04:30
2410,LOT003,LOT003-W03,2,1,copper,M4,1.784,False,41.93,402.94,2024-03-02T03:05:00
2411,LOT003,LOT003-W03,2,2,tungsten,M2,1.3342,True,41.93,402.94,2024-03-02T03:05:30
2412,LOT003,LOT003-W03,2,3,tungsten,M3,1.9406,True,41.93,402.94,2024-03-02T03:06:00
2413,LOT003,LOT003-W03,2,4,tungsten,M1,0.9568,True,41.93,402.94,2024-03-02T03:06:30
2414,LOT003,LOT003-W03,2,5,tungsten,M4,2.2481,True,41.93,402.94,2024-03-02T03:07:00
2415,LOT003,LOT003-W03,2,6,copper,M3,1.421,True,41.93,402.94,2024-03-02T03:07:30
2416,LOT003,LOT003-W03,2,7,tungsten,M4,1.9756,True,41.93,402.94,2024-03-02T03:08:00
2417,LOT003,LOT003-W03,2,8,tungsten,M3,1.8891,True,41.93,402.94,2024-03-02T03:08:30
2418,LOT003,LOT003-W03,2,9,tungsten,M3,1.9397,True,41.93,402.94,2024-03-02T03:09:00
2419,LOT003,LOT003-W03,2,10,copper,M1,0.8581,True,41.93,402.94,2024-03-02T03:09:30
2420,LOT003,LOT003-W03,3,1,tungsten,M3,1.8349,True,41.93,402.94,2024-03-02T03:10:00
2421,LOT003,LOT003-W03,3,2,copper,M1,0.7549,True,41.93,402.94,2024-03-02T03:10:30
2422,LOT003,LOT003-W03,3,3,copper,M4,1.6717,True,41.93,402.94,2024-03-02T03:11:00
2423,LOT003,LOT003-W03,3,4,copper,M4,1.6601,True,41.93,402.94,2024-03-02T03:11:30
2424,LOT003,LOT003-W03,3,5,copper,M1,0.8473,True,41.93,402.94,2024-03-02T03:12:00
2425,LOT003,LOT003-W03,3,6,copper,M3,1.3512,True,41.93,402.94,2024-03-02T03:12:30
2426,LOT003,LOT003-W03,3,7,copper,M3,1.3832,True,41.93,402.94,2024-03-02T03:13:00
2427,LOT003,LOT003-W03,3,8,tungsten,M2,1.3876,True,41.93,402.94,2024-03-02T03:13:30
2428,LOT003,LOT003-W03,3,9,tungsten,M2,1.5278,False,41.93,402.94,2024-03-02T03:14:00
2429,LOT003,LOT003-W03,3,10,tungsten,M1,0.9847,True,41.93,402.94,2024-03-02T03:14:30
2430,LOT003,LOT003-W03,4,1,tungsten,M4,2.0265,True,41.93,402.94,2024-03-02T03:15:00
2431,LOT003,LOT003-W03,4,2,copper,M3,1.5122,True,41.93,402.94,2024-03-02T03:15:30
2432,LOT003,LOT003-W03,4,3,copper,M3,1.4279,True,41.93,402.94,2024-03-02T03:16:00
2433,LOT003,LOT003-W03,4,4,copper,M2,1.1703,True,41.93,402.94,2024-03-02T03:16:30
2434,LOT003,LOT003-W03,4,5,copper,M2,1.0772,True,41.93,402.94,2024-03-02T03:17:00
2435,LOT003,LOT003-W03,4,6,tungsten,M1,0.9291,True,41.93,402.94,2024-03-02T03:17:30
2436,LOT003,LOT003-W03,4,7,tungsten,M1,0.9879,True,41.93,402.94,2024-03-02T03:18:00
2437,LOT003,LOT003-W03,4,8,copper,M1,0.7819,True,41.93,402.94,2024-03-02T03:18:30
2438,LOT003,LOT003-W03,4,9,tungsten,M2,1.373,True,41.93,402.94,2024-03-02T03:19:00
2439,LOT003,LOT003-W03,4,10,tungsten,M2,1.4356,True,41.93,402.94,2024-03-02T03:19:30
2440,LOT003,LOT003-W03,5,1,copper,M2,1.0938,False,41.93,402.94,2024-03-02T03:20:00
2441,LOT003,LOT003-W03,5,2,copper,M4,1.791,True,41.93,402.94,2024-03-02T03:20:30
2442,LOT003,LOT003-W03,5,3,copper,M1,0.7997,True,41.93,402.94,2024-03-02T03:21:00
2443,LOT003,LOT003-W03,5,4,tungsten,M1,1.0382,True,41.93,402.94,2024-03-02T03:21:30
2444,LOT003,LOT003-W03,5,5,tungsten,M1,1.0451,True,41.93,402.94,2024-03-02T03:22:00
2445,LOT003,LOT003-W03,5,6,copper,M2,1.1193,True,41.93,402.94,2024-03-02T03:22:30
2446,LOT003,LOT003-W03,5,7,copper,M4,1.7707,True,41.93,402.94,2024-03-02T03:23:00
2447,LOT003,LOT003-W03,5,8,tungsten,M4,2.1002,True,41.93,402.94,2024-03-02T03:23:30
2448,LOT003,LOT003-W03,5,9,tungsten,M4,2.1316,True,41.93,402.94,2024-03-02T03:24:00
2449,LOT003,LOT003-W03,5,10,tungsten,M2,1.3528,True,41.93,402.94,2024-03-02T03:24:30
2450,LOT003,LOT003-W03,6,1,copper,M1,0.7549,True,41.93,402.94,2024-03-02T03:25:00
2451,LOT003,LOT003-W03,6,2,copper,M3,1.3755,True,41.93,402.94,2024-03-02T03:25:30
2452,LOT003,LOT003-W03,6,3,tungsten,M3,1.8488,True,41.93,402.94,2024-03-02T03:26:00
2453,LOT003,LOT003-W03,6,4,tungsten,M1,1.0268,True,41.93,402.94,2024-03-02T03:26:30
2454,LOT003,LOT003-W03,6,5,tungsten,M3,1.7555,True,41.93,402.94,2024-03-02T03:27:00
2455,LOT003,LOT003-W03,6,6,tungsten,M1,0.9597,True,41.93,402.94,2024-03-02T03:27:30
2456,LOT003,LOT003-W03,6,7,tungsten,M2,1.382,True,41.93,402.94,2024-03-02T03:28:00
2457,LOT003,LOT003-W03,6,8,tungsten,M1,1.0184,True,41.93,402.94,2024-03-02T03:28:30
2458,LOT003,LOT003-W03,6,9,tungsten,M1,0.9481,True,41.93,402.94,2024-03-02T03:29:00
2459,LOT003,LOT003-W03,6,10,tungsten,M2,1.4068,True,41.93,402.94,2024-03-02T03:29:30
2460,LOT003,LOT003-W03,7,1,copper,M4,1.6909,True,41.93,402.94,2024-03-02T03:30:00
2461,LOT003,LOT003-W03,7,2,tungsten,M3,1.8041,True,41.93,402.94,2024-03-02T03:30:30
2462,LOT003,LOT003-W03,7,3,copper,M2,1.1013,True,41.93,402.94,2024-03-02T03:31:00
2463,LOT003,LOT003-W03,7,4,tungsten,M4,2.0612,True,41.93,402.94,2024-03-02T03:31:30
2464,LOT003,LOT003-W03,7,5,tungsten,M4,2.318,True,41.93,402.94,2024-03-02T03:32:00
2465,LOT003,LOT003-W03,7,6,copper,M1,0.814,True,41.93,402.94,2024-03-02T03:32:30
2466,LOT003,LOT003-W03,7,7,tungsten,M2,1.3341,True,41.93,402.94,2024-03-02T03:33:00
2467,LOT003,LOT003-W03,7,8,tungsten,M2,1.2882,True,41.93,402.94,2024-03-02T03:33:30
2468,LOT003,LOT003-W03,7,9,tungsten,M2,1.4715,True,41.93,402.94,2024-03-02T03:34:00
2469,LOT003,LOT003-W03,7,10,tungsten,M3,1.8861,True,41.93,402.94,2024-03-02T03:34:30
2470,LOT003,LOT003-W03,8,1,copper,M1,0.8053,True,41.93,402.94,2024-03-02T03:35:00
2471,LOT003,LOT003-W03,8,2,tungsten,M3,1.9689,True,41.93,402.94,2024-03-02T03:35:30
2472,LOT003,LOT003-W03,8,3,copper,M1,0.7825,True,41.93,402.94,2024-03-02T03:36:00
2473,LOT003,LOT003-W03,8,4,tungsten,M1,0.9136,True,41.93,402.94,2024-03-02T03:36:30
2474,LOT003,LOT003-W03,8,5,tungsten,M3,1.7497,True,41.93,402.94,2024-03-02T03:37:00
2475,LOT003,LOT003-W03,8,6,copper,M3,1.4273,True,41.93,402.94,2024-03-02T03:37:30
2476,LOT003,LOT003-W03,8,7,copper,M1,0.7609,True,41.93,402.94,2024-03-02T03:38:00
2477,LOT003,LOT003-W03,8,8,tungsten,M1,1.0199,True,41.93,402.94,2024-03-02T03:38:30
2478,LOT003,LOT003-W03,8,9,tungsten,M3,1.9318,True,41.93,402.94,2024-03-02T03:39:00
2479,LOT003,LOT003-W03,8,10,tungsten,M3,1.7475,True,41.93,402.94,2024-03-02T03:39:30
2480,LOT003,LOT003-W03,9,1,copper,M4,1.6532,True,41.93,402.94,2024-03-02T03:40:00
2481,LOT003,LOT003-W03,9,2,tungsten,M1,1.02,True,41.93,402.94,2024-03-02T03:40:30
2482,LOT003,LOT003-W03,9,3,copper,M2,1.1171,True,41.93,402.94,2024-03-02T03:41:00
2483,LOT003,LOT003-W03,9,4,copper,M1,0.7854,True,41.93,402.94,2024-03-02T03:41:30
2484,LOT003,LOT003-W03,9,5,tungsten,M2,1.4411,True,41.93,402.94,2024-03-02T03:42:00
2485,LOT003,LOT003-W03,9,6,tungsten,M2,1.3872,True,41.93,402.94,2024-03-02T03:42:30
2486,LOT003,LOT003-W03,9,7,copper,M4,1.7269,True,41.93,402.94,2024-03-02T03:43:00
2487,LOT003,LOT003-W03,9,8,copper,M3,1.4517,True,41.93,402.94,2024-03-02T03:43:30
2488,LOT003,LOT003-W03,9,9,tungsten,M2,1.4541,True,41.93,402.94,2024-03-02T03:44:00
2489,LOT003,LOT003-W03,9,10,copper,M3,1.389,True,41.93,402.94,2024-03-02T03:44:30
2490,LOT003,LOT003-W03,10,1,tungsten,M2,1.4112,True,41.93,402.94,2024-03-02T03:45:00
2491,LOT003,LOT003-W03,10,2,copper,M1,0.761,True,41.93,402.94,2024-03-02T03:45:30
2492,LOT003,LOT003-W03,10,3,copper,M1,0.7663,True,41.93,402.94,2024-03-02T03:46:00
2493,LOT003,LOT003-W03,10,4,tungsten,M4,2.3056,True,41.93,402.94,2024-03-02T03:46:30
2494,LOT003,LOT003-W03,10,5,tungsten,M4,2.1881,True,41.93,402.94,2024-03-02T03:47:00
2495,LOT003,LOT003-W03,10,6,tungsten,M4,2.1973,True,41.93,402.94,2024-03-02T03:47:30
2496,LOT003,LOT003-W03,10,7,copper,M3,1.3903,True,41.93,402.94,2024-03-02T03:48:00
2497,LOT003,LOT003-W03,10,8,copper,M3,1.3764,True,41.93,402.94,2024-03-02T03:48:30
2498,LOT003,LOT003-W03,10,9,copper,M3,1.5004,True,41.93,402.94,2024-03-02T03:49:00
2499,LOT003,LOT003-W03,10,10,tungsten,M1,1.0254,True,41.93,402.94,2024-03-02T03:49:30
2500,LOT003,LOT003-W03,11,1,tungsten,M3,1.7562,True,41.93,402.94,2024-03-02T03:50:00
2501,LOT003,LOT003-W03,11,2,copper,M1,0.8207,True,41.93,402.94,2024-03-02T03:50:30
2502,LOT003,LOT003-W03,11,3,copper,M1,0.8108,True,41.93,402.94,2024-03-02T03:51:00
2503,LOT003,LOT003-W03,11,4,tungsten,M4,2.2671,True,41.93,402.94,2024-03-02T03:51:30
2504,LOT003,LOT003-W03,11,5,tungsten,M4,2.0242,True,41.93,402.94,2024-03-02T03:52:00
2505,LOT003,LOT003-W03,11,6,tungsten,M4,2.2319,True,41.93,402.94,2024-03-02T03:52:30
2506,LOT003,LOT003-W03,11,7,tungsten,M4,2.1712,True,41.93,402.94,2024-03-02T03:53:00
2507,LOT003,LOT003-W03,11,8,tungsten,M3,1.8362,True,41.93,402.94,2024-03-02T03:53:30
2508,LOT003,LOT003-W03,11,9,copper,M1,0.7688,True,41.93,402.94,2024-03-02T03:54:00
2509,LOT003,LOT003-W03,11,10,copper,M2,1.0611,True,41.93,402.94,2024-03-02T03:54:30
2510,LOT003,LOT003-W03,12,1,tungsten,M3,1.8312,True,41.93,402.94,2024-03-02T03:55:00
2511,LOT003,LOT003-W03,12,2,copper,M1,0.7926,True,41.93,402.94,2024-03-02T03:55:30
2512,LOT003,LOT003-W03,12,3,tungsten,M4,1.9578,True,41.93,402.94,2024-03-02T03:56:00
2513,LOT003,LOT003-W03,12,4,copper,M3,1.3837,True,41.93,402.94,2024-03-02T03:56:30
2514,LOT003,LOT003-W03,12,5,copper,M1,0.8101,True,41.93,402.94,2024-03-02T03:57:00
2515,LOT003,LOT003-W03,12,6,copper,M4,1.7745,True,41.93,402.94,2024-03-02T03:57:30
2516,LOT003,LOT003-W03,12,7,copper,M1,0.7183,True,41.93,402.94,2024-03-02T03:58:00
2517,LOT003,LOT003-W03,12,8,copper,M3,1.4903,True,41.93,402.94,2024-03-02T03:58:30
2518,LOT003,LOT003-W03,12,9,tungsten,M2,1.3748,True,41.93,402.94,2024-03-02T03:59:00
2519,LOT003,LOT003-W03,12,10,copper,M2,1.0767,True,41.93,402.94,2024-03-02T03:59:30
2520,LOT003,LOT003-W03,13,1,copper,M2,1.0507,True,41.93,402.94,2024-03-02T04:00:00
2521,LOT003,LOT003-W03,13,2,copper,M3,1.355,True,41.93,402.94,2024-03-02T04:00:30
2522,LOT003,LOT003-W03,13,3,copper,M4,1.6826,True,41.93,402.94,2024-03-02T04:01:00
2523,LOT003,LOT003-W03,13,4,copper,M1,0.8182,True,41.93,402.94,2024-03-02T04:01:30
2524,LOT003,LOT003-W03,13,5,tungsten,M2,1.4179,True,41.93,402.94,2024-03-02T04:02:00
2525,LOT003,LOT003-W03,13,6,tungsten,M3,1.9315,True,41.93,402.94,2024-03-02T04:02:30
2526,LOT003,LOT003-W03,13,7,copper,M4,1.7194,True,41.93,402.94,2024-03-02T04:03:00
2527,LOT003,LOT003-W03,13,8,tungsten,M1,0.9766,True,41.93,402.94,2024-03-02T04:03:30
2528,LOT003,LOT003-W03,13,9,tungsten,M4,2.0882,True,41.93,402.94,2024-03-02T04:04:00
2529,LOT003,LOT003-W03,13,10,tungsten,M2,1.419,True,41.93,402.94,2024-03-02T04:04:30
2530,LOT003,LOT003-W03,14,1,copper,M1,0.7495,True,41.93,402.94,2024-03-02T04:05:00
2531,LOT003,LOT003-W03,14,2,tungsten,M2,1.4272,True,41.93,402.94,2024-03-02T04:05:30
2532,LOT003,LOT003-W03,14,3,tungsten,M3,1.6712,True,41.93,402.94,2024-03-02T04:06:00
2533,LOT003,LOT003-W03,14,4,tungsten,M4,2.1553,True,41.93,402.94,2024-03-02T04:06:30
2534,LOT003,LOT003-W03,14,5,tungsten,M3,1.6712,True,41.93,402.94,2024-03-02T04:07:00
2535,LOT003,LOT003-W03,14,6,tungsten,M1,1.0329,True,41.93,402.94,2024-03-02T04:07:30
2536,LOT003,LOT003-W03,14,7,tungsten,M4,2.0459,True,41.93,402.94,2024-03-02T04:08:00
2537,LOT003,LOT003-W03,14,8,tungsten,M3,1.7831,True,41.93,402.94,2024-03-02T04:08:30
2538,LOT003,LOT003-W03,14,9,copper,M4,1.7225,True,41.93,402.94,2024-03-02T04:09:00
2539,LOT003,LOT003-W03,14,10,copper,M3,1.4846,True,41.93,402.94,2024-03-02T04:09:30
2540,LOT003,LOT003-W03,15,1,copper,M4,1.655,True,41.93,402.94,2024-03-02T04:10:00
2541,LOT003,LOT003-W03,15,2,copper,M4,1.7264,True,41.93,402.94,2024-03-02T04:10:30
2542,LOT003,LOT003-W03,15,3,tungsten,M1,1.0396,True,41.93,402.94,2024-03-02T04:11:00
2543,LOT003,LOT003-W03,15,4,tungsten,M1,0.9508,True,41.93,402.94,2024-03-02T04:11:30
2544,LOT003,LOT003-W03,15,5,tungsten,M2,1.5137,True,41.93,402.94,2024-03-02T04:12:00
2545,LOT003,LOT003-W03,15,6,tungsten,M3,1.6877,True,41.93,402.94,2024-03-02T04:12:30
2546,LOT003,LOT003-W03,15,7,copper,M3,1.3836,True,41.93,402.94,2024-03-02T04:13:00
2547,LOT003,LOT003-W03,15,8,copper,M1,0.8532,True,41.93,402.94,2024-03-02T04:13:30
2548,LOT003,LOT003-W03,15,9,copper,M1,0.7851,True,41.93,402.94,2024-03-02T04:14:00
2549,LOT003,LOT003-W03,15,10,copper,M3,1.3652,True,41.93,402.94,2024-03-02T04:14:30
2550,LOT003,LOT003-W03,16,1,copper,M1,0.7715,True,41.93,402.94,2024-03-02T04:15:00
2551,LOT003,LOT003-W03,16,2,tungsten,M1,0.9942,True,41.93,402.94,2024-03-02T04:15:30
2552,LOT003,LOT003-W03,16,3,copper,M4,1.8184,True,41.93,402.94,2024-03-02T04:16:00
2553,LOT003,LOT003-W03,16,4,copper,M2,1.1333,True,41.93,402.94,2024-03-02T04:16:30
2554,LOT003,LOT003-W03,16,5,tungsten,M3,1.8259,True,41.93,402.94,2024-03-02T04:17:00
2555,LOT003,LOT003-W03,16,6,copper,M4,1.824,True,41.93,402.94,2024-03-02T04:17:30
2556,LOT003,LOT003-W03,16,7,copper,M1,0.7944,True,41.93,402.94,2024-03-02T04:18:00
2557,LOT003,LOT003-W03,16,8,copper,M1,0.8613,True,41.93,402.94,2024-03-02T04:18:30
2558,LOT003,LOT003-W03,16,9,copper,M3,1.4515,True,41.93,402.94,2024-03-02T04:19:00
2559,LOT003,LOT003-W03,16,10,tungsten,M3,1.7932,True,41.93,402.94,2024-03-02T04:19:30
2560,LOT003,LOT003-W03,17,1,tungsten,M1,0.9466,True,41.93,402.94,2024-03-02T04:20:00
2561,LOT003,LOT003-W03,17,2,copper,M3,1.4706,True,41.93,402.94,2024-03-02T04:20:30
2562,LOT003,LOT003-W03,17,3,tungsten,M3,1.9003,True,41.93,402.94,2024-03-02T04:21:00
2563,LOT003,LOT003-W03,17,4,copper,M3,1.361,True,41.93,402.94,2024-03-02T04:21:30
2564,LOT003,LOT003-W03,17,5,tungsten,M3,1.7742,True,41.93,402.94,2024-03-02T04:22:00
2565,LOT003,LOT003-W03,17,6,tungsten,M4,1.9846,True,41.93,402.94,2024-03-02T04:22:30
2566,LOT003,LOT003-W03,17,7,tungsten,M3,1.8293,True,41.93,402.94,2024-03-02T04:23:00
2567,LOT003,LOT003-W03,17,8,tungsten,M3,1.997,True,41.93,402.94,2024-03-02T04:23:30
2568,LOT003,LOT003-W03,17,9,copper,M2,1.2459,True,41.93,402.94,2024-03-02T04:24:00
2569,LOT003,LOT003-W03,17,10,tungsten,M1,0.9433,True,41.93,402.94,2024-03-02T04:24:30
2570,LOT003,LOT003-W03,18,1,copper,M2,0.9861,True,41.93,402.94,2024-03-02T04:25:00
2571,LOT003,LOT003-W03,18,2,tungsten,M2,1.341,True,41.93,402.94,2024-03-02T04:25:30
2572,LOT003,LOT003-W03,18,3,copper,M3,1.3763,True,41.93,402.94,2024-03-02T04:26:00
2573,LOT003,LOT003-W03,18,4,tungsten,M4,2.1545,True,41.93,402.94,2024-03-02T04:26:30
2574,LOT003,LOT003-W03,18,5,copper,M2,1.049,True,41.93,402.94,2024-03-02T04:27:00
2575,LOT003,LOT003-W03,18,6,tungsten,M1,1.0089,True,41.93,402.94,2024-03-02T04:27:30
2576,LOT003,LOT003-W03,18,7,tungsten,M4,1.9726,True,41.93,402.94,2024-03-02T04:28:00
2577,LOT003,LOT003-W03,18,8,copper,M2,1.0917,False,41.93,402.94,2024-03-02T04:28:30
2578,LOT003,LOT003-W03,18,9,copper,M2,1.102,True,41.93,402.94,2024-03-02T04:29:00
2579,LOT003,LOT003-W03,18,10,copper,M3,1.5444,True,41.93,402.94,2024-03-02T04:29:30
2580,LOT003,LOT003-W03,19,1,tungsten,M4,2.1138,True,41.93,402.94,2024-03-02T04:30:00
2581,LOT003,LOT003-W03,19,2,tungsten,M2,1.4101,True,41.93,402.94,2024-03-02T04:30:30
2582,LOT003,LOT003-W03,19,3,copper,M2,1.0469,True,41.93,402.94,2024-03-02T04:31:00
2583,LOT003,LOT003-W03,19,4,tungsten,M1,1.0091,True,41.93,402.94,2024-03-02T04:31:30
2584,LOT003,LOT003-W03,19,5,copper,M4,1.6964,True,41.93,402.94,2024-03-02T04:32:00
2585,LOT003,LOT003-W03,19,6,tungsten,M3,1.6728,True,41.93,402.94,2024-03-02T04:32:30
2586,LOT003,LOT003-W03,19,7,tungsten,M1,1.0145,True,41.93,402.94,2024-03-02T04:33:00
2587,LOT003,LOT003-W03,19,8,copper,M4,1.8198,True,41.93,402.94,2024-03-02T04:33:30
2588,LOT003,LOT003-W03,19,9,copper,M4,1.6957,True,41.93,402.94,2024-03-02T04:34:00
2589,LOT003,LOT003-W03,19,10,copper,M2,1.1073,True,41.93,402.94,2024-03-02T04:34:30
2590,LOT003,LOT003-W03,20,1,copper,M1,0.8438,True,41.93,402.94,2024-03-02T04:35:00
2591,LOT003,LOT003-W03,20,2,copper,M1,0.82,True,41.93,402.94,2024-03-02T04:35:30
2592,LOT003,LOT003-W03,20,3,copper,M1,0.8758,True,41.93,402.94,2024-03-02T04:36:00
2593,LOT003,LOT003-W03,20,4,tungsten,M3,1.8121,True,41.93,402.94,2024-03-02T04:36:30
2594,LOT003,LOT003-W03,20,5,copper,M1,0.773,True,41.93,402.94,2024-03-02T04:37:00
2595,LOT003,LOT003-W03,20,6,tungsten,M4,2.09,True,41.93,402.94,2024-03-02T04:37:30
2596,LOT003,LOT003-W03,20,7,copper,M2,1.107,True,41.93,402.94,2024-03-02T04:38:00
2597,LOT003,LOT003-W03,20,8,copper,M3,1.2866,True,41.93,402.94,2024-03-02T04:38:30
2598,LOT003,LOT003-W03,20,9,copper,M3,1.4032,True,41.93,402.94,2024-03-02T04:39:00
2599,LOT003,LOT003-W03,20,10,copper,M2,1.1094,True,41.93,402.94,2024-03-02T04:39:30
2600,LOT003,LOT003-W04,1,1,copper,M1,0.857,True,47.77,424.52,2024-03-02T04:40:00
2601,LOT003,LOT003-W04,1,2,tungsten,M2,1.5486,True,47.77,424.52,2024-03-02T04:40:30
2602,LOT003,LOT003-W04,1,3,copper,M1,0.7869,True,47.77,424.52,2024-03-02T04:41:00
2603,LOT003,LOT003-W04,1,4,copper,M3,1.4942,True,47.77,424.52,2024-03-02T04:41:30
2604,LOT003,LOT003-W04,1,5,copper,M1,0.7638,True,47.77,424.52,2024-03-02T04:42:00
2605,LOT003,LOT003-W04,1,6,tungsten,M2,1.5205,False,47.77,424.52,2024-03-02T04:42:30
2606,LOT003,LOT003-W04,1,7,copper,M1,0.8626,True,47.77,424.52,2024-03-02T04:43:00
2607,LOT003,LOT003-W04,1,8,tungsten,M1,1.0611,True,47.77,424.52,2024-03-02T04:43:30
2608,LOT003,LOT003-W04,1,9,copper,M3,1.4681,True,47.77,424.52,2024-03-02T04:44:00
2609,LOT003,LOT003-W04,1,10,copper,M4,1.5666,True,47.77,424.52,2024-03-02T04:44:30
2610,LOT003,LOT003-W04,2,1,copper,M1,0.7495,True,47.77,424.52,2024-03-02T04:45:00
2611,LOT003,LOT003-W04,2,2,tungsten,M1,0.9961,True,47.77,424.52,2024-03-02T04:45:30
2612,LOT003,LOT003-W04,2,3,tungsten,M1,1.0259,True,47.77,424.52,2024-03-02T04:46:00
2613,LOT003,LOT003-W04,2,4,tungsten,M2,1.4589,True,47.77,424.52,2024-03-02T04:46:30
2614,LOT003,LOT003-W04,2,5,copper,M2,1.0664,True,47.77,424.52,2024-03-02T04:47:00
2615,LOT003,LOT003-W04,2,6,copper,M4,1.7655,True,47.77,424.52,2024-03-02T04:47:30
2616,LOT003,LOT003-W04,2,7,copper,M3,1.389,True,47.77,424.52,2024-03-02T04:48:00
2617,LOT003,LOT003-W04,2,8,copper,M1,0.7936,False,47.77,424.52,2024-03-02T04:48:30
2618,LOT003,LOT003-W04,2,9,copper,M4,1.6611,True,47.77,424.52,2024-03-02T04:49:00
2619,LOT003,LOT003-W04,2,10,tungsten,M4,2.2837,True,47.77,424.52,2024-03-02T04:49:30
2620,LOT003,LOT003-W04,3,1,copper,M4,1.8347,True,47.77,424.52,2024-03-02T04:50:00
2621,LOT003,LOT003-W04,3,2,tungsten,M4,2.3227,True,47.77,424.52,2024-03-02T04:50:30
2622,LOT003,LOT003-W04,3,3,copper,M4,1.7604,True,47.77,424.52,2024-03-02T04:51:00
2623,LOT003,LOT003-W04,3,4,copper,M1,0.7613,False,47.77,424.52,2024-03-02T04:51:30
2624,LOT003,LOT003-W04,3,5,copper,M3,1.4359,True,47.77,424.52,2024-03-02T04:52:00
2625,LOT003,LOT003-W04,3,6,copper,M1,0.7436,True,47.77,424.52,2024-03-02T04:52:30
2626,LOT003,LOT003-W04,3,7,tungsten,M3,1.8951,True,47.77,424.52,2024-03-02T04:53:00
2627,LOT003,LOT003-W04,3,8,copper,M2,1.1188,True,47.77,424.52,2024-03-02T04:53:30
2628,LOT003,LOT003-W04,3,9,copper,M2,1.2222,True,47.77,424.52,2024-03-02T04:54:00
2629,LOT003,LOT003-W04,3,10,tungsten,M1,1.1387,True,47.77,424.52,2024-03-02T04:54:30
2630,LOT003,LOT003-W04,4,1,copper,M1,0.7704,True,47.77,424.52,2024-03-02T04:55:00
2631,LOT003,LOT003-W04,4,2,tungsten,M2,1.4379,True,47.77,424.52,2024-03-02T04:55:30
2632,LOT003,LOT003-W04,4,3,copper,M1,0.8252,True,47.77,424.52,2024-03-02T04:56:00
2633,LOT003,LOT003-W04,4,4,copper,M2,1.1487,True,47.77,424.52,2024-03-02T04:56:30
2634,LOT003,LOT003-W04,4,5,tungsten,M2,1.4929,True,47.77,424.52,2024-03-02T04:57:00
2635,LOT003,LOT003-W04,4,6,tungsten,M4,2.3819,True,47.77,424.52,2024-03-02T04:57:30
2636,LOT003,LOT003-W04,4,7,tungsten,M1,1.0371,False,47.77,424.52,2024-03-02T04:58:00
2637,LOT003,LOT003-W04,4,8,tungsten,M4,2.263,True,47.77,424.52,2024-03-02T04:58:30
2638,LOT003,LOT003-W04,4,9,copper,M4,1.7315,True,47.77,424.52,2024-03-02T04:59:00
2639,LOT003,LOT003-W04,4,10,copper,M4,1.6522,False,47.77,424.52,2024-03-02T04:59:30
2640,LOT003,LOT003-W04,5,1,copper,M2,1.2075,True,47.77,424.52,2024-03-02T05:00:00
2641,LOT003,LOT003-W04,5,2,copper,M4,1.5843,True,47.77,424.52,2024-03-02T05:00:30
2642,LOT003,LOT003-W04,5,3,copper,M2,1.1897,True,47.77,424.52,2024-03-02T05:01:00
2643,LOT003,LOT003-W04,5,4,tungsten,M1,1.0015,True,47.77,424.52,2024-03-02T05:01:30
2644,LOT003,LOT003-W04,5,5,tungsten,M2,1.5348,True,47.77,424.52,2024-03-02T05:02:00
2645,LOT003,LOT003-W04,5,6,tungsten,M1,1.0121,True,47.77,424.52,2024-03-02T05:02:30
2646,LOT003,LOT003-W04,5,7,copper,M3,1.4232,True,47.77,424.52,2024-03-02T05:03:00
2647,LOT003,LOT003-W04,5,8,tungsten,M4,2.3016,True,47.77,424.52,2024-03-02T05:03:30
2648,LOT003,LOT003-W04,5,9,copper,M3,1.4421,True,47.77,424.52,2024-03-02T05:04:00
2649,LOT003,LOT003-W04,5,10,tungsten,M1,1.1127,True,47.77,424.52,2024-03-02T05:04:30
2650,LOT003,LOT003-W04,6,1,copper,M4,1.6473,False,47.77,424.52,2024-03-02T05:05:00
2651,LOT003,LOT003-W04,6,2,copper,M3,1.45,True,47.77,424.52,2024-03-02T05:05:30
2652,LOT003,LOT003-W04,6,3,tungsten,M4,2.131,True,47.77,424.52,2024-03-02T05:06:00
2653,LOT003,LOT003-W04,6,4,copper,M2,1.0128,True,47.77,424.52,2024-03-02T05:06:30
2654,LOT003,LOT003-W04,6,5,tungsten,M4,2.2308,True,47.77,424.52,2024-03-02T05:07:00
2655,LOT003,LOT003-W04,6,6,tungsten,M2,1.4843,True,47.77,424.52,2024-03-02T05:07:30
2656,LOT003,LOT003-W04,6,7,copper,M3,1.3324,True,47.77,424.52,2024-03-02T05:08:00
2657,LOT003,LOT003-W04,6,8,tungsten,M4,2.3449,True,47.77,424.52,2024-03-02T05:08:30
2658,LOT003,LOT003-W04,6,9,copper,M2,1.0325,True,47.77,424.52,2024-03-02T05:09:00
2659,LOT003,LOT003-W04,6,10,tungsten,M1,1.0621,True,47.77,424.52,2024-03-02T05:09:30
2660,LOT003,LOT003-W04,7,1,tungsten,M2,1.5168,True,47.77,424.52,2024-03-02T05:10:00
2661,LOT003,LOT003-W04,7,2,copper,M2,1.0551,True,47.77,424.52,2024-03-02T05:10:30
2662,LOT003,LOT003-W04,7,3,tungsten,M2,1.4493,True,47.77,424.52,2024-03-02T05:11:00
2663,LOT003,LOT003-W04,7,4,copper,M4,1.678,True,47.77,424.52,2024-03-02T05:11:30
2664,LOT003,LOT003-W04,7,5,tungsten,M4,2.2421,True,47.77,424.52,2024-03-02T05:12:00
2665,LOT003,LOT003-W04,7,6,copper,M3,1.3337,True,47.77,424.52,2024-03-02T05:12:30
2666,LOT003,LOT003-W04,7,7,copper,M2,1.0044,True,47.77,424.52,2024-03-02T05:13:00
2667,LOT003,LOT003-W04,7,8,copper,M3,1.411,True,47.77,424.52,2024-03-02T05:13:30
2668,LOT003,LOT003-W04,7,9,tungsten,M1,0.9993,True,47.77,424.52,2024-03-02T05:14:00
2669,LOT003,LOT003-W04,7,10,copper,M1,0.7329,False,47.77,424.52,2024-03-02T05:14:30
2670,LOT003,LOT003-W04,8,1,tungsten,M2,1.4319,True,47.77,424.52,2024-03-02T05:15:00
2671,LOT003,LOT003-W04,8,2,copper,M4,1.7924,True,47.77,424.52,2024-03-02T05:15:30
2672,LOT003,LOT003-W04,8,3,copper,M3,1.4171,True,47.77,424.52,2024-03-02T05:16:00
2673,LOT003,LOT003-W04,8,4,tungsten,M2,1.4489,True,47.77,424.52,2024-03-02T05:16:30
2674,LOT003,LOT003-W04,8,5,copper,M4,1.5961,True,47.77,424.52,2024-03-02T05:17:00
2675,LOT003,LOT003-W04,8,6,tungsten,M3,2.0507,True,47.77,424.52,2024-03-02T05:17:30
2676,LOT003,LOT003-W04,8,7,copper,M4,1.8084,True,47.77,424.52,2024-03-02T05:18:00
2677,LOT003,LOT003-W04,8,8,tungsten,M1,1.0846,True,47.77,424.52,2024-03-02T05:18:30
2678,LOT003,LOT003-W04,8,9,tungsten,M3,1.9719,True,47.77,424.52,2024-03-02T05:19:00
2679,LOT003,LOT003-W04,8,10,copper,M3,1.29,True,47.77,424.52,2024-03-02T05:19:30
2680,LOT003,LOT003-W04,9,1,copper,M1,0.7631,False,47.77,424.52,2024-03-02T05:20:00
2681,LOT003,LOT003-W04,9,2,tungsten,M4,2.1363,True,47.77,424.52,2024-03-02T05:20:30
2682,LOT003,LOT003-W04,9,3,copper,M3,1.4002,True,47.77,424.52,2024-03-02T05:21:00
2683,LOT003,LOT003-W04,9,4,tungsten,M3,1.8828,True,47.77,424.52,2024-03-02T05:21:30
2684,LOT003,LOT003-W04,9,5,tungsten,M2,1.5353,True,47.77,424.52,2024-03-02T05:22:00
2685,LOT003,LOT003-W04,9,6,copper,M4,1.7734,True,47.77,424.52,2024-03-02T05:22:30
2686,LOT003,LOT003-W04,9,7,tungsten,M1,1.0325,True,47.77,424.52,2024-03-02T05:23:00
2687,LOT003,LOT003-W04,9,8,copper,M3,1.4978,True,47.77,424.52,2024-03-02T05:23:30
2688,LOT003,LOT003-W04,9,9,tungsten,M1,1.0639,True,47.77,424.52,2024-03-02T05:24:00
2689,LOT003,LOT003-W04,9,10,copper,M4,1.8405,True,47.77,424.52,2024-03-02T05:24:30
2690,LOT003,LOT003-W04,10,1,tungsten,M4,2.4251,True,47.77,424.52,2024-03-02T05:25:00
2691,LOT003,LOT003-W04,10,2,copper,M2,0.9812,False,47.77,424.52,2024-03-02T05:25:30
2692,LOT003,LOT003-W04,10,3,tungsten,M2,1.4919,True,47.77,424.52,2024-03-02T05:26:00
2693,LOT003,LOT003-W04,10,4,tungsten,M1,1.0728,True,47.77,424.52,2024-03-02T05:26:30
2694,LOT003,LOT003-W04,10,5,tungsten,M1,1.1227,True,47.77,424.52,2024-03-02T05:27:00
2695,LOT003,LOT003-W04,10,6,tungsten,M4,2.1286,True,47.77,424.52,2024-03-02T05:27:30
2696,LOT003,LOT003-W04,10,7,copper,M1,0.7634,True,47.77,424.52,2024-03-02T05:28:00
2697,LOT003,LOT003-W04,10,8,copper,M2,1.1064,True,47.77,424.52,2024-03-02T05:28:30
2698,LOT003,LOT003-W04,10,9,copper,M1,0.8467,True,47.77,424.52,2024-03-02T05:29:00
2699,LOT003,LOT003-W04,10,10,tungsten,M3,1.9454,True,47.77,424.52,2024-03-02T05:29:30
2700,LOT003,LOT003-W04,11,1,tungsten,M1,1.0919,True,47.77,424.52,2024-03-02T05:30:00
2701,LOT003,LOT003-W04,11,2,tungsten,M1,1.0695,True,47.77,424.52,2024-03-02T05:30:30
2702,LOT003,LOT003-W04,11,3,tungsten,M3,1.8312,False,47.77,424.52,2024-03-02T05:31:00
2703,LOT003,LOT003-W04,11,4,tungsten,M1,1.048,True,47.77,424.52,2024-03-02T05:31:30
2704,LOT003,LOT003-W04,11,5,tungsten,M3,1.9034,False,47.77,424.52,2024-03-02T05:32:00
2705,LOT003,LOT003-W04,11,6,copper,M2,1.0663,True,47.77,424.52,2024-03-02T05:32:30
2706,LOT003,LOT003-W04,11,7,copper,M4,1.6429,True,47.77,424.52,2024-03-02T05:33:00
2707,LOT003,LOT003-W04,11,8,copper,M4,1.7825,True,47.77,424.52,2024-03-02T05:33:30
2708,LOT003,LOT003-W04,11,9,copper,M4,1.8358,True,47.77,424.52,2024-03-02T05:34:00
2709,LOT003,LOT003-W04,11,10,tungsten,M4,2.2446,True,47.77,424.52,2024-03-02T05:34:30
2710,LOT003,LOT003-W04,12,1,copper,M3,1.3905,True,47.77,424.52,2024-03-02T05:35:00
2711,LOT003,LOT003-W04,12,2,tungsten,M1,1.0138,True,47.77,424.52,2024-03-02T05:35:30
2712,LOT003,LOT003-W04,12,3,copper,M3,1.3503,True,47.77,424.52,2024-03-02T05:36:00
2713,LOT003,LOT003-W04,12,4,copper,M3,1.2984,True,47.77,424.52,2024-03-02T05:36:30
2714,LOT003,LOT003-W04,12,5,copper,M2,1.078,True,47.77,424.52,2024-03-02T05:37:00
2715,LOT003,LOT003-W04,12,6,copper,M4,1.7638,True,47.77,424.52,2024-03-02T05:37:30
2716,LOT003,LOT003-W04,12,7,tungsten,M2,1.4984,True,47.77,424.52,2024-03-02T05:38:00
2717,LOT003,LOT003-W04,12,8,copper,M1,0.8383,True,47.77,424.52,2024-03-02T05:38:30
2718,LOT003,LOT003-W04,12,9,tungsten,M4,2.2379,True,47.77,424.52,2024-03-02T05:39:00
2719,LOT003,LOT003-W04,12,10,tungsten,M2,1.4238,True,47.77,424.52,2024-03-02T05:39:30
2720,LOT003,LOT003-W04,13,1,tungsten,M1,1.0296,False,47.77,424.52,2024-03-02T05:40:00
2721,LOT003,LOT003-W04,13,2,copper,M2,1.0672,True,47.77,424.52,2024-03-02T05:40:30
2722,LOT003,LOT003-W04,13,3,tungsten,M3,1.8803,True,47.77,424.52,2024-03-02T05:41:00
2723,LOT003,LOT003-W04,13,4,copper,M1,0.7942,True,47.77,424.52,2024-03-02T05:41:30
2724,LOT003,LOT003-W04,13,5,copper,M1,0.8636,True,47.77,424.52,2024-03-02T05:42:00
2725,LOT003,LOT003-W04,13,6,tungsten,M4,2.341,True,47.77,424.52,2024-03-02T05:42:30
2726,LOT003,LOT003-W04,13,7,copper,M3,1.3355,True,47.77,424.52,2024-03-02T05:43:00
2727,LOT003,LOT003-W04,13,8,tungsten,M4,2.1971,True,47.77,424.52,2024-03-02T05:43:30
2728,LOT003,LOT003-W04,13,9,tungsten,M3,1.858,True,47.77,424.52,2024-03-02T05:44:00
2729,LOT003,LOT003-W04,13,10,copper,M2,1.0853,True,47.77,424.52,2024-03-02T05:44:30
2730,LOT003,LOT003-W04,14,1,tungsten,M1,1.0445,True,47.77,424.52,2024-03-02T05:45:00
2731,LOT003,LOT003-W04,14,2,copper,M3,1.4493,True,47.77,424.52,2024-03-02T05:45:30
2732,LOT003,LOT003-W04,14,3,copper,M3,1.3831,True,47.77,424.52,2024-03-02T05:46:00
2733,LOT003,LOT003-W04,14,4,tungsten,M3,1.8861,True,47.77,424.52,2024-03-02T05:46:30
2734,LOT003,LOT003-W04,14,5,copper,M3,1.3924,True,47.77,424.52,2024-03-02T05:47:00
2735,LOT003,LOT003-W04,14,6,copper,M3,1.3609,True,47.77,424.52,2024-03-02T05:47:30
2736,LOT003,LOT003-W04,14,7,tungsten,M3,2.0419,True,47.77,424.52,2024-03-02T05:48:00
2737,LOT003,LOT003-W04,14,8,copper,M2,0.995,True,47.77,424.52,2024-03-02T05:48:30
2738,LOT003,LOT003-W04,14,9,copper,M1,0.7606,True,47.77,424.52,2024-03-02T05:49:00
2739,LOT003,LOT003-W04,14,10,copper,M4,1.6355,True,47.77,424.52,2024-03-02T05:49:30
2740,LOT003,LOT003-W04,15,1,copper,M3,1.3347,True,47.77,424.52,2024-03-02T05:50:00
2741,LOT003,LOT003-W04,15,2,tungsten,M1,1.0862,False,47.77,424.52,2024-03-02T05:50:30
2742,LOT003,LOT003-W04,15,3,copper,M3,1.4732,True,47.77,424.52,2024-03-02T05:51:00
2743,LOT003,LOT003-W04,15,4,tungsten,M1,0.9983,True,47.77,424.52,2024-03-02T05:51:30
2744,LOT003,LOT003-W04,15,5,copper,M2,1.107,True,47.77,424.52,2024-03-02T05:52:00
2745,LOT003,LOT003-W04,15,6,copper,M1,0.7412,True,47.77,424.52,2024-03-02T05:52:30
2746,LOT003,LOT003-W04,15,7,tungsten,M1,0.9928,True,47.77,424.52,2024-03-02T05:53:00
2747,LOT003,LOT003-W04,15,8,copper,M4,1.7792,True,47.77,424.52,2024-03-02T05:53:30
2748,LOT003,LOT003-W04,15,9,tungsten,M3,1.8731,True,47.77,424.52,2024-03-02T05:54:00
2749,LOT003,LOT003-W04,15,10,copper,M4,1.8486,True,47.77,424.52,2024-03-02T05:54:30
2750,LOT003,LOT003-W04,16,1,tungsten,M4,2.2949,True,47.77,424.52,2024-03-02T05:55:00
2751,LOT003,LOT003-W04,16,2,copper,M4,1.782,True,47.77,424.52,2024-03-02T05:55:30
2752,LOT003,LOT003-W04,16,3,copper,M4,1.6479,True,47.77,424.52,2024-03-02T05:56:00
2753,LOT003,LOT003-W04,16,4,copper,M2,1.0278,True,47.77,424.52,2024-03-02T05:56:30
2754,LOT003,LOT003-W04,16,5,tungsten,M3,1.8601,True,47.77,424.52,2024-03-02T05:57:00
2755,LOT003,LOT003-W04,16,6,tungsten,M1,1.143,True,47.77,424.52,2024-03-02T05:57:30
2756,LOT003,LOT003-W04,16,7,tungsten,M1,1.0294,True,47.77,424.52,2024-03-02T05:58:00
2757,LOT003,LOT003-W04,16,8,tungsten,M1,1.0205,True,47.77,424.52,2024-03-02T05:58:30
2758,LOT003,LOT003-W04,16,9,copper,M1,0.7674,True,47.77,424.52,2024-03-02T05:59:00
2759,LOT003,LOT003-W04,16,10,copper,M4,1.6834,True,47.77,424.52,2024-03-02T05:59:30
2760,LOT003,LOT003-W04,17,1,copper,M3,1.3378,True,47.77,424.52,2024-03-02T06:00:00
2761,LOT003,LOT003-W04,17,2,copper,M3,1.328,True,47.77,424.52,2024-03-02T06:00:30
2762,LOT003,LOT003-W04,17,3,copper,M3,1.434,True,47.77,424.52,2024-03-02T06:01:00
2763,LOT003,LOT003-W04,17,4,copper,M1,0.7628,True,47.77,424.52,2024-03-02T06:01:30
2764,LOT003,LOT003-W04,17,5,copper,M2,1.0671,True,47.77,424.52,2024-03-02T06:02:00
2765,LOT003,LOT003-W04,17,6,tungsten,M2,1.4382,True,47.77,424.52,2024-03-02T06:02:30
2766,LOT003,LOT003-W04,17,7,copper,M3,1.3892,True,47.77,424.52,2024-03-02T06:03:00
2767,LOT003,LOT003-W04,17,8,copper,M3,1.3965,True,47.77,424.52,2024-03-02T06:03:30
2768,LOT003,LOT003-W04,17,9,copper,M1,0.7973,True,47.77,424.52,2024-03-02T06:04:00
2769,LOT003,LOT003-W04,17,10,tungsten,M1,1.0388,True,47.77,424.52,2024-03-02T06:04:30
2770,LOT003,LOT003-W04,18,1,copper,M1,0.7685,True,47.77,424.52,2024-03-02T06:05:00
2771,LOT003,LOT003-W04,18,2,tungsten,M1,1.0339,True,47.77,424.52,2024-03-02T06:05:30
2772,LOT003,LOT003-W04,18,3,copper,M2,1.1276,True,47.77,424.52,2024-03-02T06:06:00
2773,LOT003,LOT003-W04,18,4,tungsten,M2,1.4838,True,47.77,424.52,2024-03-02T06:06:30
2774,LOT003,LOT003-W04,18,5,tungsten,M4,2.0352,True,47.77,424.52,2024-03-02T06:07:00
2775,LOT003,LOT003-W04,18,6,tungsten,M2,1.4672,True,47.77,424.52,2024-03-02T06:07:30
2776,LOT003,LOT003-W04,18,7,tungsten,M3,1.8258,True,47.77,424.52,2024-03-02T06:08:00
2777,LOT003,LOT003-W04,18,8,tungsten,M2,1.4147,True,47.77,424.52,2024-03-02T06:08:30
2778,LOT003,LOT003-W04,18,9,copper,M3,1.3945,True,47.77,424.52,2024-03-02T06:09:00
2779,LOT003,LOT003-W04,18,10,tungsten,M3,1.8308,True,47.77,424.52,2024-03-02T06:09:30
2780,LOT003,LOT003-W04,19,1,copper,M4,1.5966,True,47.77,424.52,2024-03-02T06:10:00
2781,LOT003,LOT003-W04,19,2,tungsten,M2,1.5283,True,47.77,424.52,2024-03-02T06:10:30
2782,LOT003,LOT003-W04,19,3,tungsten,M4,2.2411,True,47.77,424.52,2024-03-02T06:11:00
2783,LOT003,LOT003-W04,19,4,tungsten,M4,2.2383,True,47.77,424.52,2024-03-02T06:11:30
2784,LOT003,LOT003-W04,19,5,copper,M4,1.7404,True,47.77,424.52,2024-03-02T06:12:00
2785,LOT003,LOT003-W04,19,6,tungsten,M3,1.7888,True,47.77,424.52,2024-03-02T06:12:30
2786,LOT003,LOT003-W04,19,7,tungsten,M3,1.6861,True,47.77,424.52,2024-03-02T06:13:00
2787,LOT003,LOT003-W04,19,8,copper,M2,1.1557,True,47.77,424.52,2024-03-02T06:13:30
2788,LOT003,LOT003-W04,19,9,copper,M1,0.8084,True,47.77,424.52,2024-03-02T06:14:00
2789,LOT003,LOT003-W04,19,10,copper,M2,1.1284,True,47.77,424.52,2024-03-02T06:14:30
2790,LOT003,LOT003-W04,20,1,tungsten,M2,1.4587,True,47.77,424.52,2024-03-02T06:15:00
2791,LOT003,LOT003-W04,20,2,tungsten,M3,1.8461,True,47.77,424.52,2024-03-02T06:15:30
2792,LOT003,LOT003-W04,20,3,tungsten,M1,1.0062,True,47.77,424.52,2024-03-02T06:16:00
2793,LOT003,LOT003-W04,20,4,copper,M1,0.8479,True,47.77,424.52,2024-03-02T06:16:30
2794,LOT003,LOT003-W04,20,5,copper,M4,1.9422,True,47.77,424.52,2024-03-02T06:17:00
2795,LOT003,LOT003-W04,20,6,copper,M1,0.8343,True,47.77,424.52,2024-03-02T06:17:30
2796,LOT003,LOT003-W04,20,7,copper,M2,1.1016,True,47.77,424.52,2024-03-02T06:18:00
2797,LOT003,LOT003-W04,20,8,copper,M1,0.7772,False,47.77,424.52,2024-03-02T06:18:30
2798,LOT003,LOT003-W04,20,9,copper,M3,1.3908,True,47.77,424.52,2024-03-02T06:19:00
2799,LOT003,LOT003-W04,20,10,copper,M3,1.4196,True,47.77,424.52,2024-03-02T06:19:30
2800,LOT003,LOT003-W05,1,1,copper,M4,1.7566,True,49.79,418.79,2024-03-02T06:20:00
2801,LOT003,LOT003-W05,1,2,tungsten,M4,1.9905,True,49.79,418.79,2024-03-02T06:20:30
2802,LOT003,LOT003-W05,1,3,copper,M2,1.1053,True,49.79,418.79,2024-03-02T06:21:00
2803,LOT003,LOT003-W05,1,4,tungsten,M3,1.8705,True,49.79,418.79,2024-03-02T06:21:30
2804,LOT003,LOT003-W05,1,5,copper,M3,1.3811,True,49.79,418.79,2024-03-02T06:22:00
2805,LOT003,LOT003-W05,1,6,tungsten,M2,1.3884,True,49.79,418.79,2024-03-02T06:22:30
2806,LOT003,LOT003-W05,1,7,copper,M4,1.7122,True,49.79,418.79,2024-03-02T06:23:00
2807,LOT003,LOT003-W05,1,8,tungsten,M3,1.7982,True,49.79,418.79,2024-03-02T06:23:30
2808,LOT003,LOT003-W05,1,9,tungsten,M4,2.0385,True,49.79,418.79,2024-03-02T06:24:00
2809,LOT003,LOT003-W05,1,10,tungsten,M2,1.4611,True,49.79,418.79,2024-03-02T06:24:30
2810,LOT003,LOT003-W05,2,1,copper,M3,1.4272,False,49.79,418.79,2024-03-02T06:25:00
2811,LOT003,LOT003-W05,2,2,copper,M4,1.635,True,49.79,418.79,2024-03-02T06:25:30
2812,LOT003,LOT003-W05,2,3,copper,M1,0.798,True,49.79,418.79,2024-03-02T06:26:00
2813,LOT003,LOT003-W05,2,4,tungsten,M1,1.0102,True,49.79,418.79,2024-03-02T06:26:30
2814,LOT003,LOT003-W05,2,5,tungsten,M4,2.0749,True,49.79,418.79,2024-03-02T06:27:00
2815,LOT003,LOT003-W05,2,6,copper,M2,1.1305,True,49.79,418.79,2024-03-02T06:27:30
2816,LOT003,LOT003-W05,2,7,tungsten,M2,1.5116,True,49.79,418.79,2024-03-02T06:28:00
2817,LOT003,LOT003-W05,2,8,copper,M3,1.399,True,49.79,418.79,2024-03-02T06:28:30
2818,LOT003,LOT003-W05,2,9,tungsten,M4,2.2272,True,49.79,418.79,2024-03-02T06:29:00
2819,LOT003,LOT003-W05,2,10,copper,M2,1.1185,True,49.79,418.79,2024-03-02T06:29:30
2820,LOT003,LOT003-W05,3,1,tungsten,M1,1.0085,True,49.79,418.79,2024-03-02T06:30:00
2821,LOT003,LOT003-W05,3,2,copper,M2,1.1237,True,49.79,418.79,2024-03-02T06:30:30
2822,LOT003,LOT003-W05,3,3,copper,M2,1.011,True,49.79,418.79,2024-03-02T06:31:00
2823,LOT003,LOT003-W05,3,4,tungsten,M3,1.6883,True,49.79,418.79,2024-03-02T06:31:30
2824,LOT003,LOT003-W05,3,5,copper,M4,1.6614,True,49.79,418.79,2024-03-02T06:32:00
2825,LOT003,LOT003-W05,3,6,copper,M4,1.7555,True,49.79,418.79,2024-03-02T06:32:30
2826,LOT003,LOT003-W05,3,7,tungsten,M2,1.3217,True,49.79,418.79,2024-03-02T06:33:00
2827,LOT003,LOT003-W05,3,8,tungsten,M4,2.263,True,49.79,418.79,2024-03-02T06:33:30
2828,LOT003,LOT003-W05,3,9,copper,M3,1.3311,True,49.79,418.79,2024-03-02T06:34:00
2829,LOT003,LOT003-W05,3,10,tungsten,M4,2.189,True,49.79,418.79,2024-03-02T06:34:30
2830,LOT003,LOT003-W05,4,1,tungsten,M2,1.3973,True,49.79,418.79,2024-03-02T06:35:00
2831,LOT003,LOT003-W05,4,2,tungsten,M3,1.8662,True,49.79,418.79,2024-03-02T06:35:30
2832,LOT003,LOT003-W05,4,3,copper,M3,1.4251,True,49.79,418.79,2024-03-02T06:36:00
2833,LOT003,LOT003-W05,4,4,copper,M4,1.6287,True,49.79,418.79,2024-03-02T06:36:30
2834,LOT003,LOT003-W05,4,5,tungsten,M4,2.0544,True,49.79,418.79,2024-03-02T06:37:00
2835,LOT003,LOT003-W05,4,6,tungsten,M1,1.0541,True,49.79,418.79,2024-03-02T06:37:30
2836,LOT003,LOT003-W05,4,7,tungsten,M2,1.4016,True,49.79,418.79,2024-03-02T06:38:00
2837,LOT003,LOT003-W05,4,8,copper,M3,1.3299,True,49.79,418.79,2024-03-02T06:38:30
2838,LOT003,LOT003-W05,4,9,copper,M3,1.5387,True,49.79,418.79,2024-03-02T06:39:00
2839,LOT003,LOT003-W05,4,10,tungsten,M3,1.8676,True,49.79,418.79,2024-03-02T06:39:30
2840,LOT003,LOT003-W05,5,1,copper,M3,1.3929,True,49.79,418.79,2024-03-02T06:40:00
2841,LOT003,LOT003-W05,5,2,copper,M3,1.2333,True,49.79,418.79,2024-03-02T06:40:30
2842,LOT003,LOT003-W05,5,3,copper,M1,0.8477,False,49.79,418.79,2024-03-02T06:41:00
2843,LOT003,LOT003-W05,5,4,copper,M4,1.5082,True,49.79,418.79,2024-03-02T06:41:30
2844,LOT003,LOT003-W05,5,5,tungsten,M3,1.9461,True,49.79,418.79,2024-03-02T06:42:00
2845,LOT003,LOT003-W05,5,6,tungsten,M3,1.6824,False,49.79,418.79,2024-03-02T06:42:30
2846,LOT003,LOT003-W05,5,7,tungsten,M2,1.5096,True,49.79,418.79,2024-03-02T06:43:00
2847,LOT003,LOT003-W05,5,8,tungsten,M4,2.1077,True,49.79,418.79,2024-03-02T06:43:30
2848,LOT003,LOT003-W05,5,9,tungsten,M4,2.0239,True,49.79,418.79,2024-03-02T06:44:00
2849,LOT003,LOT003-W05,5,10,copper,M2,1.0097,True,49.79,418.79,2024-03-02T06:44:30
2850,LOT003,LOT003-W05,6,1,copper,M3,1.3591,True,49.79,418.79,2024-03-02T06:45:00
2851,LOT003,LOT003-W05,6,2,copper,M3,1.3078,True,49.79,418.79,2024-03-02T06:45:30
2852,LOT003,LOT003-W05,6,3,tungsten,M1,0.9892,True,49.79,418.79,2024-03-02T06:46:00
2853,LOT003,LOT003-W05,6,4,tungsten,M1,0.9709,True,49.79,418.79,2024-03-02T06:46:30
2854,LOT003,LOT003-W05,6,5,tungsten,M3,1.7664,False,49.79,418.79,2024-03-02T06:47:00
2855,LOT003,LOT003-W05,6,6,tungsten,M2,1.2853,True,49.79,418.79,2024-03-02T06:47:30
2856,LOT003,LOT003-W05,6,7,copper,M2,1.0217,True,49.79,418.79,2024-03-02T06:48:00
2857,LOT003,LOT003-W05,6,8,tungsten,M1,0.9568,True,49.79,418.79,2024-03-02T06:48:30
2858,LOT003,LOT003-W05,6,9,tungsten,M1,1.0085,True,49.79,418.79,2024-03-02T06:49:00
2859,LOT003,LOT003-W05,6,10,copper,M3,1.38,True,49.79,418.79,2024-03-02T06:49:30
2860,LOT003,LOT003-W05,7,1,copper,M3,1.4219,True,49.79,418.79,2024-03-02T06:50:00
2861,LOT003,LOT003-W05,7,2,copper,M4,1.6021,True,49.79,418.79,2024-03-02T06:50:30
2862,LOT003,LOT003-W05,7,3,copper,M1,0.8093,True,49.79,418.79,2024-03-02T06:51:00
2863,LOT003,LOT003-W05,7,4,copper,M2,1.0884,True,49.79,418.79,2024-03-02T06:51:30
2864,LOT003,LOT003-W05,7,5,copper,M1,0.8357,True,49.79,418.79,2024-03-02T06:52:00
2865,LOT003,LOT003-W05,7,6,tungsten,M3,1.7506,True,49.79,418.79,2024-03-02T06:52:30
2866,LOT003,LOT003-W05,7,7,tungsten,M3,1.8223,True,49.79,418.79,2024-03-02T06:53:00
2867,LOT003,LOT003-W05,7,8,copper,M4,1.7032,True,49.79,418.79,2024-03-02T06:53:30
2868,LOT003,LOT003-W05,7,9,copper,M3,1.4854,True,49.79,418.79,2024-03-02T06:54:00
2869,LOT003,LOT003-W05,7,10,copper,M2,1.0768,True,49.79,418.79,2024-03-02T06:54:30
2870,LOT003,LOT003-W05,8,1,copper,M2,1.1013,True,49.79,418.79,2024-03-02T06:55:00
2871,LOT003,LOT003-W05,8,2,copper,M1,0.7996,True,49.79,418.79,2024-03-02T06:55:30
2872,LOT003,LOT003-W05,8,3,copper,M3,1.3706,True,49.79,418.79,2024-03-02T06:56:00
2873,LOT003,LOT003-W05,8,4,copper,M4,1.8601,True,49.79,418.79,2024-03-02T06:56:30
2874,LOT003,LOT003-W05,8,5,tungsten,M1,1.0579,True,49.79,418.79,2024-03-02T06:57:00
2875,LOT003,LOT003-W05,8,6,copper,M4,1.7513,True,49.79,418.79,2024-03-02T06:57:30
2876,LOT003,LOT003-W05,8,7,copper,M4,1.6498,True,49.79,418.79,2024-03-02T06:58:00
2877,LOT003,LOT003-W05,8,8,copper,M3,1.3656,True,49.79,418.79,2024-03-02T06:58:30
2878,LOT003,LOT003-W05,8,9,copper,M3,1.315,True,49.79,418.79,2024-03-02T06:59:00
2879,LOT003,LOT003-W05,8,10,tungsten,M2,1.3866,False,49.79,418.79,2024-03-02T06:59:30
2880,LOT003,LOT003-W05,9,1,tungsten,M3,1.8188,True,49.79,418.79,2024-03-02T07:00:00
2881,LOT003,LOT003-W05,9,2,copper,M1,0.7615,False,49.79,418.79,2024-03-02T07:00:30
2882,LOT003,LOT003-W05,9,3,copper,M3,1.4821,True,49.79,418.79,2024-03-02T07:01:00
2883,LOT003,LOT003-W05,9,4,copper,M2,1.1262,True,49.79,418.79,2024-03-02T07:01:30
2884,LOT003,LOT003-W05,9,5,copper,M1,0.8155,True,49.79,418.79,2024-03-02T07:02:00
2885,LOT003,LOT003-W05,9,6,tungsten,M2,1.3929,True,49.79,418.79,2024-03-02T07:02:30
2886,LOT003,LOT003-W05,9,7,tungsten,M1,1.0188,True,49.79,418.79,2024-03-02T07:03:00
2887,LOT003,LOT003-W05,9,8,copper,M4,1.7113,True,49.79,418.79,2024-03-02T07:03:30
2888,LOT003,LOT003-W05,9,9,tungsten,M4,2.1072,True,49.79,418.79,2024-03-02T07:04:00
2889,LOT003,LOT003-W05,9,10,copper,M1,0.7851,True,49.79,418.79,2024-03-02T07:04:30
2890,LOT003,LOT003-W05,10,1,tungsten,M2,1.4866,True,49.79,418.79,2024-03-02T07:05:00
2891,LOT003,LOT003-W05,10,2,tungsten,M1,1.0576,True,49.79,418.79,2024-03-02T07:05:30
2892,LOT003,LOT003-W05,10,3,tungsten,M2,1.4012,True,49.79,418.79,2024-03-02T07:06:00
2893,LOT003,LOT003-W05,10,4,copper,M2,1.1305,True,49.79,418.79,2024-03-02T07:06:30
2894,LOT003,LOT003-W05,10,5,tungsten,M3,1.7288,True,49.79,418.79,2024-03-02T07:07:00
2895,LOT003,LOT003-W05,10,6,copper,M4,1.492,True,49.79,418.79,2024-03-02T07:07:30
2896,LOT003,LOT003-W05,10,7,copper,M4,1.6677,True,49.79,418.79,2024-03-02T07:08:00
2897,LOT003,LOT003-W05,10,8,tungsten,M4,2.0057,True,49.79,418.79,2024-03-02T07:08:30
2898,LOT003,LOT003-W05,10,9,tungsten,M2,1.419,True,49.79,418.79,2024-03-02T07:09:00
2899,LOT003,LOT003-W05,10,10,copper,M4,1.7428,True,49.79,418.79,2024-03-02T07:09:30
2900,LOT003,LOT003-W05,11,1,copper,M1,0.7779,True,49.79,418.79,2024-03-02T07:10:00
2901,LOT003,LOT003-W05,11,2,tungsten,M4,2.2762,True,49.79,418.79,2024-03-02T07:10:30
2902,LOT003,LOT003-W05,11,3,tungsten,M1,0.9417,True,49.79,418.79,2024-03-02T07:11:00
2903,LOT003,LOT003-W05,11,4,tungsten,M3,1.7879,True,49.79,418.79,2024-03-02T07:11:30
2904,LOT003,LOT003-W05,11,5,tungsten,M1,1.0316,True,49.79,418.79,2024-03-02T07:12:00
2905,LOT003,LOT003-W05,11,6,copper,M3,1.3726,True,49.79,418.79,2024-03-02T07:12:30
2906,LOT003,LOT003-W05,11,7,copper,M1,0.8328,True,49.79,418.79,2024-03-02T07:13:00
2907,LOT003,LOT003-W05,11,8,copper,M3,1.4524,True,49.79,418.79,2024-03-02T07:13:30
2908,LOT003,LOT003-W05,11,9,tungsten,M2,1.5119,True,49.79,418.79,2024-03-02T07:14:00
2909,LOT003,LOT003-W05,11,10,tungsten,M2,1.3543,True,49.79,418.79,2024-03-02T07:14:30
2910,LOT003,LOT003-W05,12,1,tungsten,M2,1.3886,True,49.79,418.79,2024-03-02T07:15:00
2911,LOT003,LOT003-W05,12,2,tungsten,M2,1.396,True,49.79,418.79,2024-03-02T07:15:30
2912,LOT003,LOT003-W05,12,3,tungsten,M2,1.4372,True,49.79,418.79,2024-03-02T07:16:00
2913,LOT003,LOT003-W05,12,4,tungsten,M1,1.0345,True,49.79,418.79,2024-03-02T07:16:30
2914,LOT003,LOT003-W05,12,5,copper,M2,1.1504,False,49.79,418.79,2024-03-02T07:17:00
2915,LOT003,LOT003-W05,12,6,copper,M4,1.6541,True,49.79,418.79,2024-03-02T07:17:30
2916,LOT003,LOT003-W05,12,7,tungsten,M1,0.9816,True,49.79,418.79,2024-03-02T07:18:00
2917,LOT003,LOT003-W05,12,8,tungsten,M1,0.9487,False,49.79,418.79,2024-03-02T07:18:30
2918,LOT003,LOT003-W05,12,9,copper,M4,1.7907,True,49.79,418.79,2024-03-02T07:19:00
2919,LOT003,LOT003-W05,12,10,copper,M4,1.6034,True,49.79,418.79,2024-03-02T07:19:30
2920,LOT003,LOT003-W05,13,1,tungsten,M4,2.0397,True,49.79,418.79,2024-03-02T07:20:00
2921,LOT003,LOT003-W05,13,2,tungsten,M3,1.7263,True,49.79,418.79,2024-03-02T07:20:30
2922,LOT003,LOT003-W05,13,3,copper,M1,0.8216,True,49.79,418.79,2024-03-02T07:21:00
2923,LOT003,LOT003-W05,13,4,tungsten,M3,1.7714,True,49.79,418.79,2024-03-02T07:21:30
2924,LOT003,LOT003-W05,13,5,tungsten,M3,1.7106,True,49.79,418.79,2024-03-02T07:22:00
2925,LOT003,LOT003-W05,13,6,copper,M1,0.7769,True,49.79,418.79,2024-03-02T07:22:30
2926,LOT003,LOT003-W05,13,7,tungsten,M3,1.9394,True,49.79,418.79,2024-03-02T07:23:00
2927,LOT003,LOT003-W05,13,8,tungsten,M4,2.0396,True,49.79,418.79,2024-03-02T07:23:30
2928,LOT003,LOT003-W05,13,9,copper,M2,1.1179,False,49.79,418.79,2024-03-02T07:24:00
2929,LOT003,LOT003-W05,13,10,tungsten,M3,1.7844,True,49.79,418.79,2024-03-02T07:24:30
2930,LOT003,LOT003-W05,14,1,copper,M3,1.4603,True,49.79,418.79,2024-03-02T07:25:00
2931,LOT003,LOT003-W05,14,2,copper,M3,1.3014,True,49.79,418.79,2024-03-02T07:25:30
2932,LOT003,LOT003-W05,14,3,copper,M3,1.3516,True,49.79,418.79,2024-03-02T07:26:00
2933,LOT003,LOT003-W05,14,4,copper,M2,1.0455,True,49.79,418.79,2024-03-02T07:26:30
2934,LOT003,LOT003-W05,14,5,copper,M1,0.8675,True,49.79,418.79,2024-03-02T07:27:00
2935,LOT003,LOT003-W05,14,6,copper,M4,1.8097,True,49.79,418.79,2024-03-02T07:27:30
2936,LOT003,LOT003-W05,14,7,tungsten,M3,1.7476,True,49.79,418.79,2024-03-02T07:28:00
2937,LOT003,LOT003-W05,14,8,copper,M1,0.7751,True,49.79,418.79,2024-03-02T07:28:30
2938,LOT003,LOT003-W05,14,9,tungsten,M2,1.4306,True,49.79,418.79,2024-03-02T07:29:00
2939,LOT003,LOT003-W05,14,10,copper,M4,1.6422,True,49.79,418.79,2024-03-02T07:29:30
2940,LOT003,LOT003-W05,15,1,copper,M4,1.6791,True,49.79,418.79,2024-03-02T07:30:00
2941,LOT003,LOT003-W05,15,2,copper,M4,1.7186,False,49.79,418.79,2024-03-02T07:30:30
2942,LOT003,LOT003-W05,15,3,copper,M3,1.314,True,49.79,418.79,2024-03-02T07:31:00
2943,LOT003,LOT003-W05,15,4,copper,M4,1.7326,True,49.79,418.79,2024-03-02T07:31:30
2944,LOT003,LOT003-W05,15,5,tungsten,M3,1.9322,True,49.79,418.79,2024-03-02T07:32:00
2945,LOT003,LOT003-W05,15,6,tungsten,M1,0.9913,True,49.79,418.79,2024-03-02T07:32:30
2946,LOT003,LOT003-W05,15,7,copper,M1,0.7197,True,49.79,418.79,2024-03-02T07:33:00
2947,LOT003,LOT003-W05,15,8,tungsten,M3,1.7519,True,49.79,418.79,2024-03-02T07:33:30
2948,LOT003,LOT003-W05,15,9,copper,M4,1.6055,True,49.79,418.79,2024-03-02T07:34:00
2949,LOT003,LOT003-W05,15,10,tungsten,M4,2.1229,True,49.79,418.79,2024-03-02T07:34:30
2950,LOT003,LOT003-W05,16,1,tungsten,M2,1.4486,True,49.79,418.79,2024-03-02T07:35:00
2951,LOT003,LOT003-W05,16,2,copper,M3,1.4299,False,49.79,418.79,2024-03-02T07:35:30
2952,LOT003,LOT003-W05,16,3,tungsten,M4,2.381,True,49.79,418.79,2024-03-02T07:36:00
2953,LOT003,LOT003-W05,16,4,tungsten,M3,1.7179,True,49.79,418.79,2024-03-02T07:36:30
2954,LOT003,LOT003-W05,16,5,copper,M4,1.7435,True,49.79,418.79,2024-03-02T07:37:00
2955,LOT003,LOT003-W05,16,6,copper,M1,0.7444,True,49.79,418.79,2024-03-02T07:37:30
2956,LOT003,LOT003-W05,16,7,copper,M1,0.7663,True,49.79,418.79,2024-03-02T07:38:00
2957,LOT003,LOT003-W05,16,8,copper,M4,1.6353,False,49.79,418.79,2024-03-02T07:38:30
2958,LOT003,LOT003-W05,16,9,tungsten,M3,1.7515,True,49.79,418.79,2024-03-02T07:39:00
2959,LOT003,LOT003-W05,16,10,copper,M2,1.1809,True,49.79,418.79,2024-03-02T07:39:30
2960,LOT003,LOT003-W05,17,1,tungsten,M2,1.3872,True,49.79,418.79,2024-03-02T07:40:00
2961,LOT003,LOT003-W05,17,2,copper,M1,0.853,True,49.79,418.79,2024-03-02T07:40:30
2962,LOT003,LOT003-W05,17,3,tungsten,M1,1.017,False,49.79,418.79,2024-03-02T07:41:00
2963,LOT003,LOT003-W05,17,4,copper,M3,1.309,True,49.79,418.79,2024-03-02T07:41:30
2964,LOT003,LOT003-W05,17,5,tungsten,M3,1.6421,True,49.79,418.79,2024-03-02T07:42:00
2965,LOT003,LOT003-W05,17,6,tungsten,M3,1.7896,True,49.79,418.79,2024-03-02T07:42:30
2966,LOT003,LOT003-W05,17,7,copper,M3,1.4851,False,49.79,418.79,2024-03-02T07:43:00
2967,LOT003,LOT003-W05,17,8,tungsten,M4,2.0341,False,49.79,418.79,2024-03-02T07:43:30
2968,LOT003,LOT003-W05,17,9,copper,M4,1.7546,True,49.79,418.79,2024-03-02T07:44:00
2969,LOT003,LOT003-W05,17,10,copper,M1,0.8224,True,49.79,418.79,2024-03-02T07:44:30
2970,LOT003,LOT003-W05,18,1,copper,M2,1.0289,True,49.79,418.79,2024-03-02T07:45:00
2971,LOT003,LOT003-W05,18,2,copper,M1,0.7941,True,49.79,418.79,2024-03-02T07:45:30
2972,LOT003,LOT003-W05,18,3,copper,M1,0.8029,True,49.79,418.79,2024-03-02T07:46:00
2973,LOT003,LOT003-W05,18,4,copper,M1,0.775,True,49.79,418.79,2024-03-02T07:46:30
2974,LOT003,LOT003-W05,18,5,copper,M2,1.0908,True,49.79,418.79,2024-03-02T07:47:00
2975,LOT003,LOT003-W05,18,6,copper,M3,1.3716,True,49.79,418.79,2024-03-02T07:47:30
2976,LOT003,LOT003-W05,18,7,copper,M4,1.8592,True,49.79,418.79,2024-03-02T07:48:00
2977,LOT003,LOT003-W05,18,8,tungsten,M4,2.2737,True,49.79,418.79,2024-03-02T07:48:30
2978,LOT003,LOT003-W05,18,9,copper,M3,1.4999,False,49.79,418.79,2024-03-02T07:49:00
2979,LOT003,LOT003-W05,18,10,copper,M3,1.3728,True,49.79,418.79,2024-03-02T07:49:30
2980,LOT003,LOT003-W05,19,1,copper,M3,1.4777,True,49.79,418.79,2024-03-02T07:50:00
2981,LOT003,LOT003-W05,19,2,copper,M3,1.2989,True,49.79,418.79,2024-03-02T07:50:30
2982,LOT003,LOT003-W05,19,3,copper,M1,0.7528,False,49.79,418.79,2024-03-02T07:51:00
2983,LOT003,LOT003-W05,19,4,tungsten,M1,1.022,False,49.79,418.79,2024-03-02T07:51:30
2984,LOT003,LOT003-W05,19,5,tungsten,M2,1.3765,True,49.79,418.79,2024-03-02T07:52:00
2985,LOT003,LOT003-W05,19,6,copper,M3,1.4584,True,49.79,418.79,2024-03-02T07:52:30
2986,LOT003,LOT003-W05,19,7,tungsten,M1,0.9653,True,49.79,418.79,2024-03-02T07:53:00
2987,LOT003,LOT003-W05,19,8,copper,M3,1.3671,True,49.79,418.79,2024-03-02T07:53:30
2988,LOT003,LOT003-W05,19,9,tungsten,M4,2.2391,True,49.79,418.79,2024-03-02T07:54:00
2989,LOT003,LOT003-W05,19,10,tungsten,M2,1.3697,True,49.79,418.79,2024-03-02T07:54:30
2990,LOT003,LOT003-W05,20,1,tungsten,M1,0.9928,True,49.79,418.79,2024-03-02T07:55:00
2991,LOT003,LOT003-W05,20,2,tungsten,M4,2.2405,True,49.79,418.79,2024-03-02T07:55:30
2992,LOT003,LOT003-W05,20,3,tungsten,M3,1.6816,True,49.79,418.79,2024-03-02T07:56:00
2993,LOT003,LOT003-W05,20,4,tungsten,M3,1.6796,True,49.79,418.79,2024-03-02T07:56:30
2994,LOT003,LOT003-W05,20,5,tungsten,M1,1.0027,True,49.79,418.79,2024-03-02T07:57:00
2995,LOT003,LOT003-W05,20,6,tungsten,M3,1.9323,True,49.79,418.79,2024-03-02T07:57:30
2996,LOT003,LOT003-W05,20,7,tungsten,M3,1.9694,True,49.79,418.79,2024-03-02T07:58:00
2997,LOT003,LOT003-W05,20,8,tungsten,M4,1.9547,True,49.79,418.79,2024-03-02T07:58:30
2998,LOT003,LOT003-W05,20,9,copper,M4,1.7015,True,49.79,418.79,2024-03-02T07:59:00
2999,LOT003,LOT003-W05,20,10,copper,M4,1.6417,True,49.79,418.79,2024-03-02T07:59:30
3000,LOT004,LOT004-W01,1,1,tungsten,M2,1.4337,True,50.4,422.87,2024-03-02T08:00:00
3001,LOT004,LOT004-W01,1,2,tungsten,M1,1.0702,True,50.4,422.87,2024-03-02T08:00:30
3002,LOT004,LOT004-W01,1,3,copper,M1,0.7651,True,50.4,422.87,2024-03-02T08:01:00
3003,LOT004,LOT004-W01,1,4,tungsten,M1,1.0095,True,50.4,422.87,2024-03-02T08:01:30
3004,LOT004,LOT004-W01,1,5,tungsten,M3,1.8253,True,50.4,422.87,2024-03-02T08:02:00
3005,LOT004,LOT004-W01,1,6,copper,M4,1.6814,True,50.4,422.87,2024-03-02T08:02:30
3006,LOT004,LOT004-W01,1,7,copper,M2,1.1339,True,50.4,422.87,2024-03-02T08:03:00
3007,LOT004,LOT004-W01,1,8,tungsten,M2,1.4952,True,50.4,422.87,2024-03-02T08:03:30
3008,LOT004,LOT004-W01,1,9,copper,M3,1.426,True,50.4,422.87,2024-03-02T08:04:00
3009,LOT004,LOT004-W01,1,10,tungsten,M3,1.782,True,50.4,422.87,2024-03-02T08:04:30
3010,LOT004,LOT004-W01,2,1,copper,M2,1.0445,True,50.4,422.87,2024-03-02T08:05:00
3011,LOT004,LOT004-W01,2,2,copper,M1,0.8367,True,50.4,422.87,2024-03-02T08:05:30
3012,LOT004,LOT004-W01,2,3,copper,M1,0.8151,True,50.4,422.87,2024-03-02T08:06:00
3013,LOT004,LOT004-W01,2,4,copper,M2,1.2066,True,50.4,422.87,2024-03-02T08:06:30
3014,LOT004,LOT004-W01,2,5,tungsten,M2,1.4232,True,50.4,422.87,2024-03-02T08:07:00
3015,LOT004,LOT004-W01,2,6,copper,M1,0.8468,True,50.4,422.87,2024-03-02T08:07:30
3016,LOT004,LOT004-W01,2,7,copper,M3,1.3527,True,50.4,422.87,2024-03-02T08:08:00
3017,LOT004,LOT004-W01,2,8,copper,M4,1.6398,True,50.4,422.87,2024-03-02T08:08:30
3018,LOT004,LOT004-W01,2,9,tungsten,M1,1.0376,True,50.4,422.87,2024-03-02T08:09:00
3019,LOT004,LOT004-W01,2,10,tungsten,M2,1.3438,True,50.4,422.87,2024-03-02T08:09:30
3020,LOT004,LOT004-W01,3,1,tungsten,M1,0.9952,True,50.4,422.87,2024-03-02T08:10:00
3021,LOT004,LOT004-W01,3,2,copper,M2,1.124,True,50.4,422.87,2024-03-02T08:10:30
3022,LOT004,LOT004-W01,3,3,copper,M4,1.5523,True,50.4,422.87,2024-03-02T08:11:00
3023,LOT004,LOT004-W01,3,4,copper,M2,1.2007,True,50.4,422.87,2024-03-02T08:11:30
3024,LOT004,LOT004-W01,3,5,copper,M2,1.1252,True,50.4,422.87,2024-03-02T08:12:00
3025,LOT004,LOT004-W01,3,6,tungsten,M4,2.1931,True,50.4,422.87,2024-03-02T08:12:30
3026,LOT004,LOT004-W01,3,7,copper,M3,1.4366,True,50.4,422.87,2024-03-02T08:13:00
3027,LOT004,LOT004-W01,3,8,copper,M1,0.7791,True,50.4,422.87,2024-03-02T08:13:30
3028,LOT004,LOT004-W01,3,9,copper,M4,1.664,True,50.4,422.87,2024-03-02T08:14:00
3029,LOT004,LOT004-W01,3,10,tungsten,M2,1.4791,False,50.4,422.87,2024-03-02T08:14:30
3030,LOT004,LOT004-W01,4,1,tungsten,M1,0.9829,True,50.4,422.87,2024-03-02T08:15:00
3031,LOT004,LOT004-W01,4,2,tungsten,M4,2.1147,True,50.4,422.87,2024-03-02T08:15:30
3032,LOT004,LOT004-W01,4,3,tungsten,M2,1.403,True,50.4,422.87,2024-03-02T08:16:00
3033,LOT004,LOT004-W01,4,4,tungsten,M2,1.4861,True,50.4,422.87,2024-03-02T08:16:30
3034,LOT004,LOT004-W01,4,5,tungsten,M3,1.9607,True,50.4,422.87,2024-03-02T08:17:00
3035,LOT004,LOT004-W01,4,6,copper,M1,0.8217,True,50.4,422.87,2024-03-02T08:17:30
3036,LOT004,LOT004-W01,4,7,copper,M2,1.0639,True,50.4,422.87,2024-03-02T08:18:00
3037,LOT004,LOT004-W01,4,8,tungsten,M3,1.7392,True,50.4,422.87,2024-03-02T08:18:30
3038,LOT004,LOT004-W01,4,9,copper,M1,0.8451,True,50.4,422.87,2024-03-02T08:19:00
3039,LOT004,LOT004-W01,4,10,tungsten,M1,1.091,True,50.4,422.87,2024-03-02T08:19:30
3040,LOT004,LOT004-W01,5,1,tungsten,M2,1.4924,True,50.4,422.87,2024-03-02T08:20:00
3041,LOT004,LOT004-W01,5,2,tungsten,M2,1.4295,True,50.4,422.87,2024-03-02T08:20:30
3042,LOT004,LOT004-W01,5,3,tungsten,M4,2.2009,True,50.4,422.87,2024-03-02T08:21:00
3043,LOT004,LOT004-W01,5,4,copper,M3,1.3759,False,50.4,422.87,2024-03-02T08:21:30
3044,LOT004,LOT004-W01,5,5,copper,M1,0.6759,True,50.4,422.87,2024-03-02T08:22:00
3045,LOT004,LOT004-W01,5,6,tungsten,M2,1.3958,True,50.4,422.87,2024-03-02T08:22:30
3046,LOT004,LOT004-W01,5,7,tungsten,M1,1.0545,False,50.4,422.87,2024-03-02T08:23:00
3047,LOT004,LOT004-W01,5,8,copper,M4,1.6134,True,50.4,422.87,2024-03-02T08:23:30
3048,LOT004,LOT004-W01,5,9,copper,M3,1.3695,True,50.4,422.87,2024-03-02T08:24:00
3049,LOT004,LOT004-W01,5,10,tungsten,M4,2.0047,True,50.4,422.87,2024-03-02T08:24:30
3050,LOT004,LOT004-W01,6,1,tungsten,M1,1.0512,True,50.4,422.87,2024-03-02T08:25:00
3051,LOT004,LOT004-W01,6,2,tungsten,M3,1.7687,True,50.4,422.87,2024-03-02T08:25:30
3052,LOT004,LOT004-W01,6,3,copper,M1,0.7681,False,50.4,422.87,2024-03-02T08:26:00
3053,LOT004,LOT004-W01,6,4,tungsten,M4,2.1908,True,50.4,422.87,2024-03-02T08:26:30
3054,LOT004,LOT004-W01,6,5,tungsten,M3,1.9436,True,50.4,422.87,2024-03-02T08:27:00
3055,LOT004,LOT004-W01,6,6,tungsten,M1,0.984,True,50.4,422.87,2024-03-02T08:27:30
3056,LOT004,LOT004-W01,6,7,tungsten,M3,1.8894,True,50.4,422.87,2024-03-02T08:28:00
3057,LOT004,LOT004-W01,6,8,tungsten,M3,1.808,True,50.4,422.87,2024-03-02T08:28:30
3058,LOT004,LOT004-W01,6,9,copper,M2,1.1052,False,50.4,422.87,2024-03-02T08:29:00
3059,LOT004,LOT004-W01,6,10,tungsten,M3,1.8533,True,50.4,422.87,2024-03-02T08:29:30
3060,LOT004,LOT004-W01,7,1,copper,M1,0.8508,True,50.4,422.87,2024-03-02T08:30:00
3061,LOT004,LOT004-W01,7,2,tungsten,M3,1.8041,True,50.4,422.87,2024-03-02T08:30:30
3062,LOT004,LOT004-W01,7,3,tungsten,M3,1.8934,True,50.4,422.87,2024-03-02T08:31:00
3063,LOT004,LOT004-W01,7,4,tungsten,M3,1.7332,True,50.4,422.87,2024-03-02T08:31:30
3064,LOT004,LOT004-W01,7,5,tungsten,M2,1.4991,True,50.4,422.87,2024-03-02T08:32:00
3065,LOT004,LOT004-W01,7,6,tungsten,M1,1.0541,True,50.4,422.87,2024-03-02T08:32:30
3066,LOT004,LOT004-W01,7,7,tungsten,M4,2.3113,True,50.4,422.87,2024-03-02T08:33:00
3067,LOT004,LOT004-W01,7,8,copper,M4,1.8842,True,50.4,422.87,2024-03-02T08:33:30
3068,LOT004,LOT004-W01,7,9,copper,M2,0.9425,True,50.4,422.87,2024-03-02T08:34:00
3069,LOT004,LOT004-W01,7,10,copper,M3,1.4068,True,50.4,422.87,2024-03-02T08:34:30
3070,LOT004,LOT004-W01,8,1,copper,M1,0.8074,True,50.4,422.87,2024-03-02T08:35:00
3071,LOT004,LOT004-W01,8,2,copper,M3,1.4465,True,50.4,422.87,2024-03-02T08:35:30
3072,LOT004,LOT004-W01,8,3,copper,M4,1.7537,True,50.4,422.87,2024-03-02T08:36:00
3073,LOT004,LOT004-W01,8,4,tungsten,M2,1.526,True,50.4,422.87,2024-03-02T08:36:30
3074,LOT004,LOT004-W01,8,5,tungsten,M1,1.1116,False,50.4,422.87,2024-03-02T08:37:00
3075,LOT004,LOT004-W01,8,6,tungsten,M4,2.1103,False,50.4,422.87,2024-03-02T08:37:30
3076,LOT004,LOT004-W01,8,7,tungsten,M4,2.0298,False,50.4,422.87,2024-03-02T08:38:00
3077,LOT004,LOT004-W01,8,8,tungsten,M4,2.1382,True,50.4,422.87,2024-03-02T08:38:30
3078,LOT004,LOT004-W01,8,9,tungsten,M1,1.0608,True,50.4,422.87,2024-03-02T08:39:00
3079,LOT004,LOT004-W01,8,10,tungsten,M4,2.4543,False,50.4,422.87,2024-03-02T08:39:30
3080,LOT004,LOT004-W01,9,1,copper,M3,1.3695,True,50.4,422.87,2024-03-02T08:40:00
3081,LOT004,LOT004-W01,9,2,copper,M1,0.758,True,50.4,422.87,2024-03-02T08:40:30
3082,LOT004,LOT004-W01,9,3,copper,M1,0.7379,True,50.4,422.87,2024-03-02T08:41:00
3083,LOT004,LOT004-W01,9,4,copper,M2,1.0472,True,50.4,422.87,2024-03-02T08:41:30
3084,LOT004,LOT004-W01,9,5,tungsten,M3,1.75,True,50.4,422.87,2024-03-02T08:42:00
3085,LOT004,LOT004-W01,9,6,copper,M1,0.8003,True,50.4,422.87,2024-03-02T08:42:30
3086,LOT004,LOT004-W01,9,7,tungsten,M2,1.4566,True,50.4,422.87,2024-03-02T08:43:00
3087,LOT004,LOT004-W01,9,8,tungsten,M2,1.4852,True,50.4,422.87,2024-03-02T08:43:30
3088,LOT004,LOT004-W01,9,9,tungsten,M4,2.3157,True,50.4,422.87,2024-03-02T08:44:00
3089,LOT004,LOT004-W01,9,10,tungsten,M1,1.09,True,50.4,422.87,2024-03-02T08:44:30
3090,LOT004,LOT004-W01,10,1,copper,M2,1.1,True,50.4,422.87,2024-03-02T08:45:00
3091,LOT004,LOT004-W01,10,2,copper,M3,1.2483,True,50.4,422.87,2024-03-02T08:45:30
3092,LOT004,LOT004-W01,10,3,copper,M4,1.7702,True,50.4,422.87,2024-03-02T08:46:00
3093,LOT004,LOT004-W01,10,4,tungsten,M4,2.0156,False,50.4,422.87,2024-03-02T08:46:30
3094,LOT004,LOT004-W01,10,5,copper,M4,1.6886,True,50.4,422.87,2024-03-02T08:47:00
3095,LOT004,LOT004-W01,10,6,copper,M2,1.1184,True,50.4,422.87,2024-03-02T08:47:30
3096,LOT004,LOT004-W01,10,7,copper,M1,0.9018,True,50.4,422.87,2024-03-02T08:48:00
3097,LOT004,LOT004-W01,10,8,copper,M2,1.0632,True,50.4,422.87,2024-03-02T08:48:30
3098,LOT004,LOT004-W01,10,9,copper,M1,0.8521,True,50.4,422.87,2024-03-02T08:49:00
3099,LOT004,LOT004-W01,10,10,tungsten,M3,1.8127,True,50.4,422.87,2024-03-02T08:49:30
3100,LOT004,LOT004-W01,11,1,tungsten,M3,1.9592,True,50.4,422.87,2024-03-02T08:50:00
3101,LOT004,LOT004-W01,11,2,copper,M4,1.6995,True,50.4,422.87,2024-03-02T08:50:30
3102,LOT004,LOT004-W01,11,3,copper,M3,1.4764,True,50.4,422.87,2024-03-02T08:51:00
3103,LOT004,LOT004-W01,11,4,copper,M1,0.868,False,50.4,422.87,2024-03-02T08:51:30
3104,LOT004,LOT004-W01,11,5,copper,M2,1.0743,True,50.4,422.87,2024-03-02T08:52:00
3105,LOT004,LOT004-W01,11,6,copper,M2,1.1159,True,50.4,422.87,2024-03-02T08:52:30
3106,LOT004,LOT004-W01,11,7,tungsten,M2,1.4361,True,50.4,422.87,2024-03-02T08:53:00
3107,LOT004,LOT004-W01,11,8,tungsten,M2,1.4471,True,50.4,422.87,2024-03-02T08:53:30
3108,LOT004,LOT004-W01,11,9,copper,M3,1.382,True,50.4,422.87,2024-03-02T08:54:00
3109,LOT004,LOT004-W01,11,10,tungsten,M2,1.4634,True,50.4,422.87,2024-03-02T08:54:30
3110,LOT004,LOT004-W01,12,1,tungsten,M2,1.4596,True,50.4,422.87,2024-03-02T08:55:00
3111,LOT004,LOT004-W01,12,2,tungsten,M3,1.8816,True,50.4,422.87,2024-03-02T08:55:30
3112,LOT004,LOT004-W01,12,3,copper,M2,1.0832,True,50.4,422.87,2024-03-02T08:56:00
3113,LOT004,LOT004-W01,12,4,tungsten,M3,1.8721,True,50.4,422.87,2024-03-02T08:56:30
3114,LOT004,LOT004-W01,12,5,tungsten,M1,1.0522,False,50.4,422.87,2024-03-02T08:57:00
3115,LOT004,LOT004-W01,12,6,copper,M2,1.0215,True,50.4,422.87,2024-03-02T08:57:30
3116,LOT004,LOT004-W01,12,7,tungsten,M4,1.9279,True,50.4,422.87,2024-03-02T08:58:00
3117,LOT004,LOT004-W01,12,8,tungsten,M2,1.5232,True,50.4,422.87,2024-03-02T08:58:30
3118,LOT004,LOT004-W01,12,9,copper,M3,1.5018,True,50.4,422.87,2024-03-02T08:59:00
3119,LOT004,LOT004-W01,12,10,copper,M4,1.5348,True,50.4,422.87,2024-03-02T08:59:30
3120,LOT004,LOT004-W01,13,1,copper,M1,0.7861,True,50.4,422.87,2024-03-02T09:00:00
3121,LOT004,LOT004-W01,13,2,copper,M3,1.4198,True,50.4,422.87,2024-03-02T09:00:30
3122,LOT004,LOT004-W01,13,3,tungsten,M4,2.1162,True,50.4,422.87,2024-03-02T09:01:00
3123,LOT004,LOT004-W01,13,4,copper,M3,1.2899,True,50.4,422.87,2024-03-02T09:01:30
3124,LOT004,LOT004-W01,13,5,tungsten,M2,1.4678,True,50.4,422.87,2024-03-02T09:02:00
3125,LOT004,LOT004-W01,13,6,copper,M2,1.0888,True,50.4,422.87,2024-03-02T09:02:30
3126,LOT004,LOT004-W01,13,7,tungsten,M3,1.9378,True,50.4,422.87,2024-03-02T09:03:00
3127,LOT004,LOT004-W01,13,8,tungsten,M3,1.7176,True,50.4,422.87,2024-03-02T09:03:30
3128,LOT004,LOT004-W01,13,9,tungsten,M2,1.4452,True,50.4,422.87,2024-03-02T09:04:00
3129,LOT004,LOT004-W01,13,10,tungsten,M3,1.9967,True,50.4,422.87,2024-03-02T09:04:30
3130,LOT004,LOT004-W01,14,1,tungsten,M3,1.8541,True,50.4,422.87,2024-03-02T09:05:00
3131,LOT004,LOT004-W01,14,2,copper,M1,0.7996,False,50.4,422.87,2024-03-02T09:05:30
3132,LOT004,LOT004-W01,14,3,copper,M4,1.6232,True,50.4,422.87,2024-03-02T09:06:00
3133,LOT004,LOT004-W01,14,4,tungsten,M4,2.2677,True,50.4,422.87,2024-03-02T09:06:30
3134,LOT004,LOT004-W01,14,5,copper,M2,1.0646,True,50.4,422.87,2024-03-02T09:07:00
3135,LOT004,LOT004-W01,14,6,tungsten,M2,1.4027,True,50.4,422.87,2024-03-02T09:07:30
3136,LOT004,LOT004-W01,14,7,copper,M1,0.8335,True,50.4,422.87,2024-03-02T09:08:00
3137,LOT004,LOT004-W01,14,8,copper,M3,1.4242,True,50.4,422.87,2024-03-02T09:08:30
3138,LOT004,LOT004-W01,14,9,copper,M1,0.7903,True,50.4,422.87,2024-03-02T09:09:00
3139,LOT004,LOT004-W01,14,10,copper,M3,1.3161,True,50.4,422.87,2024-03-02T09:09:30
3140,LOT004,LOT004-W01,15,1,tungsten,M1,0.9487,True,50.4,422.87,2024-03-02T09:10:00
3141,LOT004,LOT004-W01,15,2,tungsten,M4,2.175,True,50.4,422.87,2024-03-02T09:10:30
3142,LOT004,LOT004-W01,15,3,copper,M2,1.1283,True,50.4,422.87,2024-03-02T09:11:00
3143,LOT004,LOT004-W01,15,4,copper,M1,0.7682,True,50.4,422.87,2024-03-02T09:11:30
3144,LOT004,LOT004-W01,15,5,copper,M3,1.4862,True,50.4,422.87,2024-03-02T09:12:00
3145,LOT004,LOT004-W01,15,6,tungsten,M2,1.4424,True,50.4,422.87,2024-03-02T09:12:30
3146,LOT004,LOT004-W01,15,7,tungsten,M1,0.9615,True,50.4,422.87,2024-03-02T09:13:00
3147,LOT004,LOT004-W01,15,8,tungsten,M4,2.3086,True,50.4,422.87,2024-03-02T09:13:30
3148,LOT004,LOT004-W01,15,9,copper,M3,1.4573,True,50.4,422.87,2024-03-02T09:14:00
3149,LOT004,LOT004-W01,15,10,copper,M4,1.7685,True,50.4,422.87,2024-03-02T09:14:30
3150,LOT004,LOT004-W01,16,1,copper,M4,1.7862,True,50.4,422.87,2024-03-02T09:15:00
3151,LOT004,LOT004-W01,16,2,tungsten,M4,2.1576,True,50.4,422.87,2024-03-02T09:15:30
3152,LOT004,LOT004-W01,16,3,copper,M2,1.0786,True,50.4,422.87,2024-03-02T09:16:00
3153,LOT004,LOT004-W01,16,4,tungsten,M3,1.9159,True,50.4,422.87,2024-03-02T09:16:30
3154,LOT004,LOT004-W01,16,5,copper,M3,1.4134,True,50.4,422.87,2024-03-02T09:17:00
3155,LOT004,LOT004-W01,16,6,copper,M2,1.1881,True,50.4,422.87,2024-03-02T09:17:30
3156,LOT004,LOT004-W01,16,7,tungsten,M1,1.1415,True,50.4,422.87,2024-03-02T09:18:00
3157,LOT004,LOT004-W01,16,8,tungsten,M4,2.1936,True,50.4,422.87,2024-03-02T09:18:30
3158,LOT004,LOT004-W01,16,9,tungsten,M3,1.6552,True,50.4,422.87,2024-03-02T09:19:00
3159,LOT004,LOT004-W01,16,10,tungsten,M1,1.0037,True,50.4,422.87,2024-03-02T09:19:30
3160,LOT004,LOT004-W01,17,1,tungsten,M1,0.9385,True,50.4,422.87,2024-03-02T09:20:00
3161,LOT004,LOT004-W01,17,2,copper,M3,1.2311,True,50.4,422.87,2024-03-02T09:20:30
3162,LOT004,LOT004-W01,17,3,tungsten,M4,2.1309,True,50.4,422.87,2024-03-02T09:21:00
3163,LOT004,LOT004-W01,17,4,tungsten,M1,0.9609,True,50.4,422.87,2024-03-02T09:21:30
3164,LOT004,LOT004-W01,17,5,tungsten,M1,0.9592,False,50.4,422.87,2024-03-02T09:22:00
3165,LOT004,LOT004-W01,17,6,copper,M1,0.7744,True,50.4,422.87,2024-03-02T09:22:30
3166,LOT004,LOT004-W01,17,7,tungsten,M4,2.2142,True,50.4,422.87,2024-03-02T09:23:00
3167,LOT004,LOT004-W01,17,8,copper,M1,0.8241,True,50.4,422.87,2024-03-02T09:23:30
3168,LOT004,LOT004-W01,17,9,tungsten,M2,1.573,True,50.4,422.87,2024-03-02T09:24:00
3169,LOT004,LOT004-W01,17,10,tungsten,M2,1.3536,True,50.4,422.87,2024-03-02T09:24:30
3170,LOT004,LOT004-W01,18,1,copper,M4,1.5779,True,50.4,422.87,2024-03-02T09:25:00
3171,LOT004,LOT004-W01,18,2,tungsten,M2,1.5026,True,50.4,422.87,2024-03-02T09:25:30
3172,LOT004,LOT004-W01,18,3,tungsten,M1,0.9492,True,50.4,422.87,2024-03-02T09:26:00
3173,LOT004,LOT004-W01,18,4,copper,M1,0.8516,True,50.4,422.87,2024-03-02T09:26:30
3174,LOT004,LOT004-W01,18,5,tungsten,M2,1.4563,True,50.4,422.87,2024-03-02T09:27:00
3175,LOT004,LOT004-W01,18,6,copper,M2,1.1282,True,50.4,422.87,2024-03-02T09:27:30
3176,LOT004,LOT004-W01,18,7,copper,M4,1.7488,True,50.4,422.87,2024-03-02T09:28:00
3177,LOT004,LOT004-W01,18,8,copper,M3,1.3913,False,50.4,422.87,2024-03-02T09:28:30
3178,LOT004,LOT004-W01,18,9,tungsten,M3,1.7721,True,50.4,422.87,2024-03-02T09:29:00
3179,LOT004,LOT004-W01,18,10,copper,M1,0.8205,True,50.4,422.87,2024-03-02T09:29:30
3180,LOT004,LOT004-W01,19,1,copper,M1,0.8267,True,50.4,422.87,2024-03-02T09:30:00
3181,LOT004,LOT004-W01,19,2,copper,M1,0.789,True,50.4,422.87,2024-03-02T09:30:30
3182,LOT004,LOT004-W01,19,3,copper,M1,0.8243,True,50.4,422.87,2024-03-02T09:31:00
3183,LOT004,LOT004-W01,19,4,tungsten,M1,0.9864,True,50.4,422.87,2024-03-02T09:31:30
3184,LOT004,LOT004-W01,19,5,copper,M4,1.7062,True,50.4,422.87,2024-03-02T09:32:00
3185,LOT004,LOT004-W01,19,6,tungsten,M3,1.8043,True,50.4,422.87,2024-03-02T09:32:30
3186,LOT004,LOT004-W01,19,7,copper,M3,1.239,True,50.4,422.87,2024-03-02T09:33:00
3187,LOT004,LOT004-W01,19,8,tungsten,M1,1.0581,True,50.4,422.87,2024-03-02T09:33:30
3188,LOT004,LOT004-W01,19,9,tungsten,M2,1.5298,True,50.4,422.87,2024-03-02T09:34:00
3189,LOT004,LOT004-W01,19,10,tungsten,M1,1.0289,True,50.4,422.87,2024-03-02T09:34:30
3190,LOT004,LOT004-W01,20,1,copper,M4,1.6623,False,50.4,422.87,2024-03-02T09:35:00
3191,LOT004,LOT004-W01,20,2,copper,M4,1.8379,True,50.4,422.87,2024-03-02T09:35:30
3192,LOT004,LOT004-W01,20,3,copper,M1,0.7828,True,50.4,422.87,2024-03-02T09:36:00
3193,LOT004,LOT004-W01,20,4,copper,M4,1.6938,True,50.4,422.87,2024-03-02T09:36:30
3194,LOT004,LOT004-W01,20,5,copper,M3,1.368,True,50.4,422.87,2024-03-02T09:37:00
3195,LOT004,LOT004-W01,20,6,copper,M2,1.0704,True,50.4,422.87,2024-03-02T09:37:30
3196,LOT004,LOT004-W01,20,7,copper,M1,0.8592,True,50.4,422.87,2024-03-02T09:38:00
3197,LOT004,LOT004-W01,20,8,tungsten,M3,2.0988,False,50.4,422.87,2024-03-02T09:38:30
3198,LOT004,LOT004-W01,20,9,tungsten,M1,1.0108,False,50.4,422.87,2024-03-02T09:39:00
3199,LOT004,LOT004-W01,20,10,tungsten,M1,1.0747,True,50.4,422.87,2024-03-02T09:39:30
3200,LOT004,LOT004-W02,1,1,copper,M4,1.7887,True,50.2,396.21,2024-03-02T09:40:00
3201,LOT004,LOT004-W02,1,2,copper,M2,1.161,True,50.2,396.21,2024-03-02T09:40:30
3202,LOT004,LOT004-W02,1,3,copper,M2,1.0718,True,50.2,396.21,2024-03-02T09:41:00
3203,LOT004,LOT004-W02,1,4,copper,M2,1.035,True,50.2,396.21,2024-03-02T09:41:30
3204,LOT004,LOT004-W02,1,5,tungsten,M4,2.0404,True,50.2,396.21,2024-03-02T09:42:00
3205,LOT004,LOT004-W02,1,6,tungsten,M4,2.205,True,50.2,396.21,2024-03-02T09:42:30
3206,LOT004,LOT004-W02,1,7,tungsten,M1,0.9881,True,50.2,396.21,2024-03-02T09:43:00
3207,LOT004,LOT004-W02,1,8,tungsten,M1,0.999,True,50.2,396.21,2024-03-02T09:43:30
3208,LOT004,LOT004-W02,1,9,copper,M1,0.8459,True,50.2,396.21,2024-03-02T09:44:00
3209,LOT004,LOT004-W02,1,10,tungsten,M3,1.8235,True,50.2,396.21,2024-03-02T09:44:30
3210,LOT004,LOT004-W02,2,1,copper,M3,1.3688,True,50.2,396.21,2024-03-02T09:45:00
3211,LOT004,LOT004-W02,2,2,tungsten,M3,1.6984,True,50.2,396.21,2024-03-02T09:45:30
3212,LOT004,LOT004-W02,2,3,tungsten,M1,0.8727,True,50.2,396.21,2024-03-02T09:46:00
3213,LOT004,LOT004-W02,2,4,copper,M4,1.5604,True,50.2,396.21,2024-03-02T09:46:30
3214,LOT004,LOT004-W02,2,5,copper,M4,1.698,True,50.2,396.21,2024-03-02T09:47:00
3215,LOT004,LOT004-W02,2,6,copper,M3,1.2982,True,50.2,396.21,2024-03-02T09:47:30
3216,LOT004,LOT004-W02,2,7,copper,M2,1.062,True,50.2,396.21,2024-03-02T09:48:00
3217,LOT004,LOT004-W02,2,8,copper,M2,1.0962,True,50.2,396.21,2024-03-02T09:48:30
3218,LOT004,LOT004-W02,2,9,tungsten,M1,1.0369,True,50.2,396.21,2024-03-02T09:49:00
3219,LOT004,LOT004-W02,2,10,copper,M1,0.6955,True,50.2,396.21,2024-03-02T09:49:30
3220,LOT004,LOT004-W02,3,1,tungsten,M1,0.9546,True,50.2,396.21,2024-03-02T09:50:00
3221,LOT004,LOT004-W02,3,2,copper,M4,1.6968,False,50.2,396.21,2024-03-02T09:50:30
3222,LOT004,LOT004-W02,3,3,tungsten,M1,0.9847,True,50.2,396.21,2024-03-02T09:51:00
3223,LOT004,LOT004-W02,3,4,tungsten,M2,1.3268,True,50.2,396.21,2024-03-02T09:51:30
3224,LOT004,LOT004-W02,3,5,copper,M3,1.471,True,50.2,396.21,2024-03-02T09:52:00
3225,LOT004,LOT004-W02,3,6,tungsten,M2,1.3264,True,50.2,396.21,2024-03-02T09:52:30
3226,LOT004,LOT004-W02,3,7,tungsten,M1,1.0206,True,50.2,396.21,2024-03-02T09:53:00
3227,LOT004,LOT004-W02,3,8,tungsten,M2,1.3978,True,50.2,396.21,2024-03-02T09:53:30
3228,LOT004,LOT004-W02,3,9,copper,M1,0.8104,True,50.2,396.21,2024-03-02T09:54:00
3229,LOT004,LOT004-W02,3,10,copper,M1,0.8198,True,50.2,396.21,2024-03-02T09:54:30
3230,LOT004,LOT004-W02,4,1,tungsten,M4,2.2084,True,50.2,396.21,2024-03-02T09:55:00
3231,LOT004,LOT004-W02,4,2,tungsten,M4,2.2728,True,50.2,396.21,2024-03-02T09:55:30
3232,LOT004,LOT004-W02,4,3,copper,M3,1.624,True,50.2,396.21,2024-03-02T09:56:00
3233,LOT004,LOT004-W02,4,4,tungsten,M4,2.0705,True,50.2,396.21,2024-03-02T09:56:30
3234,LOT004,LOT004-W02,4,5,tungsten,M4,2.021,True,50.2,396.21,2024-03-02T09:57:00
3235,LOT004,LOT004-W02,4,6,tungsten,M3,1.7901,True,50.2,396.21,2024-03-02T09:57:30
3236,LOT004,LOT004-W02,4,7,tungsten,M1,0.9266,True,50.2,396.21,2024-03-02T09:58:00
3237,LOT004,LOT004-W02,4,8,copper,M4,1.722,True,50.2,396.21,2024-03-02T09:58:30
3238,LOT004,LOT004-W02,4,9,tungsten,M1,0.9865,True,50.2,396.21,2024-03-02T09:59:00
3239,LOT004,LOT004-W02,4,10,tungsten,M3,1.7404,True,50.2,396.21,2024-03-02T09:59:30
3240,LOT004,LOT004-W02,5,1,tungsten,M2,1.3743,True,50.2,396.21,2024-03-02T10:00:00
3241,LOT004,LOT004-W02,5,2,tungsten,M4,2.1229,True,50.2,396.21,2024-03-02T10:00:30
3242,LOT004,LOT004-W02,5,3,copper,M2,1.1383,True,50.2,396.21,2024-03-02T10:01:00
3243,LOT004,LOT004-W02,5,4,copper,M4,1.6979,True,50.2,396.21,2024-03-02T10:01:30
3244,LOT004,LOT004-W02,5,5,tungsten,M2,1.4242,True,50.2,396.21,2024-03-02T10:02:00
3245,LOT004,LOT004-W02,5,6,tungsten,M4,2.1823,True,50.2,396.21,2024-03-02T10:02:30
3246,LOT004,LOT004-W02,5,7,copper,M2,1.0882,True,50.2,396.21,2024-03-02T10:03:00
3247,LOT004,LOT004-W02,5,8,tungsten,M2,1.4251,False,50.2,396.21,2024-03-02T10:03:30
3248,LOT004,LOT004-W02,5,9,copper,M3,1.4513,False,50.2,396.21,2024-03-02T10:04:00
3249,LOT004,LOT004-W02,5,10,copper,M1,0.8146,True,50.2,396.21,2024-03-02T10:04:30
3250,LOT004,LOT004-W02,6,1,copper,M2,1.1207,True,50.2,396.21,2024-03-02T10:05:00
3251,LOT004,LOT004-W02,6,2,copper,M1,0.8078,True,50.2,396.21,2024-03-02T10:05:30
3252,LOT004,LOT004-W02,6,3,copper,M2,1.1441,True,50.2,396.21,2024-03-02T10:06:00
3253,LOT004,LOT004-W02,6,4,tungsten,M3,1.638,True,50.2,396.21,2024-03-02T10:06:30
3254,LOT004,LOT004-W02,6,5,copper,M2,1.1643,True,50.2,396.21,2024-03-02T10:07:00
3255,LOT004,LOT004-W02,6,6,tungsten,M2,1.2948,True,50.2,396.21,2024-03-02T10:07:30
3256,LOT004,LOT004-W02,6,7,tungsten,M1,1.0332,True,50.2,396.21,2024-03-02T10:08:00
3257,LOT004,LOT004-W02,6,8,tungsten,M1,0.988,True,50.2,396.21,2024-03-02T10:08:30
3258,LOT004,LOT004-W02,6,9,tungsten,M4,2.0278,True,50.2,396.21,2024-03-02T10:09:00
3259,LOT004,LOT004-W02,6,10,copper,M3,1.4779,True,50.2,396.21,2024-03-02T10:09:30
3260,LOT004,LOT004-W02,7,1,copper,M4,1.7594,True,50.2,396.21,2024-03-02T10:10:00
3261,LOT004,LOT004-W02,7,2,copper,M3,1.3528,True,50.2,396.21,2024-03-02T10:10:30
3262,LOT004,LOT004-W02,7,3,tungsten,M3,1.7597,False,50.2,396.21,2024-03-02T10:11:00
3263,LOT004,LOT004-W02,7,4,copper,M3,1.42,False,50.2,396.21,2024-03-02T10:11:30
3264,LOT004,LOT004-W02,7,5,copper,M4,1.6297,True,50.2,396.21,2024-03-02T10:12:00
3265,LOT004,LOT004-W02,7,6,copper,M3,1.4033,True,50.2,396.21,2024-03-02T10:12:30
3266,LOT004,LOT004-W02,7,7,tungsten,M4,2.3282,True,50.2,396.21,2024-03-02T10:13:00
3267,LOT004,LOT004-W02,7,8,copper,M2,1.0586,True,50.2,396.21,2024-03-02T10:13:30
3268,LOT004,LOT004-W02,7,9,copper,M2,1.0783,True,50.2,396.21,2024-03-02T10:14:00
3269,LOT004,LOT004-W02,7,10,copper,M3,1.4293,True,50.2,396.21,2024-03-02T10:14:30
3270,LOT004,LOT004-W02,8,1,tungsten,M2,1.3502,True,50.2,396.21,2024-03-02T10:15:00
3271,LOT004,LOT004-W02,8,2,copper,M2,1.1253,True,50.2,396.21,2024-03-02T10:15:30
3272,LOT004,LOT004-W02,8,3,copper,M1,0.7999,True,50.2,396.21,2024-03-02T10:16:00
3273,LOT004,LOT004-W02,8,4,tungsten,M2,1.278,True,50.2,396.21,2024-03-02T10:16:30
3274,LOT004,LOT004-W02,8,5,tungsten,M1,0.948,True,50.2,396.21,2024-03-02T10:17:00
3275,LOT004,LOT004-W02,8,6,tungsten,M4,1.981,True,50.2,396.21,2024-03-02T10:17:30
3276,LOT004,LOT004-W02,8,7,copper,M4,1.5638,True,50.2,396.21,2024-03-02T10:18:00
3277,LOT004,LOT004-W02,8,8,copper,M3,1.3474,True,50.2,396.21,2024-03-02T10:18:30
3278,LOT004,LOT004-W02,8,9,tungsten,M4,2.1603,True,50.2,396.21,2024-03-02T10:19:00
3279,LOT004,LOT004-W02,8,10,copper,M4,1.7871,False,50.2,396.21,2024-03-02T10:19:30
3280,LOT004,LOT004-W02,9,1,tungsten,M3,1.8421,True,50.2,396.21,2024-03-02T10:20:00
3281,LOT004,LOT004-W02,9,2,copper,M3,1.4748,False,50.2,396.21,2024-03-02T10:20:30
3282,LOT004,LOT004-W02,9,3,tungsten,M3,1.8087,True,50.2,396.21,2024-03-02T10:21:00
3283,LOT004,LOT004-W02,9,4,tungsten,M2,1.3359,True,50.2,396.21,2024-03-02T10:21:30
3284,LOT004,LOT004-W02,9,5,tungsten,M1,0.9735,True,50.2,396.21,2024-03-02T10:22:00
3285,LOT004,LOT004-W02,9,6,tungsten,M2,1.4778,True,50.2,396.21,2024-03-02T10:22:30
3286,LOT004,LOT004-W02,9,7,tungsten,M1,1.0074,True,50.2,396.21,2024-03-02T10:23:00
3287,LOT004,LOT004-W02,9,8,tungsten,M4,2.0349,True,50.2,396.21,2024-03-02T10:23:30
3288,LOT004,LOT004-W02,9,9,copper,M1,0.8043,True,50.2,396.21,2024-03-02T10:24:00
3289,LOT004,LOT004-W02,9,10,tungsten,M4,2.0899,True,50.2,396.21,2024-03-02T10:24:30
3290,LOT004,LOT004-W02,10,1,copper,M2,1.0931,True,50.2,396.21,2024-03-02T10:25:00
3291,LOT004,LOT004-W02,10,2,tungsten,M3,1.7125,True,50.2,396.21,2024-03-02T10:25:30
3292,LOT004,LOT004-W02,10,3,copper,M2,1.0841,True,50.2,396.21,2024-03-02T10:26:00
3293,LOT004,LOT004-W02,10,4,tungsten,M2,1.4194,True,50.2,396.21,2024-03-02T10:26:30
3294,LOT004,LOT004-W02,10,5,tungsten,M1,0.942,True,50.2,396.21,2024-03-02T10:27:00
3295,LOT004,LOT004-W02,10,6,tungsten,M3,1.7113,True,50.2,396.21,2024-03-02T10:27:30
3296,LOT004,LOT004-W02,10,7,tungsten,M3,1.9748,True,50.2,396.21,2024-03-02T10:28:00
3297,LOT004,LOT004-W02,10,8,tungsten,M2,1.3951,True,50.2,396.21,2024-03-02T10:28:30
3298,LOT004,LOT004-W02,10,9,tungsten,M4,2.2385,True,50.2,396.21,2024-03-02T10:29:00
3299,LOT004,LOT004-W02,10,10,copper,M3,1.4561,True,50.2,396.21,2024-03-02T10:29:30
3300,LOT004,LOT004-W02,11,1,tungsten,M4,2.1623,True,50.2,396.21,2024-03-02T10:30:00
3301,LOT004,LOT004-W02,11,2,tungsten,M1,0.9316,True,50.2,396.21,2024-03-02T10:30:30
3302,LOT004,LOT004-W02,11,3,tungsten,M1,0.9267,True,50.2,396.21,2024-03-02T10:31:00
3303,LOT004,LOT004-W02,11,4,copper,M4,1.6735,True,50.2,396.21,2024-03-02T10:31:30
3304,LOT004,LOT004-W02,11,5,copper,M1,0.8253,True,50.2,396.21,2024-03-02T10:32:00
3305,LOT004,LOT004-W02,11,6,copper,M4,1.8466,True,50.2,396.21,2024-03-02T10:32:30
3306,LOT004,LOT004-W02,11,7,copper,M3,1.428,True,50.2,396.21,2024-03-02T10:33:00
3307,LOT004,LOT004-W02,11,8,tungsten,M2,1.4364,True,50.2,396.21,2024-03-02T10:33:30
3308,LOT004,LOT004-W02,11,9,copper,M4,1.7713,True,50.2,396.21,2024-03-02T10:34:00
3309,LOT004,LOT004-W02,11,10,copper,M4,1.9451,True,50.2,396.21,2024-03-02T10:34:30
3310,LOT004,LOT004-W02,12,1,copper,M2,1.1149,False,50.2,396.21,2024-03-02T10:35:00
3311,LOT004,LOT004-W02,12,2,copper,M3,1.4064,True,50.2,396.21,2024-03-02T10:35:30
3312,LOT004,LOT004-W02,12,3,copper,M4,1.6586,True,50.2,396.21,2024-03-02T10:36:00
3313,LOT004,LOT004-W02,12,4,tungsten,M1,1.0285,True,50.2,396.21,2024-03-02T10:36:30
3314,LOT004,LOT004-W02,12,5,copper,M4,1.6431,True,50.2,396.21,2024-03-02T10:37:00
3315,LOT004,LOT004-W02,12,6,copper,M1,0.8168,False,50.2,396.21,2024-03-02T10:37:30
3316,LOT004,LOT004-W02,12,7,copper,M3,1.518,True,50.2,396.21,2024-03-02T10:38:00
3317,LOT004,LOT004-W02,12,8,tungsten,M2,1.3339,True,50.2,396.21,2024-03-02T10:38:30
3318,LOT004,LOT004-W02,12,9,copper,M2,1.047,True,50.2,396.21,2024-03-02T10:39:00
3319,LOT004,LOT004-W02,12,10,copper,M3,1.4283,False,50.2,396.21,2024-03-02T10:39:30
3320,LOT004,LOT004-W02,13,1,copper,M4,1.6976,True,50.2,396.21,2024-03-02T10:40:00
3321,LOT004,LOT004-W02,13,2,copper,M3,1.4579,True,50.2,396.21,2024-03-02T10:40:30
3322,LOT004,LOT004-W02,13,3,copper,M1,0.8701,True,50.2,396.21,2024-03-02T10:41:00
3323,LOT004,LOT004-W02,13,4,copper,M1,0.8232,True,50.2,396.21,2024-03-02T10:41:30
3324,LOT004,LOT004-W02,13,5,copper,M3,1.3581,False,50.2,396.21,2024-03-02T10:42:00
3325,LOT004,LOT004-W02,13,6,tungsten,M1,1.045,True,50.2,396.21,2024-03-02T10:42:30
3326,LOT004,LOT004-W02,13,7,copper,M4,1.7286,True,50.2,396.21,2024-03-02T10:43:00
3327,LOT004,LOT004-W02,13,8,tungsten,M2,1.4257,True,50.2,396.21,2024-03-02T10:43:30
3328,LOT004,LOT004-W02,13,9,copper,M3,1.3887,False,50.2,396.21,2024-03-02T10:44:00
3329,LOT004,LOT004-W02,13,10,copper,M4,1.8305,True,50.2,396.21,2024-03-02T10:44:30
3330,LOT004,LOT004-W02,14,1,copper,M2,1.1762,True,50.2,396.21,2024-03-02T10:45:00
3331,LOT004,LOT004-W02,14,2,tungsten,M3,1.8837,True,50.2,396.21,2024-03-02T10:45:30
3332,LOT004,LOT004-W02,14,3,copper,M3,1.2987,True,50.2,396.21,2024-03-02T10:46:00
3333,LOT004,LOT004-W02,14,4,copper,M4,1.672,True,50.2,396.21,2024-03-02T10:46:30
3334,LOT004,LOT004-W02,14,5,tungsten,M3,1.6863,True,50.2,396.21,2024-03-02T10:47:00
3335,LOT004,LOT004-W02,14,6,tungsten,M1,0.9753,True,50.2,396.21,2024-03-02T10:47:30
3336,LOT004,LOT004-W02,14,7,copper,M4,1.5768,True,50.2,396.21,2024-03-02T10:48:00
3337,LOT004,LOT004-W02,14,8,copper,M2,1.0829,True,50.2,396.21,2024-03-02T10:48:30
3338,LOT004,LOT004-W02,14,9,tungsten,M2,1.4477,True,50.2,396.21,2024-03-02T10:49:00
3339,LOT004,LOT004-W02,14,10,tungsten,M2,1.489,True,50.2,396.21,2024-03-02T10:49:30
3340,LOT004,LOT004-W02,15,1,copper,M4,1.7236,True,50.2,396.21,2024-03-02T10:50:00
3341,LOT004,LOT004-W02,15,2,tungsten,M4,2.1263,True,50.2,396.21,2024-03-02T10:50:30
3342,LOT004,LOT004-W02,15,3,tungsten,M3,1.7968,True,50.2,396.21,2024-03-02T10:51:00
3343,LOT004,LOT004-W02,15,4,copper,M2,1.1886,False,50.2,396.21,2024-03-02T10:51:30
3344,LOT004,LOT004-W02,15,5,copper,M1,0.7495,True,50.2,396.21,2024-03-02T10:52:00
3345,LOT004,LOT004-W02,15,6,tungsten,M1,1.0224,True,50.2,396.21,2024-03-02T10:52:30
3346,LOT004,LOT004-W02,15,7,tungsten,M3,1.7112,True,50.2,396.21,2024-03-02T10:53:00
3347,LOT004,LOT004-W02,15,8,tungsten,M4,2.0623,True,50.2,396.21,2024-03-02T10:53:30
3348,LOT004,LOT004-W02,15,9,copper,M2,1.0809,True,50.2,396.21,2024-03-02T10:54:00
3349,LOT004,LOT004-W02,15,10,copper,M4,1.7001,True,50.2,396.21,2024-03-02T10:54:30
3350,LOT004,LOT004-W02,16,1,copper,M2,1.1184,True,50.2,396.21,2024-03-02T10:55:00
3351,LOT004,LOT004-W02,16,2,copper,M1,0.8182,True,50.2,396.21,2024-03-02T10:55:30
3352,LOT004,LOT004-W02,16,3,tungsten,M1,0.8787,True,50.2,396.21,2024-03-02T10:56:00
3353,LOT004,LOT004-W02,16,4,tungsten,M2,1.4152,True,50.2,396.21,2024-03-02T10:56:30
3354,LOT004,LOT004-W02,16,5,tungsten,M4,2.0271,True,50.2,396.21,2024-03-02T10:57:00
3355,LOT004,LOT004-W02,16,6,copper,M4,1.8892,False,50.2,396.21,2024-03-02T10:57:30
3356,LOT004,LOT004-W02,16,7,tungsten,M3,1.609,False,50.2,396.21,2024-03-02T10:58:00
3357,LOT004,LOT004-W02,16,8,tungsten,M2,1.4796,True,50.2,396.21,2024-03-02T10:58:30
3358,LOT004,LOT004-W02,16,9,copper,M3,1.3283,True,50.2,396.21,2024-03-02T10:59:00
3359,LOT004,LOT004-W02,16,10,tungsten,M2,1.4347,True,50.2,396.21,2024-03-02T10:59:30
3360,LOT004,LOT004-W02,17,1,copper,M1,0.8107,True,50.2,396.21,2024-03-02T11:00:00
3361,LOT004,LOT004-W02,17,2,tungsten,M2,1.4272,True,50.2,396.21,2024-03-02T11:00:30
3362,LOT004,LOT004-W02,17,3,tungsten,M4,2.1513,True,50.2,396.21,2024-03-02T11:01:00
3363,LOT004,LOT004-W02,17,4,tungsten,M2,1.4508,True,50.2,396.21,2024-03-02T11:01:30
3364,LOT004,LOT004-W02,17,5,tungsten,M1,0.9632,True,50.2,396.21,2024-03-02T11:02:00
3365,LOT004,LOT004-W02,17,6,tungsten,M4,2.2561,True,50.2,396.21,2024-03-02T11:02:30
3366,LOT004,LOT004-W02,17,7,copper,M4,1.7231,True,50.2,396.21,2024-03-02T11:03:00
3367,LOT004,LOT004-W02,17,8,tungsten,M3,1.7165,True,50.2,396.21,2024-03-02T11:03:30
3368,LOT004,LOT004-W02,17,9,tungsten,M1,1.0198,False,50.2,396.21,2024-03-02T11:04:00
3369,LOT004,LOT004-W02,17,10,tungsten,M3,1.8855,True,50.2,396.21,2024-03-02T11:04:30
3370,LOT004,LOT004-W02,18,1,copper,M2,1.168,True,50.2,396.21,2024-03-02T11:05:00
3371,LOT004,LOT004-W02,18,2,tungsten,M4,2.254,True,50.2,396.21,2024-03-02T11:05:30
3372,LOT004,LOT004-W02,18,3,copper,M2,1.2365,True,50.2,396.21,2024-03-02T11:06:00
3373,LOT004,LOT004-W02,18,4,copper,M3,1.3615,True,50.2,396.21,2024-03-02T11:06:30
3374,LOT004,LOT004-W02,18,5,copper,M3,1.3713,True,50.2,396.21,2024-03-02T11:07:00
3375,LOT004,LOT004-W02,18,6,copper,M2,1.159,True,50.2,396.21,2024-03-02T11:07:30
3376,LOT004,LOT004-W02,18,7,tungsten,M3,1.9104,True,50.2,396.21,2024-03-02T11:08:00
3377,LOT004,LOT004-W02,18,8,copper,M3,1.3678,True,50.2,396.21,2024-03-02T11:08:30
3378,LOT004,LOT004-W02,18,9,copper,M3,1.4516,True,50.2,396.21,2024-03-02T11:09:00
3379,LOT004,LOT004-W02,18,10,tungsten,M2,1.3348,True,50.2,396.21,2024-03-02T11:09:30
3380,LOT004,LOT004-W02,19,1,copper,M3,1.2766,False,50.2,396.21,2024-03-02T11:10:00
3381,LOT004,LOT004-W02,19,2,tungsten,M3,1.8569,True,50.2,396.21,2024-03-02T11:10:30
3382,LOT004,LOT004-W02,19,3,tungsten,M1,1.0104,True,50.2,396.21,2024-03-02T11:11:00
3383,LOT004,LOT004-W02,19,4,tungsten,M2,1.4247,True,50.2,396.21,2024-03-02T11:11:30
3384,LOT004,LOT004-W02,19,5,copper,M1,0.8056,True,50.2,396.21,2024-03-02T11:12:00
3385,LOT004,LOT004-W02,19,6,tungsten,M2,1.5189,True,50.2,396.21,2024-03-02T11:12:30
3386,LOT004,LOT004-W02,19,7,copper,M4,1.6252,True,50.2,396.21,2024-03-02T11:13:00
3387,LOT004,LOT004-W02,19,8,tungsten,M2,1.4259,True,50.2,396.21,2024-03-02T11:13:30
3388,LOT004,LOT004-W02,19,9,copper,M1,0.8122,True,50.2,396.21,2024-03-02T11:14:00
3389,LOT004,LOT004-W02,19,10,copper,M1,0.7459,True,50.2,396.21,2024-03-02T11:14:30
3390,LOT004,LOT004-W02,20,1,copper,M1,0.8167,True,50.2,396.21,2024-03-02T11:15:00
3391,LOT004,LOT004-W02,20,2,tungsten,M3,1.8798,True,50.2,396.21,2024-03-02T11:15:30
3392,LOT004,LOT004-W02,20,3,copper,M3,1.4938,True,50.2,396.21,2024-03-02T11:16:00
3393,LOT004,LOT004-W02,20,4,tungsten,M1,1.081,True,50.2,396.21,2024-03-02T11:16:30
3394,LOT004,LOT004-W02,20,5,copper,M2,1.1568,True,50.2,396.21,2024-03-02T11:17:00
3395,LOT004,LOT004-W02,20,6,copper,M3,1.3931,True,50.2,396.21,2024-03-02T11:17:30
3396,LOT004,LOT004-W02,20,7,copper,M3,1.3384,True,50.2,396.21,2024-03-02T11:18:00
3397,LOT004,LOT004-W02,20,8,copper,M1,0.7976,True,50.2,396.21,2024-03-02T11:18:30
3398,LOT004,LOT004-W02,20,9,tungsten,M3,1.7807,False,50.2,396.21,2024-03-02T11:19:00
3399,LOT004,LOT004-W02,20,10,tungsten,M3,1.7891,True,50.2,396.21,2024-03-02T11:19:30
3400,LOT004,LOT004-W03,1,1,copper,M1,0.7527,True,50.0,412.38,2024-03-02T11:20:00
3401,LOT004,LOT004-W03,1,2,copper,M1,0.8099,True,50.0,412.38,2024-03-02T11:20:30
3402,LOT004,LOT004-W03,1,3,tungsten,M2,1.4418,True,50.0,412.38,2024-03-02T11:21:00
3403,LOT004,LOT004-W03,1,4,copper,M2,1.1788,True,50.0,412.38,2024-03-02T11:21:30
3404,LOT004,LOT004-W03,1,5,copper,M4,1.5725,True,50.0,412.38,2024-03-02T11:22:00
3405,LOT004,LOT004-W03,1,6,copper,M3,1.3427,True,50.0,412.38,2024-03-02T11:22:30
3406,LOT004,LOT004-W03,1,7,copper,M2,1.1873,True,50.0,412.38,2024-03-02T11:23:00
3407,LOT004,LOT004-W03,1,8,tungsten,M3,1.6507,True,50.0,412.38,2024-03-02T11:23:30
3408,LOT004,LOT004-W03,1,9,copper,M3,1.5109,True,50.0,412.38,2024-03-02T11:24:00
3409,LOT004,LOT004-W03,1,10,copper,M1,0.8177,True,50.0,412.38,2024-03-02T11:24:30
3410,LOT004,LOT004-W03,2,1,copper,M3,1.3909,True,50.0,412.38,2024-03-02T11:25:00
3411,LOT004,LOT004-W03,2,2,copper,M2,1.1086,True,50.0,412.38,2024-03-02T11:25:30
3412,LOT004,LOT004-W03,2,3,copper,M3,1.358,True,50.0,412.38,2024-03-02T11:26:00
3413,LOT004,LOT004-W03,2,4,tungsten,M2,1.4311,False,50.0,412.38,2024-03-02T11:26:30
3414,LOT004,LOT004-W03,2,5,copper,M4,1.7828,False,50.0,412.38,2024-03-02T11:27:00
3415,LOT004,LOT004-W03,2,6,copper,M4,1.7819,True,50.0,412.38,2024-03-02T11:27:30
3416,LOT004,LOT004-W03,2,7,tungsten,M3,1.6216,True,50.0,412.38,2024-03-02T11:28:00
3417,LOT004,LOT004-W03,2,8,tungsten,M3,1.7514,True,50.0,412.38,2024-03-02T11:28:30
3418,LOT004,LOT004-W03,2,9,copper,M1,0.7968,True,50.0,412.38,2024-03-02T11:29:00
3419,LOT004,LOT004-W03,2,10,copper,M2,1.1249,True,50.0,412.38,2024-03-02T11:29:30
3420,LOT004,LOT004-W03,3,1,tungsten,M1,0.9849,True,50.0,412.38,2024-03-02T11:30:00
3421,LOT004,LOT004-W03,3,2,copper,M3,1.4778,True,50.0,412.38,2024-03-02T11:30:30
3422,LOT004,LOT004-W03,3,3,tungsten,M4,1.9527,True,50.0,412.38,2024-03-02T11:31:00
3423,LOT004,LOT004-W03,3,4,copper,M4,1.6114,True,50.0,412.38,2024-03-02T11:31:30
3424,LOT004,LOT004-W03,3,5,tungsten,M1,1.0489,True,50.0,412.38,2024-03-02T11:32:00
3425,LOT004,LOT004-W03,3,6,copper,M3,1.3804,True,50.0,412.38,2024-03-02T11:32:30
3426,LOT004,LOT004-W03,3,7,copper,M1,0.7973,True,50.0,412.38,2024-03-02T11:33:00
3427,LOT004,LOT004-W03,3,8,tungsten,M1,0.9303,True,50.0,412.38,2024-03-02T11:33:30
3428,LOT004,LOT004-W03,3,9,tungsten,M1,0.9793,True,50.0,412.38,2024-03-02T11:34:00
3429,LOT004,LOT004-W03,3,10,copper,M4,1.6976,False,50.0,412.38,2024-03-02T11:34:30
3430,LOT004,LOT004-W03,4,1,copper,M1,0.8005,True,50.0,412.38,2024-03-02T11:35:00
3431,LOT004,LOT004-W03,4,2,tungsten,M1,0.9234,False,50.0,412.38,2024-03-02T11:35:30
3432,LOT004,LOT004-W03,4,3,copper,M4,1.7664,True,50.0,412.38,2024-03-02T11:36:00
3433,LOT004,LOT004-W03,4,4,copper,M3,1.3813,True,50.0,412.38,2024-03-02T11:36:30
3434,LOT004,LOT004-W03,4,5,copper,M2,1.2083,True,50.0,412.38,2024-03-02T11:37:00
3435,LOT004,LOT004-W03,4,6,copper,M1,0.7942,True,50.0,412.38,2024-03-02T11:37:30
3436,LOT004,LOT004-W03,4,7,copper,M2,1.108,False,50.0,412.38,2024-03-02T11:38:00
3437,LOT004,LOT004-W03,4,8,copper,M2,1.1193,True,50.0,412.38,2024-03-02T11:38:30
3438,LOT004,LOT004-W03,4,9,copper,M1,0.8628,True,50.0,412.38,2024-03-02T11:39:00
3439,LOT004,LOT004-W03,4,10,copper,M3,1.4035,True,50.0,412.38,2024-03-02T11:39:30
3440,LOT004,LOT004-W03,5,1,copper,M1,0.856,True,50.0,412.38,2024-03-02T11:40:00
3441,LOT004,LOT004-W03,5,2,tungsten,M4,2.0722,True,50.0,412.38,2024-03-02T11:40:30
3442,LOT004,LOT004-W03,5,3,copper,M1,0.7684,True,50.0,412.38,2024-03-02T11:41:00
3443,LOT004,LOT004-W03,5,4,copper,M2,1.1257,True,50.0,412.38,2024-03-02T11:41:30
3444,LOT004,LOT004-W03,5,5,tungsten,M2,1.3376,True,50.0,412.38,2024-03-02T11:42:00
3445,LOT004,LOT004-W03,5,6,tungsten,M4,2.1647,True,50.0,412.38,2024-03-02T11:42:30
3446,LOT004,LOT004-W03,5,7,copper,M2,1.1336,True,50.0,412.38,2024-03-02T11:43:00
3447,LOT004,LOT004-W03,5,8,tungsten,M4,2.0217,True,50.0,412.38,2024-03-02T11:43:30
3448,LOT004,LOT004-W03,5,9,copper,M1,0.7436,True,50.0,412.38,2024-03-02T11:44:00
3449,LOT004,LOT004-W03,5,10,copper,M3,1.4905,True,50.0,412.38,2024-03-02T11:44:30
3450,LOT004,LOT004-W03,6,1,copper,M2,1.1368,False,50.0,412.38,2024-03-02T11:45:00
3451,LOT004,LOT004-W03,6,2,copper,M3,1.4167,False,50.0,412.38,2024-03-02T11:45:30
3452,LOT004,LOT004-W03,6,3,copper,M4,1.6211,True,50.0,412.38,2024-03-02T11:46:00
3453,LOT004,LOT004-W03,6,4,copper,M4,1.6827,True,50.0,412.38,2024-03-02T11:46:30
3454,LOT004,LOT004-W03,6,5,tungsten,M1,1.0103,True,50.0,412.38,2024-03-02T11:47:00
3455,LOT004,LOT004-W03,6,6,copper,M1,0.7341,True,50.0,412.38,2024-03-02T11:47:30
3456,LOT004,LOT004-W03,6,7,tungsten,M3,1.919,True,50.0,412.38,2024-03-02T11:48:00
3457,LOT004,LOT004-W03,6,8,tungsten,M1,1.0509,True,50.0,412.38,2024-03-02T11:48:30
3458,LOT004,LOT004-W03,6,9,copper,M2,1.1908,True,50.0,412.38,2024-03-02T11:49:00
3459,LOT004,LOT004-W03,6,10,copper,M1,0.8188,True,50.0,412.38,2024-03-02T11:49:30
3460,LOT004,LOT004-W03,7,1,copper,M3,1.4702,False,50.0,412.38,2024-03-02T11:50:00
3461,LOT004,LOT004-W03,7,2,copper,M4,1.7318,True,50.0,412.38,2024-03-02T11:50:30
3462,LOT004,LOT004-W03,7,3,copper,M1,0.8645,True,50.0,412.38,2024-03-02T11:51:00
3463,LOT004,LOT004-W03,7,4,copper,M1,0.8211,True,50.0,412.38,2024-03-02T11:51:30
3464,LOT004,LOT004-W03,7,5,tungsten,M2,1.4503,True,50.0,412.38,2024-03-02T11:52:00
3465,LOT004,LOT004-W03,7,6,copper,M2,1.1701,True,50.0,412.38,2024-03-02T11:52:30
3466,LOT004,LOT004-W03,7,7,copper,M4,1.759,True,50.0,412.38,2024-03-02T11:53:00
3467,LOT004,LOT004-W03,7,8,tungsten,M3,1.8866,True,50.0,412.38,2024-03-02T11:53:30
3468,LOT004,LOT004-W03,7,9,tungsten,M2,1.233,True,50.0,412.38,2024-03-02T11:54:00
3469,LOT004,LOT004-W03,7,10,copper,M3,1.4833,True,50.0,412.38,2024-03-02T11:54:30
3470,LOT004,LOT004-W03,8,1,copper,M1,0.7774,False,50.0,412.38,2024-03-02T11:55:00
3471,LOT004,LOT004-W03,8,2,tungsten,M2,1.3316,True,50.0,412.38,2024-03-02T11:55:30
3472,LOT004,LOT004-W03,8,3,tungsten,M3,1.7823,True,50.0,412.38,2024-03-02T11:56:00
3473,LOT004,LOT004-W03,8,4,tungsten,M4,2.0997,True,50.0,412.38,2024-03-02T11:56:30
3474,LOT004,LOT004-W03,8,5,copper,M1,0.8001,True,50.0,412.38,2024-03-02T11:57:00
3475,LOT004,LOT004-W03,8,6,tungsten,M1,1.0979,True,50.0,412.38,2024-03-02T11:57:30
3476,LOT004,LOT004-W03,8,7,copper,M1,0.7814,True,50.0,412.38,2024-03-02T11:58:00
3477,LOT004,LOT004-W03,8,8,copper,M3,1.5753,True,50.0,412.38,2024-03-02T11:58:30
3478,LOT004,LOT004-W03,8,9,tungsten,M3,1.7254,True,50.0,412.38,2024-03-02T11:59:00
3479,LOT004,LOT004-W03,8,10,tungsten,M3,2.0143,True,50.0,412.38,2024-03-02T11:59:30
3480,LOT004,LOT004-W03,9,1,tungsten,M1,0.9826,True,50.0,412.38,2024-03-02T12:00:00
3481,LOT004,LOT004-W03,9,2,tungsten,M4,2.1417,True,50.0,412.38,2024-03-02T12:00:30
3482,LOT004,LOT004-W03,9,3,copper,M2,1.0708,True,50.0,412.38,2024-03-02T12:01:00
3483,LOT004,LOT004-W03,9,4,copper,M3,1.4658,True,50.0,412.38,2024-03-02T12:01:30
3484,LOT004,LOT004-W03,9,5,copper,M1,0.8078,True,50.0,412.38,2024-03-02T12:02:00
3485,LOT004,LOT004-W03,9,6,copper,M4,1.6637,True,50.0,412.38,2024-03-02T12:02:30
3486,LOT004,LOT004-W03,9,7,copper,M1,0.8408,True,50.0,412.38,2024-03-02T12:03:00
3487,LOT004,LOT004-W03,9,8,copper,M1,0.8439,True,50.0,412.38,2024-03-02T12:03:30
3488,LOT004,LOT004-W03,9,9,tungsten,M3,1.7667,True,50.0,412.38,2024-03-02T12:04:00
3489,LOT004,LOT004-W03,9,10,copper,M4,1.8008,True,50.0,412.38,2024-03-02T12:04:30
3490,LOT004,LOT004-W03,10,1,copper,M1,0.8496,True,50.0,412.38,2024-03-02T12:05:00
3491,LOT004,LOT004-W03,10,2,copper,M3,1.3924,True,50.0,412.38,2024-03-02T12:05:30
3492,LOT004,LOT004-W03,10,3,tungsten,M1,0.9807,True,50.0,412.38,2024-03-02T12:06:00
3493,LOT004,LOT004-W03,10,4,tungsten,M3,1.8797,True,50.0,412.38,2024-03-02T12:06:30
3494,LOT004,LOT004-W03,10,5,tungsten,M2,1.3681,True,50.0,412.38,2024-03-02T12:07:00
3495,LOT004,LOT004-W03,10,6,copper,M2,1.1807,True,50.0,412.38,2024-03-02T12:07:30
3496,LOT004,LOT004-W03,10,7,copper,M4,1.6212,True,50.0,412.38,2024-03-02T12:08:00
3497,LOT004,LOT004-W03,10,8,tungsten,M1,0.9935,True,50.0,412.38,2024-03-02T12:08:30
3498,LOT004,LOT004-W03,10,9,tungsten,M1,0.9841,True,50.0,412.38,2024-03-02T12:09:00
3499,LOT004,LOT004-W03,10,10,tungsten,M4,2.1332,True,50.0,412.38,2024-03-02T12:09:30
3500,LOT004,LOT004-W03,11,1,tungsten,M2,1.3507,True,50.0,412.38,2024-03-02T12:10:00
3501,LOT004,LOT004-W03,11,2,tungsten,M3,1.8222,True,50.0,412.38,2024-03-02T12:10:30
3502,LOT004,LOT004-W03,11,3,copper,M1,0.8942,True,50.0,412.38,2024-03-02T12:11:00
3503,LOT004,LOT004-W03,11,4,copper,M1,0.8287,True,50.0,412.38,2024-03-02T12:11:30
3504,LOT004,LOT004-W03,11,5,copper,M4,1.7018,True,50.0,412.38,2024-03-02T12:12:00
3505,LOT004,LOT004-W03,11,6,tungsten,M1,0.9753,True,50.0,412.38,2024-03-02T12:12:30
3506,LOT004,LOT004-W03,11,7,tungsten,M3,1.9346,True,50.0,412.38,2024-03-02T12:13:00
3507,LOT004,LOT004-W03,11,8,tungsten,M1,1.073,True,50.0,412.38,2024-03-02T12:13:30
3508,LOT004,LOT004-W03,11,9,tungsten,M3,1.8973,True,50.0,412.38,2024-03-02T12:14:00
3509,LOT004,LOT004-W03,11,10,tungsten,M3,1.7616,True,50.0,412.38,2024-03-02T12:14:30
3510,LOT004,LOT004-W03,12,1,copper,M3,1.4636,False,50.0,412.38,2024-03-02T12:15:00
3511,LOT004,LOT004-W03,12,2,copper,M3,1.3641,True,50.0,412.38,2024-03-02T12:15:30
3512,LOT004,LOT004-W03,12,3,copper,M4,1.7344,True,50.0,412.38,2024-03-02T12:16:00
3513,LOT004,LOT004-W03,12,4,copper,M1,0.6966,True,50.0,412.38,2024-03-02T12:16:30
3514,LOT004,LOT004-W03,12,5,tungsten,M1,1.0585,True,50.0,412.38,2024-03-02T12:17:00
3515,LOT004,LOT004-W03,12,6,tungsten,M3,1.8722,True,50.0,412.38,2024-03-02T12:17:30
3516,LOT004,LOT004-W03,12,7,tungsten,M3,1.7691,True,50.0,412.38,2024-03-02T12:18:00
3517,LOT004,LOT004-W03,12,8,tungsten,M1,1.0301,True,50.0,412.38,2024-03-02T12:18:30
3518,LOT004,LOT004-W03,12,9,tungsten,M2,1.3697,True,50.0,412.38,2024-03-02T12:19:00
3519,LOT004,LOT004-W03,12,10,copper,M1,0.7414,False,50.0,412.38,2024-03-02T12:19:30
3520,LOT004,LOT004-W03,13,1,tungsten,M3,1.8481,True,50.0,412.38,2024-03-02T12:20:00
3521,LOT004,LOT004-W03,13,2,copper,M3,1.3337,False,50.0,412.38,2024-03-02T12:20:30
3522,LOT004,LOT004-W03,13,3,copper,M3,1.3956,True,50.0,412.38,2024-03-02T12:21:00
3523,LOT004,LOT004-W03,13,4,copper,M2,1.0688,True,50.0,412.38,2024-03-02T12:21:30
3524,LOT004,LOT004-W03,13,5,tungsten,M1,1.0164,True,50.0,412.38,2024-03-02T12:22:00
3525,LOT004,LOT004-W03,13,6,copper,M1,0.7803,True,50.0,412.38,2024-03-02T12:22:30
3526,LOT004,LOT004-W03,13,7,tungsten,M3,1.9664,True,50.0,412.38,2024-03-02T12:23:00
3527,LOT004,LOT004-W03,13,8,tungsten,M2,1.3824,True,50.0,412.38,2024-03-02T12:23:30
3528,LOT004,LOT004-W03,13,9,copper,M4,1.6653,True,50.0,412.38,2024-03-02T12:24:00
3529,LOT004,LOT004-W03,13,10,tungsten,M1,1.0201,True,50.0,412.38,2024-03-02T12:24:30
3530,LOT004,LOT004-W03,14,1,copper,M3,1.4653,True,50.0,412.38,2024-03-02T12:25:00
3531,LOT004,LOT004-W03,14,2,copper,M4,1.7295,True,50.0,412.38,2024-03-02T12:25:30
3532,LOT004,LOT004-W03,14,3,copper,M4,1.683,True,50.0,412.38,2024-03-02T12:26:00
3533,LOT004,LOT004-W03,14,4,copper,M3,1.349,True,50.0,412.38,2024-03-02T12:26:30
3534,LOT004,LOT004-W03,14,5,tungsten,M4,2.145,True,50.0,412.38,2024-03-02T12:27:00
3535,LOT004,LOT004-W03,14,6,tungsten,M1,1.0625,True,50.0,412.38,2024-03-02T12:27:30
3536,LOT004,LOT004-W03,14,7,copper,M3,1.4938,True,50.0,412.38,2024-03-02T12:28:00
3537,LOT004,LOT004-W03,14,8,copper,M2,1.1626,True,50.0,412.38,2024-03-02T12:28:30
3538,LOT004,LOT004-W03,14,9,tungsten,M1,1.0121,True,50.0,412.38,2024-03-02T12:29:00
3539,LOT004,LOT004-W03,14,10,copper,M1,0.8351,True,50.0,412.38,2024-03-02T12:29:30
3540,LOT004,LOT004-W03,15,1,tungsten,M2,1.3811,True,50.0,412.38,2024-03-02T12:30:00
3541,LOT004,LOT004-W03,15,2,copper,M3,1.4752,True,50.0,412.38,2024-03-02T12:30:30
3542,LOT004,LOT004-W03,15,3,tungsten,M2,1.586,True,50.0,412.38,2024-03-02T12:31:00
3543,LOT004,LOT004-W03,15,4,copper,M4,1.6108,True,50.0,412.38,2024-03-02T12:31:30
3544,LOT004,LOT004-W03,15,5,copper,M3,1.4591,True,50.0,412.38,2024-03-02T12:32:00
3545,LOT004,LOT004-W03,15,6,tungsten,M2,1.3805,True,50.0,412.38,2024-03-02T12:32:30
3546,LOT004,LOT004-W03,15,7,copper,M2,1.1155,True,50.0,412.38,2024-03-02T12:33:00
3547,LOT004,LOT004-W03,15,8,copper,M4,1.737,False,50.0,412.38,2024-03-02T12:33:30
3548,LOT004,LOT004-W03,15,9,copper,M1,0.847,True,50.0,412.38,2024-03-02T12:34:00
3549,LOT004,LOT004-W03,15,10,tungsten,M2,1.4449,True,50.0,412.38,2024-03-02T12:34:30
3550,LOT004,LOT004-W03,16,1,copper,M4,1.815,True,50.0,412.38,2024-03-02T12:35:00
3551,LOT004,LOT004-W03,16,2,copper,M4,1.8016,True,50.0,412.38,2024-03-02T12:35:30
3552,LOT004,LOT004-W03,16,3,tungsten,M1,0.9477,True,50.0,412.38,2024-03-02T12:36:00
3553,LOT004,LOT004-W03,16,4,tungsten,M3,1.9552,True,50.0,412.38,2024-03-02T12:36:30
3554,LOT004,LOT004-W03,16,5,copper,M3,1.3269,True,50.0,412.38,2024-03-02T12:37:00
3555,LOT004,LOT004-W03,16,6,copper,M4,1.6858,True,50.0,412.38,2024-03-02T12:37:30
3556,LOT004,LOT004-W03,16,7,copper,M3,1.5603,True,50.0,412.38,2024-03-02T12:38:00
3557,LOT004,LOT004-W03,16,8,tungsten,M1,1.0844,True,50.0,412.38,2024-03-02T12:38:30
3558,LOT004,LOT004-W03,16,9,copper,M1,0.8153,True,50.0,412.38,2024-03-02T12:39:00
3559,LOT004,LOT004-W03,16,10,copper,M2,1.0287,True,50.0,412.38,2024-03-02T12:39:30
3560,LOT004,LOT004-W03,17,1,copper,M4,1.8544,True,50.0,412.38,2024-03-02T12:40:00
3561,LOT004,LOT004-W03,17,2,copper,M2,1.0473,True,50.0,412.38,2024-03-02T12:40:30
3562,LOT004,LOT004-W03,17,3,copper,M1,0.824,True,50.0,412.38,2024-03-02T12:41:00
3563,LOT004,LOT004-W03,17,4,copper,M1,0.7455,True,50.0,412.38,2024-03-02T12:41:30
3564,LOT004,LOT004-W03,17,5,copper,M3,1.3497,True,50.0,412.38,2024-03-02T12:42:00
3565,LOT004,LOT004-W03,17,6,tungsten,M1,1.0046,True,50.0,412.38,2024-03-02T12:42:30
3566,LOT004,LOT004-W03,17,7,copper,M3,1.4281,True,50.0,412.38,2024-03-02T12:43:00
3567,LOT004,LOT004-W03,17,8,tungsten,M3,1.8262,True,50.0,412.38,2024-03-02T12:43:30
3568,LOT004,LOT004-W03,17,9,tungsten,M2,1.3441,True,50.0,412.38,2024-03-02T12:44:00
3569,LOT004,LOT004-W03,17,10,copper,M2,1.0782,True,50.0,412.38,2024-03-02T12:44:30
3570,LOT004,LOT004-W03,18,1,copper,M4,1.5445,False,50.0,412.38,2024-03-02T12:45:00
3571,LOT004,LOT004-W03,18,2,copper,M3,1.4028,True,50.0,412.38,2024-03-02T12:45:30
3572,LOT004,LOT004-W03,18,3,tungsten,M2,1.3903,True,50.0,412.38,2024-03-02T12:46:00
3573,LOT004,LOT004-W03,18,4,copper,M2,1.0657,True,50.0,412.38,2024-03-02T12:46:30
3574,LOT004,LOT004-W03,18,5,tungsten,M3,1.8364,True,50.0,412.38,2024-03-02T12:47:00
3575,LOT004,LOT004-W03,18,6,tungsten,M3,1.9358,True,50.0,412.38,2024-03-02T12:47:30
3576,LOT004,LOT004-W03,18,7,copper,M2,1.1332,True,50.0,412.38,2024-03-02T12:48:00
3577,LOT004,LOT004-W03,18,8,copper,M1,0.7757,True,50.0,412.38,2024-03-02T12:48:30
3578,LOT004,LOT004-W03,18,9,copper,M4,1.6884,True,50.0,412.38,2024-03-02T12:49:00
3579,LOT004,LOT004-W03,18,10,tungsten,M2,1.4997,True,50.0,412.38,2024-03-02T12:49:30
3580,LOT004,LOT004-W03,19,1,tungsten,M1,0.9664,True,50.0,412.38,2024-03-02T12:50:00
3581,LOT004,LOT004-W03,19,2,tungsten,M4,1.9984,True,50.0,412.38,2024-03-02T12:50:30
3582,LOT004,LOT004-W03,19,3,tungsten,M1,0.9695,True,50.0,412.38,2024-03-02T12:51:00
3583,LOT004,LOT004-W03,19,4,copper,M4,1.5877,False,50.0,412.38,2024-03-02T12:51:30
3584,LOT004,LOT004-W03,19,5,copper,M4,1.7525,True,50.0,412.38,2024-03-02T12:52:00
3585,LOT004,LOT004-W03,19,6,tungsten,M2,1.2568,True,50.0,412.38,2024-03-02T12:52:30
3586,LOT004,LOT004-W03,19,7,copper,M4,1.6579,True,50.0,412.38,2024-03-02T12:53:00
3587,LOT004,LOT004-W03,19,8,copper,M1,0.8149,True,50.0,412.38,2024-03-02T12:53:30
3588,LOT004,LOT004-W03,19,9,tungsten,M4,2.269,True,50.0,412.38,2024-03-02T12:54:00
3589,LOT004,LOT004-W03,19,10,tungsten,M4,2.1891,True,50.0,412.38,2024-03-02T12:54:30
3590,LOT004,LOT004-W03,20,1,copper,M1,0.819,True,50.0,412.38,2024-03-02T12:55:00
3591,LOT004,LOT004-W03,20,2,tungsten,M3,1.9436,True,50.0,412.38,2024-03-02T12:55:30
3592,LOT004,LOT004-W03,20,3,copper,M4,1.6286,True,50.0,412.38,2024-03-02T12:56:00
3593,LOT004,LOT004-W03,20,4,copper,M1,0.762,True,50.0,412.38,2024-03-02T12:56:30
3594,LOT004,LOT004-W03,20,5,copper,M2,1.0285,True,50.0,412.38,2024-03-02T12:57:00
3595,LOT004,LOT004-W03,20,6,copper,M3,1.394,True,50.0,412.38,2024-03-02T12:57:30
3596,LOT004,LOT004-W03,20,7,tungsten,M4,2.064,True,50.0,412.38,2024-03-02T12:58:00
3597,LOT004,LOT004-W03,20,8,copper,M2,1.206,False,50.0,412.38,2024-03-02T12:58:30
3598,LOT004,LOT004-W03,20,9,copper,M2,1.0841,True,50.0,412.38,2024-03-02T12:59:00
3599,LOT004,LOT004-W03,20,10,tungsten,M3,1.7291,True,50.0,412.38,2024-03-02T12:59:30
3600,LOT004,LOT004-W04,1,1,tungsten,M1,0.933,True,50.05,400.07,2024-03-02T13:00:00
3601,LOT004,LOT004-W04,1,2,tungsten,M2,1.3876,True,50.05,400.07,2024-03-02T13:00:30
3602,LOT004,LOT004-W04,1,3,tungsten,M1,0.92,True,50.05,400.07,2024-03-02T13:01:00
3603,LOT004,LOT004-W04,1,4,copper,M3,1.4228,False,50.05,400.07,2024-03-02T13:01:30
3604,LOT004,LOT004-W04,1,5,tungsten,M3,1.8088,True,50.05,400.07,2024-03-02T13:02:00
3605,LOT004,LOT004-W04,1,6,copper,M1,0.8078,True,50.05,400.07,2024-03-02T13:02:30
3606,LOT004,LOT004-W04,1,7,tungsten,M3,1.8531,True,50.05,400.07,2024-03-02T13:03:00
3607,LOT004,LOT004-W04,1,8,copper,M3,1.3895,True,50.05,400.07,2024-03-02T13:03:30
3608,LOT004,LOT004-W04,1,9,tungsten,M4,2.1715,True,50.05,400.07,2024-03-02T13:04:00
3609,LOT004,LOT004-W04,1,10,copper,M1,0.7702,False,50.05,400.07,2024-03-02T13:04:30
3610,LOT004,LOT004-W04,2,1,tungsten,M4,2.0527,True,50.05,400.07,2024-03-02T13:05:00
3611,LOT004,LOT004-W04,2,2,tungsten,M2,1.3787,True,50.05,400.07,2024-03-02T13:05:30
3612,LOT004,LOT004-W04,2,3,copper,M1,0.7959,True,50.05,400.07,2024-03-02T13:06:00
3613,LOT004,LOT004-W04,2,4,copper,M4,1.7518,True,50.05,400.07,2024-03-02T13:06:30
3614,LOT004,LOT004-W04,2,5,copper,M2,1.1032,True,50.05,400.07,2024-03-02T13:07:00
3615,LOT004,LOT004-W04,2,6,tungsten,M4,2.0034,True,50.05,400.07,2024-03-02T13:07:30
3616,LOT004,LOT004-W04,2,7,copper,M4,1.7768,True,50.05,400.07,2024-03-02T13:08:00
3617,LOT004,LOT004-W04,2,8,copper,M4,1.6689,True,50.05,400.07,2024-03-02T13:08:30
3618,LOT004,LOT004-W04,2,9,tungsten,M2,1.4287,True,50.05,400.07,2024-03-02T13:09:00
3619,LOT004,LOT004-W04,2,10,tungsten,M4,2.0928,True,50.05,400.07,2024-03-02T13:09:30
3620,LOT004,LOT004-W04,3,1,tungsten,M3,1.8051,True,50.05,400.07,2024-03-02T13:10:00
3621,LOT004,LOT004-W04,3,2,copper,M4,1.8483,True,50.05,400.07,2024-03-02T13:10:30
3622,LOT004,LOT004-W04,3,3,copper,M4,1.7543,True,50.05,400.07,2024-03-02T13:11:00
3623,LOT004,LOT004-W04,3,4,tungsten,M3,1.7766,True,50.05,400.07,2024-03-02T13:11:30
3624,LOT004,LOT004-W04,3,5,copper,M2,1.1906,True,50.05,400.07,2024-03-02T13:12:00
3625,LOT004,LOT004-W04,3,6,tungsten,M4,1.9317,True,50.05,400.07,2024-03-02T13:12:30
3626,LOT004,LOT004-W04,3,7,tungsten,M2,1.3928,True,50.05,400.07,2024-03-02T13:13:00
3627,LOT004,LOT004-W04,3,8,copper,M3,1.4104,True,50.05,400.07,2024-03-02T13:13:30
3628,LOT004,LOT004-W04,3,9,copper,M2,1.0343,True,50.05,400.07,2024-03-02T13:14:00
3629,LOT004,LOT004-W04,3,10,copper,M1,0.7585,True,50.05,400.07,2024-03-02T13:14:30
3630,LOT004,LOT004-W04,4,1,copper,M3,1.4238,True,50.05,400.07,2024-03-02T13:15:00
3631,LOT004,LOT004-W04,4,2,tungsten,M3,1.7956,False,50.05,400.07,2024-03-02T13:15:30
3632,LOT004,LOT004-W04,4,3,tungsten,M1,0.9737,True,50.05,400.07,2024-03-02T13:16:00
3633,LOT004,LOT004-W04,4,4,copper,M2,1.1277,True,50.05,400.07,2024-03-02T13:16:30
3634,LOT004,LOT004-W04,4,5,tungsten,M4,2.046,True,50.05,400.07,2024-03-02T13:17:00
3635,LOT004,LOT004-W04,4,6,tungsten,M1,1.0378,True,50.05,400.07,2024-03-02T13:17:30
3636,LOT004,LOT004-W04,4,7,copper,M1,0.7847,True,50.05,400.07,2024-03-02T13:18:00
3637,LOT004,LOT004-W04,4,8,tungsten,M4,2.2844,True,50.05,400.07,2024-03-02T13:18:30
3638,LOT004,LOT004-W04,4,9,copper,M4,1.68,True,50.05,400.07,2024-03-02T13:19:00
3639,LOT004,LOT004-W04,4,10,tungsten,M2,1.3926,True,50.05,400.07,2024-03-02T13:19:30
3640,LOT004,LOT004-W04,5,1,copper,M3,1.4243,False,50.05,400.07,2024-03-02T13:20:00
3641,LOT004,LOT004-W04,5,2,copper,M4,1.6223,True,50.05,400.07,2024-03-02T13:20:30
3642,LOT004,LOT004-W04,5,3,copper,M4,1.6556,True,50.05,400.07,2024-03-02T13:21:00
3643,LOT004,LOT004-W04,5,4,copper,M3,1.4831,True,50.05,400.07,2024-03-02T13:21:30
3644,LOT004,LOT004-W04,5,5,tungsten,M1,0.9343,True,50.05,400.07,2024-03-02T13:22:00
3645,LOT004,LOT004-W04,5,6,tungsten,M4,2.1084,True,50.05,400.07,2024-03-02T13:22:30
3646,LOT004,LOT004-W04,5,7,tungsten,M2,1.3787,True,50.05,400.07,2024-03-02T13:23:00
3647,LOT004,LOT004-W04,5,8,tungsten,M3,2.0109,False,50.05,400.07,2024-03-02T13:23:30
3648,LOT004,LOT004-W04,5,9,tungsten,M1,0.971,True,50.05,400.07,2024-03-02T13:24:00
3649,LOT004,LOT004-W04,5,10,tungsten,M1,1.0428,True,50.05,400.07,2024-03-02T13:24:30
3650,LOT004,LOT004-W04,6,1,tungsten,M3,1.6657,True,50.05,400.07,2024-03-02T13:25:00
3651,LOT004,LOT004-W04,6,2,tungsten,M1,0.9491,True,50.05,400.07,2024-03-02T13:25:30
3652,LOT004,LOT004-W04,6,3,tungsten,M2,1.2548,True,50.05,400.07,2024-03-02T13:26:00
3653,LOT004,LOT004-W04,6,4,tungsten,M4,2.1464,True,50.05,400.07,2024-03-02T13:26:30
3654,LOT004,LOT004-W04,6,5,tungsten,M1,1.0133,True,50.05,400.07,2024-03-02T13:27:00
3655,LOT004,LOT004-W04,6,6,copper,M2,1.0807,False,50.05,400.07,2024-03-02T13:27:30
3656,LOT004,LOT004-W04,6,7,tungsten,M3,1.7286,True,50.05,400.07,2024-03-02T13:28:00
3657,LOT004,LOT004-W04,6,8,copper,M3,1.4249,True,50.05,400.07,2024-03-02T13:28:30
3658,LOT004,LOT004-W04,6,9,tungsten,M4,2.222,True,50.05,400.07,2024-03-02T13:29:00
3659,LOT004,LOT004-W04,6,10,copper,M4,1.7258,True,50.05,400.07,2024-03-02T13:29:30
3660,LOT004,LOT004-W04,7,1,copper,M1,0.8526,True,50.05,400.07,2024-03-02T13:30:00
3661,LOT004,LOT004-W04,7,2,tungsten,M2,1.4765,True,50.05,400.07,2024-03-02T13:30:30
3662,LOT004,LOT004-W04,7,3,tungsten,M4,2.1835,False,50.05,400.07,2024-03-02T13:31:00
3663,LOT004,LOT004-W04,7,4,copper,M3,1.403,True,50.05,400.07,2024-03-02T13:31:30
3664,LOT004,LOT004-W04,7,5,tungsten,M3,1.89,True,50.05,400.07,2024-03-02T13:32:00
3665,LOT004,LOT004-W04,7,6,tungsten,M3,1.8165,True,50.05,400.07,2024-03-02T13:32:30
3666,LOT004,LOT004-W04,7,7,copper,M1,0.8272,True,50.05,400.07,2024-03-02T13:33:00
3667,LOT004,LOT004-W04,7,8,copper,M3,1.3776,True,50.05,400.07,2024-03-02T13:33:30
3668,LOT004,LOT004-W04,7,9,tungsten,M2,1.2849,False,50.05,400.07,2024-03-02T13:34:00
3669,LOT004,LOT004-W04,7,10,tungsten,M1,1.0329,False,50.05,400.07,2024-03-02T13:34:30
3670,LOT004,LOT004-W04,8,1,tungsten,M2,1.4342,True,50.05,400.07,2024-03-02T13:35:00
3671,LOT004,LOT004-W04,8,2,copper,M3,1.3925,True,50.05,400.07,2024-03-02T13:35:30
3672,LOT004,LOT004-W04,8,3,tungsten,M2,1.5131,True,50.05,400.07,2024-03-02T13:36:00
3673,LOT004,LOT004-W04,8,4,copper,M1,0.7927,True,50.05,400.07,2024-03-02T13:36:30
3674,LOT004,LOT004-W04,8,5,copper,M2,1.1611,True,50.05,400.07,2024-03-02T13:37:00
3675,LOT004,LOT004-W04,8,6,copper,M2,1.1058,True,50.05,400.07,2024-03-02T13:37:30
3676,LOT004,LOT004-W04,8,7,copper,M4,1.6411,True,50.05,400.07,2024-03-02T13:38:00
3677,LOT004,LOT004-W04,8,8,tungsten,M1,1.028,True,50.05,400.07,2024-03-02T13:38:30
3678,LOT004,LOT004-W04,8,9,tungsten,M3,1.8571,True,50.05,400.07,2024-03-02T13:39:00
3679,LOT004,LOT004-W04,8,10,copper,M4,1.6757,True,50.05,400.07,2024-03-02T13:39:30
3680,LOT004,LOT004-W04,9,1,copper,M4,1.7323,True,50.05,400.07,2024-03-02T13:40:00
3681,LOT004,LOT004-W04,9,2,tungsten,M4,2.0941,True,50.05,400.07,2024-03-02T13:40:30
3682,LOT004,LOT004-W04,9,3,tungsten,M2,1.4305,True,50.05,400.07,2024-03-02T13:41:00
3683,LOT004,LOT004-W04,9,4,tungsten,M1,0.9863,True,50.05,400.07,2024-03-02T13:41:30
3684,LOT004,LOT004-W04,9,5,copper,M2,1.1047,True,50.05,400.07,2024-03-02T13:42:00
3685,LOT004,LOT004-W04,9,6,tungsten,M1,1.0034,True,50.05,400.07,2024-03-02T13:42:30
3686,LOT004,LOT004-W04,9,7,tungsten,M3,1.9281,True,50.05,400.07,2024-03-02T13:43:00
3687,LOT004,LOT004-W04,9,8,tungsten,M3,1.9232,True,50.05,400.07,2024-03-02T13:43:30
3688,LOT004,LOT004-W04,9,9,copper,M4,1.755,True,50.05,400.07,2024-03-02T13:44:00
3689,LOT004,LOT004-W04,9,10,copper,M1,0.7692,True,50.05,400.07,2024-03-02T13:44:30
3690,LOT004,LOT004-W04,10,1,copper,M1,0.8739,True,50.05,400.07,2024-03-02T13:45:00
3691,LOT004,LOT004-W04,10,2,tungsten,M3,1.637,True,50.05,400.07,2024-03-02T13:45:30
3692,LOT004,LOT004-W04,10,3,copper,M1,0.7982,True,50.05,400.07,2024-03-02T13:46:00
3693,LOT004,LOT004-W04,10,4,tungsten,M2,1.3919,True,50.05,400.07,2024-03-02T13:46:30
3694,LOT004,LOT004-W04,10,5,copper,M3,1.3408,False,50.05,400.07,2024-03-02T13:47:00
3695,LOT004,LOT004-W04,10,6,copper,M1,0.8371,True,50.05,400.07,2024-03-02T13:47:30
3696,LOT004,LOT004-W04,10,7,tungsten,M1,1.0178,True,50.05,400.07,2024-03-02T13:48:00
3697,LOT004,LOT004-W04,10,8,tungsten,M2,1.3555,True,50.05,400.07,2024-03-02T13:48:30
3698,LOT004,LOT004-W04,10,9,tungsten,M2,1.4285,False,50.05,400.07,2024-03-02T13:49:00
3699,LOT004,LOT004-W04,10,10,tungsten,M4,2.1457,True,50.05,400.07,2024-03-02T13:49:30
3700,LOT004,LOT004-W04,11,1,tungsten,M4,2.3158,True,50.05,400.07,2024-03-02T13:50:00
3701,LOT004,LOT004-W04,11,2,tungsten,M3,1.8193,False,50.05,400.07,2024-03-02T13:50:30
3702,LOT004,LOT004-W04,11,3,tungsten,M2,1.5401,True,50.05,400.07,2024-03-02T13:51:00
3703,LOT004,LOT004-W04,11,4,copper,M3,1.5126,True,50.05,400.07,2024-03-02T13:51:30
3704,LOT004,LOT004-W04,11,5,copper,M2,1.0676,True,50.05,400.07,2024-03-02T13:52:00
3705,LOT004,LOT004-W04,11,6,copper,M4,1.7161,True,50.05,400.07,2024-03-02T13:52:30
3706,LOT004,LOT004-W04,11,7,tungsten,M1,1.0824,True,50.05,400.07,2024-03-02T13:53:00
3707,LOT004,LOT004-W04,11,8,copper,M4,1.6466,True,50.05,400.07,2024-03-02T13:53:30
3708,LOT004,LOT004-W04,11,9,copper,M4,1.7815,True,50.05,400.07,2024-03-02T13:54:00
3709,LOT004,LOT004-W04,11,10,copper,M2,1.1152,False,50.05,400.07,2024-03-02T13:54:30
3710,LOT004,LOT004-W04,12,1,tungsten,M2,1.475,True,50.05,400.07,2024-03-02T13:55:00
3711,LOT004,LOT004-W04,12,2,copper,M2,1.1187,True,50.05,400.07,2024-03-02T13:55:30
3712,LOT004,LOT004-W04,12,3,copper,M4,1.7121,True,50.05,400.07,2024-03-02T13:56:00
3713,LOT004,LOT004-W04,12,4,tungsten,M2,1.4496,True,50.05,400.07,2024-03-02T13:56:30
3714,LOT004,LOT004-W04,12,5,copper,M4,1.64,True,50.05,400.07,2024-03-02T13:57:00
3715,LOT004,LOT004-W04,12,6,tungsten,M1,1.0057,True,50.05,400.07,2024-03-02T13:57:30
3716,LOT004,LOT004-W04,12,7,copper,M2,1.075,False,50.05,400.07,2024-03-02T13:58:00
3717,LOT004,LOT004-W04,12,8,tungsten,M4,1.9735,True,50.05,400.07,2024-03-02T13:58:30
3718,LOT004,LOT004-W04,12,9,tungsten,M2,1.3733,True,50.05,400.07,2024-03-02T13:59:00
3719,LOT004,LOT004-W04,12,10,tungsten,M1,0.9449,True,50.05,400.07,2024-03-02T13:59:30
3720,LOT004,LOT004-W04,13,1,tungsten,M4,2.1634,False,50.05,400.07,2024-03-02T14:00:00
3721,LOT004,LOT004-W04,13,2,copper,M1,0.7924,True,50.05,400.07,2024-03-02T14:00:30
3722,LOT004,LOT004-W04,13,3,tungsten,M1,1.0031,True,50.05,400.07,2024-03-02T14:01:00
3723,LOT004,LOT004-W04,13,4,copper,M3,1.4366,True,50.05,400.07,2024-03-02T14:01:30
3724,LOT004,LOT004-W04,13,5,tungsten,M1,0.9498,True,50.05,400.07,2024-03-02T14:02:00
3725,LOT004,LOT004-W04,13,6,tungsten,M1,1.0122,True,50.05,400.07,2024-03-02T14:02:30
3726,LOT004,LOT004-W04,13,7,copper,M4,1.7211,True,50.05,400.07,2024-03-02T14:03:00
3727,LOT004,LOT004-W04,13,8,tungsten,M1,0.9596,False,50.05,400.07,2024-03-02T14:03:30
3728,LOT004,LOT004-W04,13,9,copper,M2,1.1229,True,50.05,400.07,2024-03-02T14:04:00
3729,LOT004,LOT004-W04,13,10,copper,M3,1.2488,True,50.05,400.07,2024-03-02T14:04:30
3730,LOT004,LOT004-W04,14,1,tungsten,M3,1.7009,False,50.05,400.07,2024-03-02T14:05:00
3731,LOT004,LOT004-W04,14,2,copper,M2,1.0632,True,50.05,400.07,2024-03-02T14:05:30
3732,LOT004,LOT004-W04,14,3,tungsten,M2,1.3534,True,50.05,400.07,2024-03-02T14:06:00
3733,LOT004,LOT004-W04,14,4,copper,M3,1.3522,True,50.05,400.07,2024-03-02T14:06:30
3734,LOT004,LOT004-W04,14,5,copper,M2,1.111,True,50.05,400.07,2024-03-02T14:07:00
3735,LOT004,LOT004-W04,14,6,copper,M3,1.3234,True,50.05,400.07,2024-03-02T14:07:30
3736,LOT004,LOT004-W04,14,7,copper,M2,0.9872,True,50.05,400.07,2024-03-02T14:08:00
3737,LOT004,LOT004-W04,14,8,tungsten,M2,1.4561,True,50.05,400.07,2024-03-02T14:08:30
3738,LOT004,LOT004-W04,14,9,tungsten,M4,2.2521,True,50.05,400.07,2024-03-02T14:09:00
3739,LOT004,LOT004-W04,14,10,copper,M2,1.1618,True,50.05,400.07,2024-03-02T14:09:30
3740,LOT004,LOT004-W04,15,1,tungsten,M2,1.4386,True,50.05,400.07,2024-03-02T14:10:00
3741,LOT004,LOT004-W04,15,2,copper,M1,0.7654,True,50.05,400.07,2024-03-02T14:10:30
3742,LOT004,LOT004-W04,15,3,copper,M2,1.1834,True,50.05,400.07,2024-03-02T14:11:00
3743,LOT004,LOT004-W04,15,4,copper,M2,1.1792,True,50.05,400.07,2024-03-02T14:11:30
3744,LOT004,LOT004-W04,15,5,copper,M2,1.0141,True,50.05,400.07,2024-03-02T14:12:00
3745,LOT004,LOT004-W04,15,6,copper,M4,1.7031,True,50.05,400.07,2024-03-02T14:12:30
3746,LOT004,LOT004-W04,15,7,copper,M2,1.0136,True,50.05,400.07,2024-03-02T14:13:00
3747,LOT004,LOT004-W04,15,8,tungsten,M1,1.0261,True,50.05,400.07,2024-03-02T14:13:30
3748,LOT004,LOT004-W04,15,9,copper,M2,1.0855,True,50.05,400.07,2024-03-02T14:14:00
3749,LOT004,LOT004-W04,15,10,copper,M4,1.6648,True,50.05,400.07,2024-03-02T14:14:30
3750,LOT004,LOT004-W04,16,1,tungsten,M2,1.4443,True,50.05,400.07,2024-03-02T14:15:00
3751,LOT004,LOT004-W04,16,2,tungsten,M3,1.7974,True,50.05,400.07,2024-03-02T14:15:30
3752,LOT004,LOT004-W04,16,3,tungsten,M3,1.9243,True,50.05,400.07,2024-03-02T14:16:00
3753,LOT004,LOT004-W04,16,4,copper,M3,1.3748,True,50.05,400.07,2024-03-02T14:16:30
3754,LOT004,LOT004-W04,16,5,tungsten,M1,1.0116,True,50.05,400.07,2024-03-02T14:17:00
3755,LOT004,LOT004-W04,16,6,copper,M3,1.3067,False,50.05,400.07,2024-03-02T14:17:30
3756,LOT004,LOT004-W04,16,7,copper,M3,1.4364,True,50.05,400.07,2024-03-02T14:18:00
3757,LOT004,LOT004-W04,16,8,tungsten,M2,1.4068,True,50.05,400.07,2024-03-02T14:18:30
3758,LOT004,LOT004-W04,16,9,tungsten,M3,1.9162,True,50.05,400.07,2024-03-02T14:19:00
3759,LOT004,LOT004-W04,16,10,copper,M2,1.0877,True,50.05,400.07,2024-03-02T14:19:30
3760,LOT004,LOT004-W04,17,1,copper,M3,1.4234,True,50.05,400.07,2024-03-02T14:20:00
3761,LOT004,LOT004-W04,17,2,copper,M1,0.7831,True,50.05,400.07,2024-03-02T14:20:30
3762,LOT004,LOT004-W04,17,3,copper,M4,1.6954,True,50.05,400.07,2024-03-02T14:21:00
3763,LOT004,LOT004-W04,17,4,copper,M2,1.1363,True,50.05,400.07,2024-03-02T14:21:30
3764,LOT004,LOT004-W04,17,5,copper,M2,1.1755,True,50.05,400.07,2024-03-02T14:22:00
3765,LOT004,LOT004-W04,17,6,tungsten,M1,1.0194,True,50.05,400.07,2024-03-02T14:22:30
3766,LOT004,LOT004-W04,17,7,tungsten,M2,1.4302,True,50.05,400.07,2024-03-02T14:23:00
3767,LOT004,LOT004-W04,17,8,tungsten,M1,1.0258,True,50.05,400.07,2024-03-02T14:23:30
3768,LOT004,LOT004-W04,17,9,copper,M4,1.7575,True,50.05,400.07,2024-03-02T14:24:00
3769,LOT004,LOT004-W04,17,10,tungsten,M2,1.4045,False,50.05,400.07,2024-03-02T14:24:30
3770,LOT004,LOT004-W04,18,1,tungsten,M1,0.8875,True,50.05,400.07,2024-03-02T14:25:00
3771,LOT004,LOT004-W04,18,2,copper,M3,1.3196,False,50.05,400.07,2024-03-02T14:25:30
3772,LOT004,LOT004-W04,18,3,copper,M3,1.3832,True,50.05,400.07,2024-03-02T14:26:00
3773,LOT004,LOT004-W04,18,4,tungsten,M4,2.1614,False,50.05,400.07,2024-03-02T14:26:30
3774,LOT004,LOT004-W04,18,5,copper,M2,1.0652,True,50.05,400.07,2024-03-02T14:27:00
3775,LOT004,LOT004-W04,18,6,copper,M4,1.7756,False,50.05,400.07,2024-03-02T14:27:30
3776,LOT004,LOT004-W04,18,7,copper,M3,1.3391,True,50.05,400.07,2024-03-02T14:28:00
3777,LOT004,LOT004-W04,18,8,tungsten,M4,2.1385,True,50.05,400.07,2024-03-02T14:28:30
3778,LOT004,LOT004-W04,18,9,copper,M1,0.8195,True,50.05,400.07,2024-03-02T14:29:00
3779,LOT004,LOT004-W04,18,10,copper,M3,1.384,True,50.05,400.07,2024-03-02T14:29:30
3780,LOT004,LOT004-W04,19,1,copper,M2,1.1933,True,50.05,400.07,2024-03-02T14:30:00
3781,LOT004,LOT004-W04,19,2,copper,M1,0.8116,True,50.05,400.07,2024-03-02T14:30:30
3782,LOT004,LOT004-W04,19,3,tungsten,M2,1.4432,True,50.05,400.07,2024-03-02T14:31:00
3783,LOT004,LOT004-W04,19,4,tungsten,M2,1.3891,True,50.05,400.07,2024-03-02T14:31:30
3784,LOT004,LOT004-W04,19,5,tungsten,M3,1.7405,True,50.05,400.07,2024-03-02T14:32:00
3785,LOT004,LOT004-W04,19,6,tungsten,M1,1.0992,True,50.05,400.07,2024-03-02T14:32:30
3786,LOT004,LOT004-W04,19,7,tungsten,M2,1.3658,True,50.05,400.07,2024-03-02T14:33:00
3787,LOT004,LOT004-W04,19,8,copper,M3,1.4228,True,50.05,400.07,2024-03-02T14:33:30
3788,LOT004,LOT004-W04,19,9,tungsten,M4,2.124,False,50.05,400.07,2024-03-02T14:34:00
3789,LOT004,LOT004-W04,19,10,copper,M3,1.4105,True,50.05,400.07,2024-03-02T14:34:30
3790,LOT004,LOT004-W04,20,1,copper,M4,1.5829,True,50.05,400.07,2024-03-02T14:35:00
3791,LOT004,LOT004-W04,20,2,copper,M1,0.7764,True,50.05,400.07,2024-03-02T14:35:30
3792,LOT004,LOT004-W04,20,3,copper,M3,1.4777,True,50.05,400.07,2024-03-02T14:36:00
3793,LOT004,LOT004-W04,20,4,tungsten,M4,2.1216,True,50.05,400.07,2024-03-02T14:36:30
3794,LOT004,LOT004-W04,20,5,tungsten,M3,1.6838,True,50.05,400.07,2024-03-02T14:37:00
3795,LOT004,LOT004-W04,20,6,tungsten,M3,1.8892,True,50.05,400.07,2024-03-02T14:37:30
3796,LOT004,LOT004-W04,20,7,copper,M1,0.7785,True,50.05,400.07,2024-03-02T14:38:00
3797,LOT004,LOT004-W04,20,8,tungsten,M1,0.9613,True,50.05,400.07,2024-03-02T14:38:30
3798,LOT004,LOT004-W04,20,9,tungsten,M1,0.9624,True,50.05,400.07,2024-03-02T14:39:00
3799,LOT004,LOT004-W04,20,10,copper,M1,0.758,False,50.05,400.07,2024-03-02T14:39:30
3800,LOT004,LOT004-W05,1,1,copper,M2,1.0351,True,50.03,402.96,2024-03-02T14:40:00
3801,LOT004,LOT004-W05,1,2,tungsten,M4,2.1171,True,50.03,402.96,2024-03-02T14:40:30
3802,LOT004,LOT004-W05,1,3,tungsten,M4,2.1668,True,50.03,402.96,2024-03-02T14:41:00
3803,LOT004,LOT004-W05,1,4,copper,M2,1.07,True,50.03,402.96,2024-03-02T14:41:30
3804,LOT004,LOT004-W05,1,5,copper,M2,1.1053,True,50.03,402.96,2024-03-02T14:42:00
3805,LOT004,LOT004-W05,1,6,copper,M2,1.1218,True,50.03,402.96,2024-03-02T14:42:30
3806,LOT004,LOT004-W05,1,7,tungsten,M2,1.5196,True,50.03,402.96,2024-03-02T14:43:00
3807,LOT004,LOT004-W05,1,8,copper,M2,1.0299,True,50.03,402.96,2024-03-02T14:43:30
3808,LOT004,LOT004-W05,1,9,copper,M4,1.7144,True,50.03,402.96,2024-03-02T14:44:00
3809,LOT004,LOT004-W05,1,10,copper,M1,0.8132,True,50.03,402.96,2024-03-02T14:44:30
3810,LOT004,LOT004-W05,2,1,tungsten,M3,1.5411,True,50.03,402.96,2024-03-02T14:45:00
3811,LOT004,LOT004-W05,2,2,copper,M2,1.0544,True,50.03,402.96,2024-03-02T14:45:30
3812,LOT004,LOT004-W05,2,3,tungsten,M4,2.2987,True,50.03,402.96,2024-03-02T14:46:00
3813,LOT004,LOT004-W05,2,4,tungsten,M1,1.0381,True,50.03,402.96,2024-03-02T14:46:30
3814,LOT004,LOT004-W05,2,5,tungsten,M2,1.3921,False,50.03,402.96,2024-03-02T14:47:00
3815,LOT004,LOT004-W05,2,6,copper,M4,1.7153,True,50.03,402.96,2024-03-02T14:47:30
3816,LOT004,LOT004-W05,2,7,copper,M1,0.7919,True,50.03,402.96,2024-03-02T14:48:00
3817,LOT004,LOT004-W05,2,8,copper,M3,1.5029,True,50.03,402.96,2024-03-02T14:48:30
3818,LOT004,LOT004-W05,2,9,tungsten,M3,1.6251,True,50.03,402.96,2024-03-02T14:49:00
3819,LOT004,LOT004-W05,2,10,copper,M3,1.3977,True,50.03,402.96,2024-03-02T14:49:30
3820,LOT004,LOT004-W05,3,1,tungsten,M2,1.4978,True,50.03,402.96,2024-03-02T14:50:00
3821,LOT004,LOT004-W05,3,2,copper,M3,1.4802,True,50.03,402.96,2024-03-02T14:50:30
3822,LOT004,LOT004-W05,3,3,tungsten,M2,1.4096,True,50.03,402.96,2024-03-02T14:51:00
3823,LOT004,LOT004-W05,3,4,copper,M4,1.6779,True,50.03,402.96,2024-03-02T14:51:30
3824,LOT004,LOT004-W05,3,5,tungsten,M2,1.483,True,50.03,402.96,2024-03-02T14:52:00
3825,LOT004,LOT004-W05,3,6,tungsten,M1,1.0337,True,50.03,402.96,2024-03-02T14:52:30
3826,LOT004,LOT004-W05,3,7,copper,M1,0.8318,True,50.03,402.96,2024-03-02T14:53:00
3827,LOT004,LOT004-W05,3,8,copper,M1,0.8385,True,50.03,402.96,2024-03-02T14:53:30
3828,LOT004,LOT004-W05,3,9,copper,M1,0.8931,True,50.03,402.96,2024-03-02T14:54:00
3829,LOT004,LOT004-W05,3,10,tungsten,M1,1.0256,True,50.03,402.96,2024-03-02T14:54:30
3830,LOT004,LOT004-W05,4,1,tungsten,M3,1.9346,True,50.03,402.96,2024-03-02T14:55:00
3831,LOT004,LOT004-W05,4,2,copper,M3,1.5295,True,50.03,402.96,2024-03-02T14:55:30
3832,LOT004,LOT004-W05,4,3,copper,M4,1.6795,True,50.03,402.96,2024-03-02T14:56:00
3833,LOT004,LOT004-W05,4,4,tungsten,M4,2.1665,True,50.03,402.96,2024-03-02T14:56:30
3834,LOT004,LOT004-W05,4,5,copper,M3,1.4629,True,50.03,402.96,2024-03-02T14:57:00
3835,LOT004,LOT004-W05,4,6,tungsten,M3,1.8749,True,50.03,402.96,2024-03-02T14:57:30
3836,LOT004,LOT004-W05,4,7,tungsten,M3,1.935,True,50.03,402.96,2024-03-02T14:58:00
3837,LOT004,LOT004-W05,4,8,copper,M4,1.6455,True,50.03,402.96,2024-03-02T14:58:30
3838,LOT004,LOT004-W05,4,9,tungsten,M2,1.3931,True,50.03,402.96,2024-03-02T14:59:00
3839,LOT004,LOT004-W05,4,10,tungsten,M3,1.797,True,50.03,402.96,2024-03-02T14:59:30
3840,LOT004,LOT004-W05,5,1,copper,M4,1.6284,True,50.03,402.96,2024-03-02T15:00:00
3841,LOT004,LOT004-W05,5,2,copper,M3,1.365,True,50.03,402.96,2024-03-02T15:00:30
3842,LOT004,LOT004-W05,5,3,copper,M3,1.3885,True,50.03,402.96,2024-03-02T15:01:00
3843,LOT004,LOT004-W05,5,4,tungsten,M1,1.0277,True,50.03,402.96,2024-03-02T15:01:30
3844,LOT004,LOT004-W05,5,5,copper,M1,0.7884,True,50.03,402.96,2024-03-02T15:02:00
3845,LOT004,LOT004-W05,5,6,tungsten,M4,2.1143,True,50.03,402.96,2024-03-02T15:02:30
3846,LOT004,LOT004-W05,5,7,copper,M1,0.8155,True,50.03,402.96,2024-03-02T15:03:00
3847,LOT004,LOT004-W05,5,8,copper,M1,0.7741,True,50.03,402.96,2024-03-02T15:03:30
3848,LOT004,LOT004-W05,5,9,tungsten,M2,1.2395,False,50.03,402.96,2024-03-02T15:04:00
3849,LOT004,LOT004-W05,5,10,copper,M1,0.8139,True,50.03,402.96,2024-03-02T15:04:30
3850,LOT004,LOT004-W05,6,1,tungsten,M1,0.9561,True,50.03,402.96,2024-03-02T15:05:00
3851,LOT004,LOT004-W05,6,2,copper,M2,1.0821,True,50.03,402.96,2024-03-02T15:05:30
3852,LOT004,LOT004-W05,6,3,copper,M2,1.0583,True,50.03,402.96,2024-03-02T15:06:00
3853,LOT004,LOT004-W05,6,4,tungsten,M3,1.7134,True,50.03,402.96,2024-03-02T15:06:30
3854,LOT004,LOT004-W05,6,5,tungsten,M3,1.8684,True,50.03,402.96,2024-03-02T15:07:00
3855,LOT004,LOT004-W05,6,6,tungsten,M4,2.1956,True,50.03,402.96,2024-03-02T15:07:30
3856,LOT004,LOT004-W05,6,7,copper,M1,0.7394,True,50.03,402.96,2024-03-02T15:08:00
3857,LOT004,LOT004-W05,6,8,copper,M4,1.7676,True,50.03,402.96,2024-03-02T15:08:30
3858,LOT004,LOT004-W05,6,9,copper,M1,0.7489,True,50.03,402.96,2024-03-02T15:09:00
3859,LOT004,LOT004-W05,6,10,copper,M2,1.0824,True,50.03,402.96,2024-03-02T15:09:30
3860,LOT004,LOT004-W05,7,1,copper,M1,0.7356,True,50.03,402.96,2024-03-02T15:10:00
3861,LOT004,LOT004-W05,7,2,copper,M3,1.2988,False,50.03,402.96,2024-03-02T15:10:30
3862,LOT004,LOT004-W05,7,3,copper,M4,1.6548,True,50.03,402.96,2024-03-02T15:11:00
3863,LOT004,LOT004-W05,7,4,copper,M4,1.7715,True,50.03,402.96,2024-03-02T15:11:30
3864,LOT004,LOT004-W05,7,5,copper,M1,0.7798,True,50.03,402.96,2024-03-02T15:12:00
3865,LOT004,LOT004-W05,7,6,tungsten,M2,1.2165,True,50.03,402.96,2024-03-02T15:12:30
3866,LOT004,LOT004-W05,7,7,copper,M2,1.0812,True,50.03,402.96,2024-03-02T15:13:00
3867,LOT004,LOT004-W05,7,8,copper,M1,0.82,True,50.03,402.96,2024-03-02T15:13:30
3868,LOT004,LOT004-W05,7,9,copper,M4,1.6312,True,50.03,402.96,2024-03-02T15:14:00
3869,LOT004,LOT004-W05,7,10,tungsten,M3,1.7571,False,50.03,402.96,2024-03-02T15:14:30
3870,LOT004,LOT004-W05,8,1,copper,M2,1.0813,True,50.03,402.96,2024-03-02T15:15:00
3871,LOT004,LOT004-W05,8,2,tungsten,M1,0.9731,True,50.03,402.96,2024-03-02T15:15:30
3872,LOT004,LOT004-W05,8,3,tungsten,M2,1.4007,True,50.03,402.96,2024-03-02T15:16:00
3873,LOT004,LOT004-W05,8,4,tungsten,M4,2.2038,True,50.03,402.96,2024-03-02T15:16:30
3874,LOT004,LOT004-W05,8,5,tungsten,M4,2.0655,True,50.03,402.96,2024-03-02T15:17:00
3875,LOT004,LOT004-W05,8,6,tungsten,M3,1.9312,False,50.03,402.96,2024-03-02T15:17:30
3876,LOT004,LOT004-W05,8,7,copper,M3,1.3679,True,50.03,402.96,2024-03-02T15:18:00
3877,LOT004,LOT004-W05,8,8,tungsten,M3,1.8738,True,50.03,402.96,2024-03-02T15:18:30
3878,LOT004,LOT004-W05,8,9,tungsten,M1,1.0092,True,50.03,402.96,2024-03-02T15:19:00
3879,LOT004,LOT004-W05,8,10,tungsten,M1,0.9538,True,50.03,402.96,2024-03-02T15:19:30
3880,LOT004,LOT004-W05,9,1,tungsten,M3,1.7189,True,50.03,402.96,2024-03-02T15:20:00
3881,LOT004,LOT004-W05,9,2,tungsten,M2,1.3718,True,50.03,402.96,2024-03-02T15:20:30
3882,LOT004,LOT004-W05,9,3,tungsten,M2,1.4335,True,50.03,402.96,2024-03-02T15:21:00
3883,LOT004,LOT004-W05,9,4,copper,M3,1.2574,True,50.03,402.96,2024-03-02T15:21:30
3884,LOT004,LOT004-W05,9,5,copper,M3,1.4173,True,50.03,402.96,2024-03-02T15:22:00
3885,LOT004,LOT004-W05,9,6,copper,M2,1.1695,True,50.03,402.96,2024-03-02T15:22:30
3886,LOT004,LOT004-W05,9,7,copper,M3,1.4727,True,50.03,402.96,2024-03-02T15:23:00
3887,LOT004,LOT004-W05,9,8,tungsten,M4,2.2939,True,50.03,402.96,2024-03-02T15:23:30
3888,LOT004,LOT004-W05,9,9,copper,M1,0.7726,True,50.03,402.96,2024-03-02T15:24:00
3889,LOT004,LOT004-W05,9,10,copper,M4,1.7021,True,50.03,402.96,2024-03-02T15:24:30
3890,LOT004,LOT004-W05,10,1,copper,M1,0.822,True,50.03,402.96,2024-03-02T15:25:00
3891,LOT004,LOT004-W05,10,2,copper,M4,1.7472,True,50.03,402.96,2024-03-02T15:25:30
3892,LOT004,LOT004-W05,10,3,copper,M1,0.7507,True,50.03,402.96,2024-03-02T15:26:00
3893,LOT004,LOT004-W05,10,4,tungsten,M1,0.9951,True,50.03,402.96,2024-03-02T15:26:30
3894,LOT004,LOT004-W05,10,5,copper,M4,1.729,True,50.03,402.96,2024-03-02T15:27:00
3895,LOT004,LOT004-W05,10,6,copper,M1,0.8557,True,50.03,402.96,2024-03-02T15:27:30
3896,LOT004,LOT004-W05,10,7,copper,M2,1.1473,True,50.03,402.96,2024-03-02T15:28:00
3897,LOT004,LOT004-W05,10,8,tungsten,M1,1.0511,True,50.03,402.96,2024-03-02T15:28:30
3898,LOT004,LOT004-W05,10,9,tungsten,M2,1.355,True,50.03,402.96,2024-03-02T15:29:00
3899,LOT004,LOT004-W05,10,10,tungsten,M2,1.2809,True,50.03,402.96,2024-03-02T15:29:30
3900,LOT004,LOT004-W05,11,1,tungsten,M2,1.4981,True,50.03,402.96,2024-03-02T15:30:00
3901,LOT004,LOT004-W05,11,2,copper,M1,0.7354,True,50.03,402.96,2024-03-02T15:30:30
3902,LOT004,LOT004-W05,11,3,copper,M2,1.1139,True,50.03,402.96,2024-03-02T15:31:00
3903,LOT004,LOT004-W05,11,4,copper,M1,0.7869,False,50.03,402.96,2024-03-02T15:31:30
3904,LOT004,LOT004-W05,11,5,copper,M3,1.4458,True,50.03,402.96,2024-03-02T15:32:00
3905,LOT004,LOT004-W05,11,6,copper,M3,1.4508,True,50.03,402.96,2024-03-02T15:32:30
3906,LOT004,LOT004-W05,11,7,tungsten,M3,1.9831,True,50.03,402.96,2024-03-02T15:33:00
3907,LOT004,LOT004-W05,11,8,tungsten,M2,1.4913,True,50.03,402.96,2024-03-02T15:33:30
3908,LOT004,LOT004-W05,11,9,tungsten,M3,1.7472,True,50.03,402.96,2024-03-02T15:34:00
3909,LOT004,LOT004-W05,11,10,tungsten,M2,1.3861,True,50.03,402.96,2024-03-02T15:34:30
3910,LOT004,LOT004-W05,12,1,copper,M3,1.3318,True,50.03,402.96,2024-03-02T15:35:00
3911,LOT004,LOT004-W05,12,2,tungsten,M1,0.9471,True,50.03,402.96,2024-03-02T15:35:30
3912,LOT004,LOT004-W05,12,3,copper,M3,1.3966,True,50.03,402.96,2024-03-02T15:36:00
3913,LOT004,LOT004-W05,12,4,tungsten,M4,2.2809,True,50.03,402.96,2024-03-02T15:36:30
3914,LOT004,LOT004-W05,12,5,tungsten,M3,1.8981,True,50.03,402.96,2024-03-02T15:37:00
3915,LOT004,LOT004-W05,12,6,tungsten,M4,2.1466,True,50.03,402.96,2024-03-02T15:37:30
3916,LOT004,LOT004-W05,12,7,copper,M4,1.5531,True,50.03,402.96,2024-03-02T15:38:00
3917,LOT004,LOT004-W05,12,8,tungsten,M1,1.0167,True,50.03,402.96,2024-03-02T15:38:30
3918,LOT004,LOT004-W05,12,9,copper,M2,1.1163,True,50.03,402.96,2024-03-02T15:39:00
3919,LOT004,LOT004-W05,12,10,copper,M1,0.7696,True,50.03,402.96,2024-03-02T15:39:30
3920,LOT004,LOT004-W05,13,1,copper,M4,1.6893,True,50.03,402.96,2024-03-02T15:40:00
3921,LOT004,LOT004-W05,13,2,copper,M1,0.8138,True,50.03,402.96,2024-03-02T15:40:30
3922,LOT004,LOT004-W05,13,3,tungsten,M3,1.7308,True,50.03,402.96,2024-03-02T15:41:00
3923,LOT004,LOT004-W05,13,4,tungsten,M4,2.1254,True,50.03,402.96,2024-03-02T15:41:30
3924,LOT004,LOT004-W05,13,5,copper,M4,1.7411,True,50.03,402.96,2024-03-02T15:42:00
3925,LOT004,LOT004-W05,13,6,tungsten,M3,1.8977,True,50.03,402.96,2024-03-02T15:42:30
3926,LOT004,LOT004-W05,13,7,copper,M3,1.3686,True,50.03,402.96,2024-03-02T15:43:00
3927,LOT004,LOT004-W05,13,8,tungsten,M4,1.9949,True,50.03,402.96,2024-03-02T15:43:30
3928,LOT004,LOT004-W05,13,9,copper,M1,0.7387,False,50.03,402.96,2024-03-02T15:44:00
3929,LOT004,LOT004-W05,13,10,copper,M3,1.3306,True,50.03,402.96,2024-03-02T15:44:30
3930,LOT004,LOT004-W05,14,1,copper,M3,1.4402,True,50.03,402.96,2024-03-02T15:45:00
3931,LOT004,LOT004-W05,14,2,copper,M1,0.777,True,50.03,402.96,2024-03-02T15:45:30
3932,LOT004,LOT004-W05,14,3,copper,M4,1.73,True,50.03,402.96,2024-03-02T15:46:00
3933,LOT004,LOT004-W05,14,4,copper,M1,0.7807,True,50.03,402.96,2024-03-02T15:46:30
3934,LOT004,LOT004-W05,14,5,copper,M3,1.4714,True,50.03,402.96,2024-03-02T15:47:00
3935,LOT004,LOT004-W05,14,6,copper,M2,1.0469,True,50.03,402.96,2024-03-02T15:47:30
3936,LOT004,LOT004-W05,14,7,tungsten,M1,1.044,True,50.03,402.96,2024-03-02T15:48:00
3937,LOT004,LOT004-W05,14,8,copper,M1,0.8342,True,50.03,402.96,2024-03-02T15:48:30
3938,LOT004,LOT004-W05,14,9,copper,M4,1.6978,True,50.03,402.96,2024-03-02T15:49:00
3939,LOT004,LOT004-W05,14,10,tungsten,M3,1.8787,True,50.03,402.96,2024-03-02T15:49:30
3940,LOT004,LOT004-W05,15,1,tungsten,M2,1.3964,True,50.03,402.96,2024-03-02T15:50:00
3941,LOT004,LOT004-W05,15,2,tungsten,M3,1.6844,True,50.03,402.96,2024-03-02T15:50:30
3942,LOT004,LOT004-W05,15,3,copper,M1,0.7544,True,50.03,402.96,2024-03-02T15:51:00
3943,LOT004,LOT004-W05,15,4,tungsten,M2,1.4672,True,50.03,402.96,2024-03-02T15:51:30
3944,LOT004,LOT004-W05,15,5,copper,M2,1.0329,True,50.03,402.96,2024-03-02T15:52:00
3945,LOT004,LOT004-W05,15,6,tungsten,M3,1.6272,True,50.03,402.96,2024-03-02T15:52:30
3946,LOT004,LOT004-W05,15,7,copper,M3,1.4225,False,50.03,402.96,2024-03-02T15:53:00
3947,LOT004,LOT004-W05,15,8,tungsten,M3,1.8165,True,50.03,402.96,2024-03-02T15:53:30
3948,LOT004,LOT004-W05,15,9,copper,M4,1.6754,True,50.03,402.96,2024-03-02T15:54:00
3949,LOT004,LOT004-W05,15,10,tungsten,M4,2.1794,True,50.03,402.96,2024-03-02T15:54:30
3950,LOT004,LOT004-W05,16,1,copper,M3,1.3982,True,50.03,402.96,2024-03-02T15:55:00
3951,LOT004,LOT004-W05,16,2,tungsten,M4,2.0839,True,50.03,402.96,2024-03-02T15:55:30
3952,LOT004,LOT004-W05,16,3,tungsten,M1,1.0483,True,50.03,402.96,2024-03-02T15:56:00
3953,LOT004,LOT004-W05,16,4,copper,M3,1.4742,True,50.03,402.96,2024-03-02T15:56:30
3954,LOT004,LOT004-W05,16,5,tungsten,M4,2.0104,True,50.03,402.96,2024-03-02T15:57:00
3955,LOT004,LOT004-W05,16,6,copper,M1,0.7376,True,50.03,402.96,2024-03-02T15:57:30
3956,LOT004,LOT004-W05,16,7,tungsten,M1,1.0195,True,50.03,402.96,2024-03-02T15:58:00
3957,LOT004,LOT004-W05,16,8,tungsten,M1,1.0151,True,50.03,402.96,2024-03-02T15:58:30
3958,LOT004,LOT004-W05,16,9,tungsten,M1,1.0361,True,50.03,402.96,2024-03-02T15:59:00
3959,LOT004,LOT004-W05,16,10,copper,M3,1.399,True,50.03,402.96,2024-03-02T15:59:30
3960,LOT004,LOT004-W05,17,1,copper,M4,1.7961,True,50.03,402.96,2024-03-02T16:00:00
3961,LOT004,LOT004-W05,17,2,tungsten,M4,2.1261,True,50.03,402.96,2024-03-02T16:00:30
3962,LOT004,LOT004-W05,17,3,tungsten,M1,0.8895,True,50.03,402.96,2024-03-02T16:01:00
3963,LOT004,LOT004-W05,17,4,tungsten,M4,2.1167,True,50.03,402.96,2024-03-02T16:01:30
3964,LOT004,LOT004-W05,17,5,copper,M2,1.0658,True,50.03,402.96,2024-03-02T16:02:00
3965,LOT004,LOT004-W05,17,6,tungsten,M4,1.9765,True,50.03,402.96,2024-03-02T16:02:30
3966,LOT004,LOT004-W05,17,7,copper,M3,1.3576,True,50.03,402.96,2024-03-02T16:03:00
3967,LOT004,LOT004-W05,17,8,copper,M2,1.1429,False,50.03,402.96,2024-03-02T16:03:30
3968,LOT004,LOT004-W05,17,9,tungsten,M3,1.7441,True,50.03,402.96,2024-03-02T16:04:00
3969,LOT004,LOT004-W05,17,10,copper,M1,0.7641,True,50.03,402.96,2024-03-02T16:04:30
3970,LOT004,LOT004-W05,18,1,tungsten,M1,0.9617,True,50.03,402.96,2024-03-02T16:05:00
3971,LOT004,LOT004-W05,18,2,tungsten,M1,0.9198,True,50.03,402.96,2024-03-02T16:05:30
3972,LOT004,LOT004-W05,18,3,tungsten,M4,2.1547,True,50.03,402.96,2024-03-02T16:06:00
3973,LOT004,LOT004-W05,18,4,copper,M1,0.7608,True,50.03,402.96,2024-03-02T16:06:30
3974,LOT004,LOT004-W05,18,5,copper,M1,0.7228,True,50.03,402.96,2024-03-02T16:07:00
3975,LOT004,LOT004-W05,18,6,copper,M1,0.7922,True,50.03,402.96,2024-03-02T16:07:30
3976,LOT004,LOT004-W05,18,7,tungsten,M1,0.9557,True,50.03,402.96,2024-03-02T16:08:00
3977,LOT004,LOT004-W05,18,8,copper,M3,1.3588,False,50.03,402.96,2024-03-02T16:08:30
3978,LOT004,LOT004-W05,18,9,copper,M4,1.9068,False,50.03,402.96,2024-03-02T16:09:00
3979,LOT004,LOT004-W05,18,10,tungsten,M2,1.3934,True,50.03,402.96,2024-03-02T16:09:30
3980,LOT004,LOT004-W05,19,1,tungsten,M3,1.8423,True,50.03,402.96,2024-03-02T16:10:00
3981,LOT004,LOT004-W05,19,2,tungsten,M4,2.05,True,50.03,402.96,2024-03-02T16:10:30
3982,LOT004,LOT004-W05,19,3,copper,M2,1.0306,True,50.03,402.96,2024-03-02T16:11:00
3983,LOT004,LOT004-W05,19,4,copper,M3,1.4119,True,50.03,402.96,2024-03-02T16:11:30
3984,LOT004,LOT004-W05,19,5,tungsten,M4,2.0778,True,50.03,402.96,2024-03-02T16:12:00
3985,LOT004,LOT004-W05,19,6,tungsten,M4,2.0599,True,50.03,402.96,2024-03-02T16:12:30
3986,LOT004,LOT004-W05,19,7,tungsten,M1,0.9701,True,50.03,402.96,2024-03-02T16:13:00
3987,LOT004,LOT004-W05,19,8,copper,M3,1.5138,True,50.03,402.96,2024-03-02T16:13:30
3988,LOT004,LOT004-W05,19,9,tungsten,M1,0.9265,True,50.03,402.96,2024-03-02T16:14:00
3989,LOT004,LOT004-W05,19,10,tungsten,M2,1.3515,True,50.03,402.96,2024-03-02T16:14:30
3990,LOT004,LOT004-W05,20,1,copper,M4,1.5851,True,50.03,402.96,2024-03-02T16:15:00
3991,LOT004,LOT004-W05,20,2,tungsten,M3,1.7037,True,50.03,402.96,2024-03-02T16:15:30
3992,LOT004,LOT004-W05,20,3,tungsten,M1,0.9313,False,50.03,402.96,2024-03-02T16:16:00
3993,LOT004,LOT004-W05,20,4,tungsten,M4,2.142,True,50.03,402.96,2024-03-02T16:16:30
3994,LOT004,LOT004-W05,20,5,tungsten,M3,1.8748,True,50.03,402.96,2024-03-02T16:17:00
3995,LOT004,LOT004-W05,20,6,tungsten,M3,1.8023,True,50.03,402.96,2024-03-02T16:17:30
3996,LOT004,LOT004-W05,20,7,copper,M3,1.416,True,50.03,402.96,2024-03-02T16:18:00
3997,LOT004,LOT004-W05,20,8,copper,M2,1.0317,True,50.03,402.96,2024-03-02T16:18:30
3998,LOT004,LOT004-W05,20,9,copper,M2,1.0526,True,50.03,402.96,2024-03-02T16:19:00
3999,LOT004,LOT004-W05,20,10,copper,M2,1.0393,True,50.03,402.96,2024-03-02T16:19:30
4000,LOT005,LOT005-W01,1,1,tungsten,M2,1.3884,True,50.37,419.98,2024-03-02T16:20:00
4001,LOT005,LOT005-W01,1,2,copper,M3,1.3999,True,50.37,419.98,2024-03-02T16:20:30
4002,LOT005,LOT005-W01,1,3,tungsten,M3,1.9175,True,50.37,419.98,2024-03-02T16:21:00
4003,LOT005,LOT005-W01,1,4,tungsten,M2,1.3309,True,50.37,419.98,2024-03-02T16:21:30
4004,LOT005,LOT005-W01,1,5,copper,M2,1.164,True,50.37,419.98,2024-03-02T16:22:00
4005,LOT005,LOT005-W01,1,6,tungsten,M3,1.8671,True,50.37,419.98,2024-03-02T16:22:30
4006,LOT005,LOT005-W01,1,7,tungsten,M4,2.1103,True,50.37,419.98,2024-03-02T16:23:00
4007,LOT005,LOT005-W01,1,8,tungsten,M4,2.0263,True,50.37,419.98,2024-03-02T16:23:30
4008,LOT005,LOT005-W01,1,9,tungsten,M1,0.998,True,50.37,419.98,2024-03-02T16:24:00
4009,LOT005,LOT005-W01,1,10,copper,M3,1.4927,True,50.37,419.98,2024-03-02T16:24:30
4010,LOT005,LOT005-W01,2,1,tungsten,M3,1.6711,True,50.37,419.98,2024-03-02T16:25:00
4011,LOT005,LOT005-W01,2,2,copper,M1,0.8622,True,50.37,419.98,2024-03-02T16:25:30
4012,LOT005,LOT005-W01,2,3,copper,M3,1.4256,True,50.37,419.98,2024-03-02T16:26:00
4013,LOT005,LOT005-W01,2,4,tungsten,M2,1.5001,True,50.37,419.98,2024-03-02T16:26:30
4014,LOT005,LOT005-W01,2,5,tungsten,M1,0.9485,True,50.37,419.98,2024-03-02T16:27:00
4015,LOT005,LOT005-W01,2,6,copper,M2,1.1811,True,50.37,419.98,2024-03-02T16:27:30
4016,LOT005,LOT005-W01,2,7,tungsten,M1,1.016,False,50.37,419.98,2024-03-02T16:28:00
4017,LOT005,LOT005-W01,2,8,copper,M2,0.9866,True,50.37,419.98,2024-03-02T16:28:30
4018,LOT005,LOT005-W01,2,9,tungsten,M1,1.0556,True,50.37,419.98,2024-03-02T16:29:00
4019,LOT005,LOT005-W01,2,10,tungsten,M3,1.6837,True,50.37,419.98,2024-03-02T16:29:30
4020,LOT005,LOT005-W01,3,1,copper,M1,0.8838,True,50.37,419.98,2024-03-02T16:30:00
4021,LOT005,LOT005-W01,3,2,tungsten,M2,1.3498,False,50.37,419.98,2024-03-02T16:30:30
4022,LOT005,LOT005-W01,3,3,copper,M3,1.3745,True,50.37,419.98,2024-03-02T16:31:00
4023,LOT005,LOT005-W01,3,4,tungsten,M2,1.3189,True,50.37,419.98,2024-03-02T16:31:30
4024,LOT005,LOT005-W01,3,5,copper,M4,1.6784,True,50.37,419.98,2024-03-02T16:32:00
4025,LOT005,LOT005-W01,3,6,copper,M4,1.706,True,50.37,419.98,2024-03-02T16:32:30
4026,LOT005,LOT005-W01,3,7,tungsten,M2,1.4277,True,50.37,419.98,2024-03-02T16:33:00
4027,LOT005,LOT005-W01,3,8,tungsten,M4,2.2253,True,50.37,419.98,2024-03-02T16:33:30
4028,LOT005,LOT005-W01,3,9,tungsten,M1,1.021,True,50.37,419.98,2024-03-02T16:34:00
4029,LOT005,LOT005-W01,3,10,copper,M4,1.7193,True,50.37,419.98,2024-03-02T16:34:30
4030,LOT005,LOT005-W01,4,1,copper,M3,1.4373,True,50.37,419.98,2024-03-02T16:35:00
4031,LOT005,LOT005-W01,4,2,copper,M4,1.7708,True,50.37,419.98,2024-03-02T16:35:30
4032,LOT005,LOT005-W01,4,3,copper,M3,1.3317,True,50.37,419.98,2024-03-02T16:36:00
4033,LOT005,LOT005-W01,4,4,copper,M1,0.8479,True,50.37,419.98,2024-03-02T16:36:30
4034,LOT005,LOT005-W01,4,5,tungsten,M1,0.9917,True,50.37,419.98,2024-03-02T16:37:00
4035,LOT005,LOT005-W01,4,6,tungsten,M4,2.1786,True,50.37,419.98,2024-03-02T16:37:30
4036,LOT005,LOT005-W01,4,7,tungsten,M1,0.9386,True,50.37,419.98,2024-03-02T16:38:00
4037,LOT005,LOT005-W01,4,8,copper,M4,1.7348,True,50.37,419.98,2024-03-02T16:38:30
4038,LOT005,LOT005-W01,4,9,tungsten,M3,1.9031,True,50.37,419.98,2024-03-02T16:39:00
4039,LOT005,LOT005-W01,4,10,copper,M2,1.1327,True,50.37,419.98,2024-03-02T16:39:30
4040,LOT005,LOT005-W01,5,1,copper,M4,1.7402,True,50.37,419.98,2024-03-02T16:40:00
4041,LOT005,LOT005-W01,5,2,tungsten,M2,1.3875,True,50.37,419.98,2024-03-02T16:40:30
4042,LOT005,LOT005-W01,5,3,copper,M3,1.4132,True,50.37,419.98,2024-03-02T16:41:00
4043,LOT005,LOT005-W01,5,4,copper,M1,0.8688,True,50.37,419.98,2024-03-02T16:41:30
4044,LOT005,LOT005-W01,5,5,copper,M1,0.709,True,50.37,419.98,2024-03-02T16:42:00
4045,LOT005,LOT005-W01,5,6,copper,M3,1.4478,True,50.37,419.98,2024-03-02T16:42:30
4046,LOT005,LOT005-W01,5,7,tungsten,M3,1.8557,True,50.37,419.98,2024-03-02T16:43:00
4047,LOT005,LOT005-W01,5,8,tungsten,M3,1.8174,True,50.37,419.98,2024-03-02T16:43:30
4048,LOT005,LOT005-W01,5,9,tungsten,M4,2.2129,True,50.37,419.98,2024-03-02T16:44:00
4049,LOT005,LOT005-W01,5,10,tungsten,M3,1.6433,True,50.37,419.98,2024-03-02T16:44:30
4050,LOT005,LOT005-W01,6,1,tungsten,M3,1.8411,True,50.37,419.98,2024-03-02T16:45:00
4051,LOT005,LOT005-W01,6,2,copper,M3,1.3853,True,50.37,419.98,2024-03-02T16:45:30
4052,LOT005,LOT005-W01,6,3,copper,M1,0.8222,True,50.37,419.98,2024-03-02T16:46:00
4053,LOT005,LOT005-W01,6,4,tungsten,M4,2.1105,True,50.37,419.98,2024-03-02T16:46:30
4054,LOT005,LOT005-W01,6,5,copper,M4,1.5962,True,50.37,419.98,2024-03-02T16:47:00
4055,LOT005,LOT005-W01,6,6,copper,M4,1.7355,True,50.37,419.98,2024-03-02T16:47:30
4056,LOT005,LOT005-W01,6,7,copper,M2,1.0186,False,50.37,419.98,2024-03-02T16:48:00
4057,LOT005,LOT005-W01,6,8,tungsten,M2,1.3145,True,50.37,419.98,2024-03-02T16:48:30
4058,LOT005,LOT005-W01,6,9,copper,M3,1.3539,True,50.37,419.98,2024-03-02T16:49:00
4059,LOT005,LOT005-W01,6,10,tungsten,M3,1.7464,True,50.37,419.98,2024-03-02T16:49:30
4060,LOT005,LOT005-W01,7,1,copper,M4,1.6144,True,50.37,419.98,2024-03-02T16:50:00
4061,LOT005,LOT005-W01,7,2,tungsten,M4,2.154,True,50.37,419.98,2024-03-02T16:50:30
4062,LOT005,LOT005-W01,7,3,tungsten,M1,1.0188,True,50.37,419.98,2024-03-02T16:51:00
4063,LOT005,LOT005-W01,7,4,tungsten,M3,1.7064,True,50.37,419.98,2024-03-02T16:51:30
4064,LOT005,LOT005-W01,7,5,tungsten,M4,2.2227,True,50.37,419.98,2024-03-02T16:52:00
4065,LOT005,LOT005-W01,7,6,tungsten,M1,0.9756,True,50.37,419.98,2024-03-02T16:52:30
4066,LOT005,LOT005-W01,7,7,copper,M1,0.7773,True,50.37,419.98,2024-03-02T16:53:00
4067,LOT005,LOT005-W01,7,8,copper,M3,1.4248,True,50.37,419.98,2024-03-02T16:53:30
4068,LOT005,LOT005-W01,7,9,tungsten,M1,0.9648,True,50.37,419.98,2024-03-02T16:54:00
4069,LOT005,LOT005-W01,7,10,tungsten,M4,2.2084,True,50.37,419.98,2024-03-02T16:54:30
4070,LOT005,LOT005-W01,8,1,tungsten,M3,1.8302,True,50.37,419.98,2024-03-02T16:55:00
4071,LOT005,LOT005-W01,8,2,copper,M1,0.7728,True,50.37,419.98,2024-03-02T16:55:30
4072,LOT005,LOT005-W01,8,3,tungsten,M2,1.3715,False,50.37,419.98,2024-03-02T16:56:00
4073,LOT005,LOT005-W01,8,4,copper,M1,0.7452,True,50.37,419.98,2024-03-02T16:56:30
4074,LOT005,LOT005-W01,8,5,tungsten,M1,1.0433,False,50.37,419.98,2024-03-02T16:57:00
4075,LOT005,LOT005-W01,8,6,tungsten,M1,0.9869,True,50.37,419.98,2024-03-02T16:57:30
4076,LOT005,LOT005-W01,8,7,copper,M3,1.3599,True,50.37,419.98,2024-03-02T16:58:00
4077,LOT005,LOT005-W01,8,8,tungsten,M4,2.0291,True,50.37,419.98,2024-03-02T16:58:30
4078,LOT005,LOT005-W01,8,9,tungsten,M4,2.042,True,50.37,419.98,2024-03-02T16:59:00
4079,LOT005,LOT005-W01,8,10,tungsten,M2,1.41,False,50.37,419.98,2024-03-02T16:59:30
4080,LOT005,LOT005-W01,9,1,tungsten,M4,1.8698,False,50.37,419.98,2024-03-02T17:00:00
4081,LOT005,LOT005-W01,9,2,tungsten,M1,0.9893,True,50.37,419.98,2024-03-02T17:00:30
4082,LOT005,LOT005-W01,9,3,copper,M3,1.4132,True,50.37,419.98,2024-03-02T17:01:00
4083,LOT005,LOT005-W01,9,4,tungsten,M3,1.8343,True,50.37,419.98,2024-03-02T17:01:30
4084,LOT005,LOT005-W01,9,5,tungsten,M4,2.2961,True,50.37,419.98,2024-03-02T17:02:00
4085,LOT005,LOT005-W01,9,6,copper,M1,0.8333,True,50.37,419.98,2024-03-02T17:02:30
4086,LOT005,LOT005-W01,9,7,copper,M3,1.51,True,50.37,419.98,2024-03-02T17:03:00
4087,LOT005,LOT005-W01,9,8,copper,M4,1.6966,True,50.37,419.98,2024-03-02T17:03:30
4088,LOT005,LOT005-W01,9,9,copper,M1,0.7969,True,50.37,419.98,2024-03-02T17:04:00
4089,LOT005,LOT005-W01,9,10,tungsten,M3,1.7035,True,50.37,419.98,2024-03-02T17:04:30
4090,LOT005,LOT005-W01,10,1,tungsten,M2,1.334,True,50.37,419.98,2024-03-02T17:05:00
4091,LOT005,LOT005-W01,10,2,copper,M4,1.6937,True,50.37,419.98,2024-03-02T17:05:30
4092,LOT005,LOT005-W01,10,3,copper,M1,0.7523,True,50.37,419.98,2024-03-02T17:06:00
4093,LOT005,LOT005-W01,10,4,copper,M3,1.4248,True,50.37,419.98,2024-03-02T17:06:30
4094,LOT005,LOT005-W01,10,5,copper,M2,1.0619,True,50.37,419.98,2024-03-02T17:07:00
4095,LOT005,LOT005-W01,10,6,copper,M4,1.671,True,50.37,419.98,2024-03-02T17:07:30
4096,LOT005,LOT005-W01,10,7,tungsten,M3,1.8214,True,50.37,419.98,2024-03-02T17:08:00
4097,LOT005,LOT005-W01,10,8,copper,M2,1.0141,True,50.37,419.98,2024-03-02T17:08:30
4098,LOT005,LOT005-W01,10,9,copper,M2,1.139,False,50.37,419.98,2024-03-02T17:09:00
4099,LOT005,LOT005-W01,10,10,tungsten,M4,2.2038,True,50.37,419.98,2024-03-02T17:09:30
4100,LOT005,LOT005-W01,11,1,tungsten,M1,1.055,True,50.37,419.98,2024-03-02T17:10:00
4101,LOT005,LOT005-W01,11,2,copper,M4,1.6869,True,50.37,419.98,2024-03-02T17:10:30
4102,LOT005,LOT005-W01,11,3,tungsten,M1,0.9604,True,50.37,419.98,2024-03-02T17:11:00
4103,LOT005,LOT005-W01,11,4,tungsten,M4,2.2264,True,50.37,419.98,2024-03-02T17:11:30
4104,LOT005,LOT005-W01,11,5,tungsten,M1,0.94,True,50.37,419.98,2024-03-02T17:12:00
4105,LOT005,LOT005-W01,11,6,copper,M1,0.809,True,50.37,419.98,2024-03-02T17:12:30
4106,LOT005,LOT005-W01,11,7,tungsten,M3,1.626,True,50.37,419.98,2024-03-02T17:13:00
4107,LOT005,LOT005-W01,11,8,copper,M4,1.6392,True,50.37,419.98,2024-03-02T17:13:30
4108,LOT005,LOT005-W01,11,9,tungsten,M2,1.3824,True,50.37,419.98,2024-03-02T17:14:00
4109,LOT005,LOT005-W01,11,10,tungsten,M3,1.8531,False,50.37,419.98,2024-03-02T17:14:30
4110,LOT005,LOT005-W01,12,1,tungsten,M4,2.1466,True,50.37,419.98,2024-03-02T17:15:00
4111,LOT005,LOT005-W01,12,2,copper,M1,0.7931,True,50.37,419.98,2024-03-02T17:15:30
4112,LOT005,LOT005-W01,12,3,tungsten,M2,1.4444,True,50.37,419.98,2024-03-02T17:16:00
4113,LOT005,LOT005-W01,12,4,copper,M2,1.1047,True,50.37,419.98,2024-03-02T17:16:30
4114,LOT005,LOT005-W01,12,5,copper,M2,1.1269,True,50.37,419.98,2024-03-02T17:17:00
4115,LOT005,LOT005-W01,12,6,tungsten,M2,1.4454,True,50.37,419.98,2024-03-02T17:17:30
4116,LOT005,LOT005-W01,12,7,copper,M2,1.1177,True,50.37,419.98,2024-03-02T17:18:00
4117,LOT005,LOT005-W01,12,8,copper,M4,1.735,True,50.37,419.98,2024-03-02T17:18:30
4118,LOT005,LOT005-W01,12,9,copper,M4,1.5632,True,50.37,419.98,2024-03-02T17:19:00
4119,LOT005,LOT005-W01,12,10,copper,M3,1.4676,True,50.37,419.98,2024-03-02T17:19:30
4120,LOT005,LOT005-W01,13,1,copper,M1,0.8536,True,50.37,419.98,2024-03-02T17:20:00
4121,LOT005,LOT005-W01,13,2,copper,M2,1.1239,True,50.37,419.98,2024-03-02T17:20:30
4122,LOT005,LOT005-W01,13,3,tungsten,M2,1.2708,True,50.37,419.98,2024-03-02T17:21:00
4123,LOT005,LOT005-W01,13,4,copper,M4,1.7704,True,50.37,419.98,2024-03-02T17:21:30
4124,LOT005,LOT005-W01,13,5,tungsten,M4,2.2547,True,50.37,419.98,2024-03-02T17:22:00
4125,LOT005,LOT005-W01,13,6,tungsten,M4,2.1069,True,50.37,419.98,2024-03-02T17:22:30
4126,LOT005,LOT005-W01,13,7,tungsten,M4,2.3186,True,50.37,419.98,2024-03-02T17:23:00
4127,LOT005,LOT005-W01,13,8,tungsten,M3,1.8287,True,50.37,419.98,2024-03-02T17:23:30
4128,LOT005,LOT005-W01,13,9,copper,M4,1.6717,True,50.37,419.98,2024-03-02T17:24:00
4129,LOT005,LOT005-W01,13,10,copper,M1,0.7722,False,50.37,419.98,2024-03-02T17:24:30
4130,LOT005,LOT005-W01,14,1,tungsten,M1,0.9608,True,50.37,419.98,2024-03-02T17:25:00
4131,LOT005,LOT005-W01,14,2,copper,M1,0.7713,True,50.37,419.98,2024-03-02T17:25:30
4132,LOT005,LOT005-W01,14,3,copper,M2,1.151,True,50.37,419.98,2024-03-02T17:26:00
4133,LOT005,LOT005-W01,14,4,copper,M4,1.7617,True,50.37,419.98,2024-03-02T17:26:30
4134,LOT005,LOT005-W01,14,5,tungsten,M1,0.9705,True,50.37,419.98,2024-03-02T17:27:00
4135,LOT005,LOT005-W01,14,6,copper,M2,1.0885,True,50.37,419.98,2024-03-02T17:27:30
4136,LOT005,LOT005-W01,14,7,copper,M2,1.1729,True,50.37,419.98,2024-03-02T17:28:00
4137,LOT005,LOT005-W01,14,8,copper,M2,1.1552,True,50.37,419.98,2024-03-02T17:28:30
4138,LOT005,LOT005-W01,14,9,tungsten,M4,2.1856,True,50.37,419.98,2024-03-02T17:29:00
4139,LOT005,LOT005-W01,14,10,copper,M3,1.5106,True,50.37,419.98,2024-03-02T17:29:30
4140,LOT005,LOT005-W01,15,1,copper,M4,1.6389,False,50.37,419.98,2024-03-02T17:30:00
4141,LOT005,LOT005-W01,15,2,tungsten,M1,1.0862,True,50.37,419.98,2024-03-02T17:30:30
4142,LOT005,LOT005-W01,15,3,copper,M3,1.6176,True,50.37,419.98,2024-03-02T17:31:00
4143,LOT005,LOT005-W01,15,4,tungsten,M4,1.9953,True,50.37,419.98,2024-03-02T17:31:30
4144,LOT005,LOT005-W01,15,5,copper,M4,1.6206,True,50.37,419.98,2024-03-02T17:32:00
4145,LOT005,LOT005-W01,15,6,copper,M3,1.3571,True,50.37,419.98,2024-03-02T17:32:30
4146,LOT005,LOT005-W01,15,7,copper,M4,1.768,True,50.37,419.98,2024-03-02T17:33:00
4147,LOT005,LOT005-W01,15,8,tungsten,M2,1.421,True,50.37,419.98,2024-03-02T17:33:30
4148,LOT005,LOT005-W01,15,9,tungsten,M2,1.3793,True,50.37,419.98,2024-03-02T17:34:00
4149,LOT005,LOT005-W01,15,10,tungsten,M1,1.0027,True,50.37,419.98,2024-03-02T17:34:30
4150,LOT005,LOT005-W01,16,1,copper,M1,0.8325,True,50.37,419.98,2024-03-02T17:35:00
4151,LOT005,LOT005-W01,16,2,copper,M4,1.7301,True,50.37,419.98,2024-03-02T17:35:30
4152,LOT005,LOT005-W01,16,3,copper,M3,1.4868,True,50.37,419.98,2024-03-02T17:36:00
4153,LOT005,LOT005-W01,16,4,copper,M2,1.0458,True,50.37,419.98,2024-03-02T17:36:30
4154,LOT005,LOT005-W01,16,5,copper,M4,1.5869,True,50.37,419.98,2024-03-02T17:37:00
4155,LOT005,LOT005-W01,16,6,tungsten,M1,1.019,True,50.37,419.98,2024-03-02T17:37:30
4156,LOT005,LOT005-W01,16,7,tungsten,M2,1.3397,True,50.37,419.98,2024-03-02T17:38:00
4157,LOT005,LOT005-W01,16,8,copper,M1,0.824,True,50.37,419.98,2024-03-02T17:38:30
4158,LOT005,LOT005-W01,16,9,copper,M4,1.6438,True,50.37,419.98,2024-03-02T17:39:00
4159,LOT005,LOT005-W01,16,10,tungsten,M3,1.7842,True,50.37,419.98,2024-03-02T17:39:30
4160,LOT005,LOT005-W01,17,1,copper,M4,1.626,True,50.37,419.98,2024-03-02T17:40:00
4161,LOT005,LOT005-W01,17,2,copper,M4,1.5928,True,50.37,419.98,2024-03-02T17:40:30
4162,LOT005,LOT005-W01,17,3,copper,M2,1.0655,True,50.37,419.98,2024-03-02T17:41:00
4163,LOT005,LOT005-W01,17,4,tungsten,M1,1.0545,True,50.37,419.98,2024-03-02T17:41:30
4164,LOT005,LOT005-W01,17,5,tungsten,M3,1.8414,True,50.37,419.98,2024-03-02T17:42:00
4165,LOT005,LOT005-W01,17,6,copper,M3,1.3792,True,50.37,419.98,2024-03-02T17:42:30
4166,LOT005,LOT005-W01,17,7,copper,M1,0.8621,False,50.37,419.98,2024-03-02T17:43:00
4167,LOT005,LOT005-W01,17,8,copper,M3,1.4738,True,50.37,419.98,2024-03-02T17:43:30
4168,LOT005,LOT005-W01,17,9,copper,M1,0.7941,True,50.37,419.98,2024-03-02T17:44:00
4169,LOT005,LOT005-W01,17,10,copper,M4,1.7328,False,50.37,419.98,2024-03-02T17:44:30
4170,LOT005,LOT005-W01,18,1,tungsten,M4,2.0894,True,50.37,419.98,2024-03-02T17:45:00
4171,LOT005,LOT005-W01,18,2,copper,M1,0.8367,True,50.37,419.98,2024-03-02T17:45:30
4172,LOT005,LOT005-W01,18,3,copper,M1,0.7704,True,50.37,419.98,2024-03-02T17:46:00
4173,LOT005,LOT005-W01,18,4,tungsten,M4,2.0468,True,50.37,419.98,2024-03-02T17:46:30
4174,LOT005,LOT005-W01,18,5,copper,M3,1.3548,True,50.37,419.98,2024-03-02T17:47:00
4175,LOT005,LOT005-W01,18,6,copper,M3,1.4022,False,50.37,419.98,2024-03-02T17:47:30
4176,LOT005,LOT005-W01,18,7,tungsten,M2,1.3199,True,50.37,419.98,2024-03-02T17:48:00
4177,LOT005,LOT005-W01,18,8,tungsten,M1,0.9823,True,50.37,419.98,2024-03-02T17:48:30
4178,LOT005,LOT005-W01,18,9,copper,M3,1.4064,True,50.37,419.98,2024-03-02T17:49:00
4179,LOT005,LOT005-W01,18,10,tungsten,M2,1.3486,False,50.37,419.98,2024-03-02T17:49:30
4180,LOT005,LOT005-W01,19,1,copper,M4,1.6739,True,50.37,419.98,2024-03-02T17:50:00
4181,LOT005,LOT005-W01,19,2,tungsten,M3,1.6393,True,50.37,419.98,2024-03-02T17:50:30
4182,LOT005,LOT005-W01,19,3,tungsten,M1,1.0262,True,50.37,419.98,2024-03-02T17:51:00
4183,LOT005,LOT005-W01,19,4,tungsten,M2,1.3109,True,50.37,419.98,2024-03-02T17:51:30
4184,LOT005,LOT005-W01,19,5,copper,M3,1.4272,True,50.37,419.98,2024-03-02T17:52:00
4185,LOT005,LOT005-W01,19,6,tungsten,M4,2.0725,True,50.37,419.98,2024-03-02T17:52:30
4186,LOT005,LOT005-W01,19,7,tungsten,M1,1.0253,True,50.37,419.98,2024-03-02T17:53:00
4187,LOT005,LOT005-W01,19,8,copper,M2,1.1335,True,50.37,419.98,2024-03-02T17:53:30
4188,LOT005,LOT005-W01,19,9,copper,M2,1.0974,True,50.37,419.98,2024-03-02T17:54:00
4189,LOT005,LOT005-W01,19,10,copper,M1,0.8407,True,50.37,419.98,2024-03-02T17:54:30
4190,LOT005,LOT005-W01,20,1,tungsten,M3,1.8729,True,50.37,419.98,2024-03-02T17:55:00
4191,LOT005,LOT005-W01,20,2,copper,M1,0.7954,True,50.37,419.98,2024-03-02T17:55:30
4192,LOT005,LOT005-W01,20,3,tungsten,M4,2.3262,True,50.37,419.98,2024-03-02T17:56:00
4193,LOT005,LOT005-W01,20,4,tungsten,M3,2.012,True,50.37,419.98,2024-03-02T17:56:30
4194,LOT005,LOT005-W01,20,5,copper,M1,0.8095,True,50.37,419.98,2024-03-02T17:57:00
4195,LOT005,LOT005-W01,20,6,tungsten,M3,1.9093,True,50.37,419.98,2024-03-02T17:57:30
4196,LOT005,LOT005-W01,20,7,tungsten,M3,1.7937,True,50.37,419.98,2024-03-02T17:58:00
4197,LOT005,LOT005-W01,20,8,copper,M1,0.7892,False,50.37,419.98,2024-03-02T17:58:30
4198,LOT005,LOT005-W01,20,9,tungsten,M3,1.7997,True,50.37,419.98,2024-03-02T17:59:00
4199,LOT005,LOT005-W01,20,10,copper,M2,1.1023,True,50.37,419.98,2024-03-02T17:59:30
4200,LOT005,LOT005-W02,1,1,tungsten,M2,1.496,True,49.92,388.29,2024-03-02T18:00:00
4201,LOT005,LOT005-W02,1,2,copper,M3,1.339,True,49.92,388.29,2024-03-02T18:00:30
4202,LOT005,LOT005-W02,1,3,tungsten,M1,1.0557,True,49.92,388.29,2024-03-02T18:01:00
4203,LOT005,LOT005-W02,1,4,copper,M2,1.1052,True,49.92,388.29,2024-03-02T18:01:30
4204,LOT005,LOT005-W02,1,5,tungsten,M2,1.3511,True,49.92,388.29,2024-03-02T18:02:00
4205,LOT005,LOT005-W02,1,6,copper,M4,1.6663,True,49.92,388.29,2024-03-02T18:02:30
4206,LOT005,LOT005-W02,1,7,tungsten,M1,1.0032,True,49.92,388.29,2024-03-02T18:03:00
4207,LOT005,LOT005-W02,1,8,copper,M4,1.6459,True,49.92,388.29,2024-03-02T18:03:30
4208,LOT005,LOT005-W02,1,9,tungsten,M1,1.0641,True,49.92,388.29,2024-03-02T18:04:00
4209,LOT005,LOT005-W02,1,10,copper,M3,1.4188,True,49.92,388.29,2024-03-02T18:04:30
4210,LOT005,LOT005-W02,2,1,tungsten,M4,1.984,True,49.92,388.29,2024-03-02T18:05:00
4211,LOT005,LOT005-W02,2,2,tungsten,M2,1.4981,True,49.92,388.29,2024-03-02T18:05:30
4212,LOT005,LOT005-W02,2,3,tungsten,M2,1.4037,True,49.92,388.29,2024-03-02T18:06:00
4213,LOT005,LOT005-W02,2,4,copper,M3,1.3625,True,49.92,388.29,2024-03-02T18:06:30
4214,LOT005,LOT005-W02,2,5,copper,M3,1.4151,True,49.92,388.29,2024-03-02T18:07:00
4215,LOT005,LOT005-W02,2,6,copper,M3,1.4076,False,49.92,388.29,2024-03-02T18:07:30
4216,LOT005,LOT005-W02,2,7,tungsten,M3,1.6967,True,49.92,388.29,2024-03-02T18:08:00
4217,LOT005,LOT005-W02,2,8,tungsten,M3,1.8998,True,49.92,388.29,2024-03-02T18:08:30
4218,LOT005,LOT005-W02,2,9,copper,M3,1.4569,True,49.92,388.29,2024-03-02T18:09:00
4219,LOT005,LOT005-W02,2,10,tungsten,M2,1.36,True,49.92,388.29,2024-03-02T18:09:30
4220,LOT005,LOT005-W02,3,1,copper,M1,0.7134,True,49.92,388.29,2024-03-02T18:10:00
4221,LOT005,LOT005-W02,3,2,copper,M1,0.8056,True,49.92,388.29,2024-03-02T18:10:30
4222,LOT005,LOT005-W02,3,3,copper,M4,1.858,True,49.92,388.29,2024-03-02T18:11:00
4223,LOT005,LOT005-W02,3,4,tungsten,M2,1.366,True,49.92,388.29,2024-03-02T18:11:30
4224,LOT005,LOT005-W02,3,5,copper,M2,0.994,True,49.92,388.29,2024-03-02T18:12:00
4225,LOT005,LOT005-W02,3,6,tungsten,M3,1.878,False,49.92,388.29,2024-03-02T18:12:30
4226,LOT005,LOT005-W02,3,7,copper,M3,1.4998,True,49.92,388.29,2024-03-02T18:13:00
4227,LOT005,LOT005-W02,3,8,tungsten,M2,1.431,True,49.92,388.29,2024-03-02T18:13:30
4228,LOT005,LOT005-W02,3,9,copper,M3,1.3895,True,49.92,388.29,2024-03-02T18:14:00
4229,LOT005,LOT005-W02,3,10,tungsten,M2,1.44,True,49.92,388.29,2024-03-02T18:14:30
4230,LOT005,LOT005-W02,4,1,tungsten,M4,2.3213,True,49.92,388.29,2024-03-02T18:15:00
4231,LOT005,LOT005-W02,4,2,tungsten,M1,0.9959,True,49.92,388.29,2024-03-02T18:15:30
4232,LOT005,LOT005-W02,4,3,copper,M2,1.1355,True,49.92,388.29,2024-03-02T18:16:00
4233,LOT005,LOT005-W02,4,4,copper,M1,0.8193,True,49.92,388.29,2024-03-02T18:16:30
4234,LOT005,LOT005-W02,4,5,copper,M4,1.6421,True,49.92,388.29,2024-03-02T18:17:00
4235,LOT005,LOT005-W02,4,6,copper,M1,0.7987,True,49.92,388.29,2024-03-02T18:17:30
4236,LOT005,LOT005-W02,4,7,copper,M3,1.4209,True,49.92,388.29,2024-03-02T18:18:00
4237,LOT005,LOT005-W02,4,8,tungsten,M3,1.9283,True,49.92,388.29,2024-03-02T18:18:30
4238,LOT005,LOT005-W02,4,9,copper,M4,1.5034,True,49.92,388.29,2024-03-02T18:19:00
4239,LOT005,LOT005-W02,4,10,copper,M4,1.713,True,49.92,388.29,2024-03-02T18:19:30
4240,LOT005,LOT005-W02,5,1,copper,M1,0.7897,True,49.92,388.29,2024-03-02T18:20:00
4241,LOT005,LOT005-W02,5,2,copper,M1,0.818,True,49.92,388.29,2024-03-02T18:20:30
4242,LOT005,LOT005-W02,5,3,copper,M2,1.0604,True,49.92,388.29,2024-03-02T18:21:00
4243,LOT005,LOT005-W02,5,4,copper,M4,1.6154,True,49.92,388.29,2024-03-02T18:21:30
4244,LOT005,LOT005-W02,5,5,tungsten,M2,1.2846,True,49.92,388.29,2024-03-02T18:22:00
4245,LOT005,LOT005-W02,5,6,tungsten,M2,1.4276,True,49.92,388.29,2024-03-02T18:22:30
4246,LOT005,LOT005-W02,5,7,tungsten,M2,1.4141,True,49.92,388.29,2024-03-02T18:23:00
4247,LOT005,LOT005-W02,5,8,copper,M4,1.6709,True,49.92,388.29,2024-03-02T18:23:30
4248,LOT005,LOT005-W02,5,9,copper,M1,0.8552,True,49.92,388.29,2024-03-02T18:24:00
4249,LOT005,LOT005-W02,5,10,copper,M3,1.4768,True,49.92,388.29,2024-03-02T18:24:30
4250,LOT005,LOT005-W02,6,1,copper,M3,1.4713,True,49.92,388.29,2024-03-02T18:25:00
4251,LOT005,LOT005-W02,6,2,tungsten,M1,1.0574,True,49.92,388.29,2024-03-02T18:25:30
4252,LOT005,LOT005-W02,6,3,tungsten,M3,2.0182,True,49.92,388.29,2024-03-02T18:26:00
4253,LOT005,LOT005-W02,6,4,tungsten,M2,1.6022,True,49.92,388.29,2024-03-02T18:26:30
4254,LOT005,LOT005-W02,6,5,tungsten,M1,0.9532,True,49.92,388.29,2024-03-02T18:27:00
4255,LOT005,LOT005-W02,6,6,tungsten,M2,1.4027,True,49.92,388.29,2024-03-02T18:27:30
4256,LOT005,LOT005-W02,6,7,tungsten,M4,2.1694,True,49.92,388.29,2024-03-02T18:28:00
4257,LOT005,LOT005-W02,6,8,tungsten,M1,1.0467,True,49.92,388.29,2024-03-02T18:28:30
4258,LOT005,LOT005-W02,6,9,copper,M3,1.5081,True,49.92,388.29,2024-03-02T18:29:00
4259,LOT005,LOT005-W02,6,10,copper,M2,1.2133,True,49.92,388.29,2024-03-02T18:29:30
4260,LOT005,LOT005-W02,7,1,copper,M4,1.7071,True,49.92,388.29,2024-03-02T18:30:00
4261,LOT005,LOT005-W02,7,2,copper,M4,1.6908,True,49.92,388.29,2024-03-02T18:30:30
4262,LOT005,LOT005-W02,7,3,copper,M2,1.1013,True,49.92,388.29,2024-03-02T18:31:00
4263,LOT005,LOT005-W02,7,4,copper,M2,1.057,True,49.92,388.29,2024-03-02T18:31:30
4264,LOT005,LOT005-W02,7,5,copper,M3,1.3112,True,49.92,388.29,2024-03-02T18:32:00
4265,LOT005,LOT005-W02,7,6,tungsten,M4,2.09,True,49.92,388.29,2024-03-02T18:32:30
4266,LOT005,LOT005-W02,7,7,tungsten,M3,1.7877,True,49.92,388.29,2024-03-02T18:33:00
4267,LOT005,LOT005-W02,7,8,copper,M2,1.2346,True,49.92,388.29,2024-03-02T18:33:30
4268,LOT005,LOT005-W02,7,9,copper,M1,0.8534,True,49.92,388.29,2024-03-02T18:34:00
4269,LOT005,LOT005-W02,7,10,tungsten,M4,2.0879,False,49.92,388.29,2024-03-02T18:34:30
4270,LOT005,LOT005-W02,8,1,copper,M3,1.3997,True,49.92,388.29,2024-03-02T18:35:00
4271,LOT005,LOT005-W02,8,2,tungsten,M4,2.3481,True,49.92,388.29,2024-03-02T18:35:30
4272,LOT005,LOT005-W02,8,3,copper,M1,0.7858,True,49.92,388.29,2024-03-02T18:36:00
4273,LOT005,LOT005-W02,8,4,copper,M2,1.0193,True,49.92,388.29,2024-03-02T18:36:30
4274,LOT005,LOT005-W02,8,5,copper,M1,0.7443,True,49.92,388.29,2024-03-02T18:37:00
4275,LOT005,LOT005-W02,8,6,tungsten,M4,2.1182,True,49.92,388.29,2024-03-02T18:37:30
4276,LOT005,LOT005-W02,8,7,tungsten,M3,1.7243,True,49.92,388.29,2024-03-02T18:38:00
4277,LOT005,LOT005-W02,8,8,copper,M1,0.8567,True,49.92,388.29,2024-03-02T18:38:30
4278,LOT005,LOT005-W02,8,9,tungsten,M1,1.0494,True,49.92,388.29,2024-03-02T18:39:00
4279,LOT005,LOT005-W02,8,10,tungsten,M2,1.4127,True,49.92,388.29,2024-03-02T18:39:30
4280,LOT005,LOT005-W02,9,1,tungsten,M4,2.1504,True,49.92,388.29,2024-03-02T18:40:00
4281,LOT005,LOT005-W02,9,2,tungsten,M3,1.6264,True,49.92,388.29,2024-03-02T18:40:30
4282,LOT005,LOT005-W02,9,3,tungsten,M3,1.8579,True,49.92,388.29,2024-03-02T18:41:00
4283,LOT005,LOT005-W02,9,4,tungsten,M2,1.3924,True,49.92,388.29,2024-03-02T18:41:30
4284,LOT005,LOT005-W02,9,5,copper,M1,0.805,True,49.92,388.29,2024-03-02T18:42:00
4285,LOT005,LOT005-W02,9,6,copper,M3,1.4734,True,49.92,388.29,2024-03-02T18:42:30
4286,LOT005,LOT005-W02,9,7,copper,M2,1.0806,True,49.92,388.29,2024-03-02T18:43:00
4287,LOT005,LOT005-W02,9,8,tungsten,M1,0.9797,True,49.92,388.29,2024-03-02T18:43:30
4288,LOT005,LOT005-W02,9,9,copper,M4,1.6822,True,49.92,388.29,2024-03-02T18:44:00
4289,LOT005,LOT005-W02,9,10,tungsten,M1,1.0643,False,49.92,388.29,2024-03-02T18:44:30
4290,LOT005,LOT005-W02,10,1,copper,M4,1.8264,True,49.92,388.29,2024-03-02T18:45:00
4291,LOT005,LOT005-W02,10,2,copper,M1,0.8683,True,49.92,388.29,2024-03-02T18:45:30
4292,LOT005,LOT005-W02,10,3,copper,M3,1.3952,True,49.92,388.29,2024-03-02T18:46:00
4293,LOT005,LOT005-W02,10,4,tungsten,M4,2.0726,True,49.92,388.29,2024-03-02T18:46:30
4294,LOT005,LOT005-W02,10,5,copper,M1,0.8502,True,49.92,388.29,2024-03-02T18:47:00
4295,LOT005,LOT005-W02,10,6,copper,M2,1.1453,True,49.92,388.29,2024-03-02T18:47:30
4296,LOT005,LOT005-W02,10,7,tungsten,M2,1.4459,True,49.92,388.29,2024-03-02T18:48:00
4297,LOT005,LOT005-W02,10,8,tungsten,M1,0.9747,False,49.92,388.29,2024-03-02T18:48:30
4298,LOT005,LOT005-W02,10,9,tungsten,M3,1.7248,False,49.92,388.29,2024-03-02T18:49:00
4299,LOT005,LOT005-W02,10,10,copper,M2,1.106,True,49.92,388.29,2024-03-02T18:49:30
4300,LOT005,LOT005-W02,11,1,copper,M3,1.3715,True,49.92,388.29,2024-03-02T18:50:00
4301,LOT005,LOT005-W02,11,2,copper,M3,1.4632,False,49.92,388.29,2024-03-02T18:50:30
4302,LOT005,LOT005-W02,11,3,copper,M1,0.8256,True,49.92,388.29,2024-03-02T18:51:00
4303,LOT005,LOT005-W02,11,4,tungsten,M3,1.8821,True,49.92,388.29,2024-03-02T18:51:30
4304,LOT005,LOT005-W02,11,5,tungsten,M4,2.2251,True,49.92,388.29,2024-03-02T18:52:00
4305,LOT005,LOT005-W02,11,6,tungsten,M3,1.795,True,49.92,388.29,2024-03-02T18:52:30
4306,LOT005,LOT005-W02,11,7,tungsten,M1,0.9615,True,49.92,388.29,2024-03-02T18:53:00
4307,LOT005,LOT005-W02,11,8,copper,M4,1.7071,True,49.92,388.29,2024-03-02T18:53:30
4308,LOT005,LOT005-W02,11,9,tungsten,M2,1.3269,True,49.92,388.29,2024-03-02T18:54:00
4309,LOT005,LOT005-W02,11,10,tungsten,M3,1.8836,True,49.92,388.29,2024-03-02T18:54:30
4310,LOT005,LOT005-W02,12,1,tungsten,M3,1.7299,True,49.92,388.29,2024-03-02T18:55:00
4311,LOT005,LOT005-W02,12,2,tungsten,M3,1.8504,True,49.92,388.29,2024-03-02T18:55:30
4312,LOT005,LOT005-W02,12,3,tungsten,M3,1.7029,True,49.92,388.29,2024-03-02T18:56:00
4313,LOT005,LOT005-W02,12,4,copper,M3,1.4482,True,49.92,388.29,2024-03-02T18:56:30
4314,LOT005,LOT005-W02,12,5,copper,M1,0.7473,True,49.92,388.29,2024-03-02T18:57:00
4315,LOT005,LOT005-W02,12,6,copper,M3,1.3116,True,49.92,388.29,2024-03-02T18:57:30
4316,LOT005,LOT005-W02,12,7,copper,M1,0.727,True,49.92,388.29,2024-03-02T18:58:00
4317,LOT005,LOT005-W02,12,8,tungsten,M1,0.9126,True,49.92,388.29,2024-03-02T18:58:30
4318,LOT005,LOT005-W02,12,9,tungsten,M2,1.4088,True,49.92,388.29,2024-03-02T18:59:00
4319,LOT005,LOT005-W02,12,10,copper,M4,1.7831,True,49.92,388.29,2024-03-02T18:59:30
4320,LOT005,LOT005-W02,13,1,tungsten,M4,2.2308,True,49.92,388.29,2024-03-02T19:00:00
4321,LOT005,LOT005-W02,13,2,copper,M1,0.6759,True,49.92,388.29,2024-03-02T19:00:30
4322,LOT005,LOT005-W02,13,3,copper,M2,1.166,True,49.92,388.29,2024-03-02T19:01:00
4323,LOT005,LOT005-W02,13,4,tungsten,M4,2.3022,True,49.92,388.29,2024-03-02T19:01:30
4324,LOT005,LOT005-W02,13,5,copper,M1,0.8873,True,49.92,388.29,2024-03-02T19:02:00
4325,LOT005,LOT005-W02,13,6,copper,M2,1.0768,True,49.92,388.29,2024-03-02T19:02:30
4326,LOT005,LOT005-W02,13,7,tungsten,M2,1.4559,True,49.92,388.29,2024-03-02T19:03:00
4327,LOT005,LOT005-W02,13,8,copper,M4,1.705,True,49.92,388.29,2024-03-02T19:03:30
4328,LOT005,LOT005-W02,13,9,tungsten,M2,1.373,True,49.92,388.29,2024-03-02T19:04:00
4329,LOT005,LOT005-W02,13,10,tungsten,M1,1.0702,True,49.92,388.29,2024-03-02T19:04:30
4330,LOT005,LOT005-W02,14,1,copper,M1,0.7683,True,49.92,388.29,2024-03-02T19:05:00
4331,LOT005,LOT005-W02,14,2,tungsten,M2,1.4417,True,49.92,388.29,2024-03-02T19:05:30
4332,LOT005,LOT005-W02,14,3,tungsten,M1,1.0192,True,49.92,388.29,2024-03-02T19:06:00
4333,LOT005,LOT005-W02,14,4,copper,M2,1.0801,True,49.92,388.29,2024-03-02T19:06:30
4334,LOT005,LOT005-W02,14,5,tungsten,M1,1.0683,False,49.92,388.29,2024-03-02T19:07:00
4335,LOT005,LOT005-W02,14,6,tungsten,M4,2.137,True,49.92,388.29,2024-03-02T19:07:30
4336,LOT005,LOT005-W02,14,7,tungsten,M4,2.1916,False,49.92,388.29,2024-03-02T19:08:00
4337,LOT005,LOT005-W02,14,8,tungsten,M1,0.9783,True,49.92,388.29,2024-03-02T19:08:30
4338,LOT005,LOT005-W02,14,9,tungsten,M3,1.6797,True,49.92,388.29,2024-03-02T19:09:00
4339,LOT005,LOT005-W02,14,10,tungsten,M2,1.4586,True,49.92,388.29,2024-03-02T19:09:30
4340,LOT005,LOT005-W02,15,1,copper,M4,1.8747,True,49.92,388.29,2024-03-02T19:10:00
4341,LOT005,LOT005-W02,15,2,tungsten,M1,0.9038,True,49.92,388.29,2024-03-02T19:10:30
4342,LOT005,LOT005-W02,15,3,tungsten,M3,1.8442,False,49.92,388.29,2024-03-02T19:11:00
4343,LOT005,LOT005-W02,15,4,copper,M3,1.4058,True,49.92,388.29,2024-03-02T19:11:30
4344,LOT005,LOT005-W02,15,5,copper,M1,0.7846,True,49.92,388.29,2024-03-02T19:12:00
4345,LOT005,LOT005-W02,15,6,tungsten,M4,2.1278,True,49.92,388.29,2024-03-02T19:12:30
4346,LOT005,LOT005-W02,15,7,tungsten,M2,1.4053,True,49.92,388.29,2024-03-02T19:13:00
4347,LOT005,LOT005-W02,15,8,copper,M2,1.096,True,49.92,388.29,2024-03-02T19:13:30
4348,LOT005,LOT005-W02,15,9,copper,M1,0.7594,True,49.92,388.29,2024-03-02T19:14:00
4349,LOT005,LOT005-W02,15,10,tungsten,M1,1.0297,False,49.92,388.29,2024-03-02T19:14:30
4350,LOT005,LOT005-W02,16,1,tungsten,M4,2.1853,True,49.92,388.29,2024-03-02T19:15:00
4351,LOT005,LOT005-W02,16,2,copper,M3,1.443,True,49.92,388.29,2024-03-02T19:15:30
4352,LOT005,LOT005-W02,16,3,tungsten,M3,1.782,False,49.92,388.29,2024-03-02T19:16:00
4353,LOT005,LOT005-W02,16,4,tungsten,M4,1.9355,True,49.92,388.29,2024-03-02T19:16:30
4354,LOT005,LOT005-W02,16,5,tungsten,M2,1.4634,True,49.92,388.29,2024-03-02T19:17:00
4355,LOT005,LOT005-W02,16,6,copper,M2,1.0624,True,49.92,388.29,2024-03-02T19:17:30
4356,LOT005,LOT005-W02,16,7,copper,M1,0.8516,True,49.92,388.29,2024-03-02T19:18:00
4357,LOT005,LOT005-W02,16,8,copper,M4,1.791,True,49.92,388.29,2024-03-02T19:18:30
4358,LOT005,LOT005-W02,16,9,tungsten,M4,2.2347,True,49.92,388.29,2024-03-02T19:19:00
4359,LOT005,LOT005-W02,16,10,copper,M1,0.7381,True,49.92,388.29,2024-03-02T19:19:30
4360,LOT005,LOT005-W02,17,1,tungsten,M3,1.9214,True,49.92,388.29,2024-03-02T19:20:00
4361,LOT005,LOT005-W02,17,2,tungsten,M3,2.0374,False,49.92,388.29,2024-03-02T19:20:30
4362,LOT005,LOT005-W02,17,3,tungsten,M1,1.0573,True,49.92,388.29,2024-03-02T19:21:00
4363,LOT005,LOT005-W02,17,4,tungsten,M2,1.3931,True,49.92,388.29,2024-03-02T19:21:30
4364,LOT005,LOT005-W02,17,5,copper,M4,1.6413,True,49.92,388.29,2024-03-02T19:22:00
4365,LOT005,LOT005-W02,17,6,copper,M3,1.3414,False,49.92,388.29,2024-03-02T19:22:30
4366,LOT005,LOT005-W02,17,7,tungsten,M4,1.8925,True,49.92,388.29,2024-03-02T19:23:00
4367,LOT005,LOT005-W02,17,8,copper,M4,1.8726,True,49.92,388.29,2024-03-02T19:23:30
4368,LOT005,LOT005-W02,17,9,copper,M4,1.8111,True,49.92,388.29,2024-03-02T19:24:00
4369,LOT005,LOT005-W02,17,10,copper,M2,1.1984,True,49.92,388.29,2024-03-02T19:24:30
4370,LOT005,LOT005-W02,18,1,copper,M1,0.8145,True,49.92,388.29,2024-03-02T19:25:00
4371,LOT005,LOT005-W02,18,2,copper,M3,1.4162,False,49.92,388.29,2024-03-02T19:25:30
4372,LOT005,LOT005-W02,18,3,copper,M1,0.8191,True,49.92,388.29,2024-03-02T19:26:00
4373,LOT005,LOT005-W02,18,4,tungsten,M3,1.7575,True,49.92,388.29,2024-03-02T19:26:30
4374,LOT005,LOT005-W02,18,5,copper,M2,1.152,True,49.92,388.29,2024-03-02T19:27:00
4375,LOT005,LOT005-W02,18,6,tungsten,M3,1.7425,True,49.92,388.29,2024-03-02T19:27:30
4376,LOT005,LOT005-W02,18,7,copper,M3,1.4091,True,49.92,388.29,2024-03-02T19:28:00
4377,LOT005,LOT005-W02,18,8,tungsten,M4,2.0787,True,49.92,388.29,2024-03-02T19:28:30
4378,LOT005,LOT005-W02,18,9,copper,M4,1.5933,True,49.92,388.29,2024-03-02T19:29:00
4379,LOT005,LOT005-W02,18,10,tungsten,M3,1.953,True,49.92,388.29,2024-03-02T19:29:30
4380,LOT005,LOT005-W02,19,1,tungsten,M3,1.7833,True,49.92,388.29,2024-03-02T19:30:00
4381,LOT005,LOT005-W02,19,2,copper,M3,1.2653,True,49.92,388.29,2024-03-02T19:30:30
4382,LOT005,LOT005-W02,19,3,copper,M1,0.7788,True,49.92,388.29,2024-03-02T19:31:00
4383,LOT005,LOT005-W02,19,4,copper,M2,1.0863,True,49.92,388.29,2024-03-02T19:31:30
4384,LOT005,LOT005-W02,19,5,copper,M4,1.6008,True,49.92,388.29,2024-03-02T19:32:00
4385,LOT005,LOT005-W02,19,6,copper,M4,1.5953,True,49.92,388.29,2024-03-02T19:32:30
4386,LOT005,LOT005-W02,19,7,tungsten,M3,1.8787,True,49.92,388.29,2024-03-02T19:33:00
4387,LOT005,LOT005-W02,19,8,tungsten,M1,0.976,True,49.92,388.29,2024-03-02T19:33:30
4388,LOT005,LOT005-W02,19,9,copper,M2,1.0457,True,49.92,388.29,2024-03-02T19:34:00
4389,LOT005,LOT005-W02,19,10,copper,M4,1.6375,False,49.92,388.29,2024-03-02T19:34:30
4390,LOT005,LOT005-W02,20,1,tungsten,M4,2.0834,True,49.92,388.29,2024-03-02T19:35:00
4391,LOT005,LOT005-W02,20,2,tungsten,M4,2.0625,True,49.92,388.29,2024-03-02T19:35:30
4392,LOT005,LOT005-W02,20,3,copper,M4,1.643,True,49.92,388.29,2024-03-02T19:36:00
4393,LOT005,LOT005-W02,20,4,tungsten,M1,1.0356,True,49.92,388.29,2024-03-02T19:36:30
4394,LOT005,LOT005-W02,20,5,copper,M3,1.2889,True,49.92,388.29,2024-03-02T19:37:00
4395,LOT005,LOT005-W02,20,6,tungsten,M2,1.5565,True,49.92,388.29,2024-03-02T19:37:30
4396,LOT005,LOT005-W02,20,7,copper,M3,1.4904,True,49.92,388.29,2024-03-02T19:38:00
4397,LOT005,LOT005-W02,20,8,tungsten,M1,0.9968,True,49.92,388.29,2024-03-02T19:38:30
4398,LOT005,LOT005-W02,20,9,tungsten,M1,0.9519,True,49.92,388.29,2024-03-02T19:39:00
4399,LOT005,LOT005-W02,20,10,tungsten,M1,0.9648,True,49.92,388.29,2024-03-02T19:39:30
4400,LOT005,LOT005-W03,1,1,tungsten,M4,2.226,True,49.77,396.42,2024-03-02T19:40:00
4401,LOT005,LOT005-W03,1,2,tungsten,M1,1.0868,True,49.77,396.42,2024-03-02T19:40:30
4402,LOT005,LOT005-W03,1,3,copper,M2,1.2077,True,49.77,396.42,2024-03-02T19:41:00
4403,LOT005,LOT005-W03,1,4,copper,M4,1.5947,True,49.77,396.42,2024-03-02T19:41:30
4404,LOT005,LOT005-W03,1,5,copper,M4,1.7378,True,49.77,396.42,2024-03-02T19:42:00
4405,LOT005,LOT005-W03,1,6,tungsten,M1,0.9836,False,49.77,396.42,2024-03-02T19:42:30
4406,LOT005,LOT005-W03,1,7,tungsten,M2,1.3996,True,49.77,396.42,2024-03-02T19:43:00
4407,LOT005,LOT005-W03,1,8,copper,M1,0.7602,True,49.77,396.42,2024-03-02T19:43:30
4408,LOT005,LOT005-W03,1,9,copper,M1,0.7638,True,49.77,396.42,2024-03-02T19:44:00
4409,LOT005,LOT005-W03,1,10,tungsten,M1,0.9641,False,49.77,396.42,2024-03-02T19:44:30
4410,LOT005,LOT005-W03,2,1,copper,M3,1.3374,False,49.77,396.42,2024-03-02T19:45:00
4411,LOT005,LOT005-W03,2,2,copper,M3,1.4836,True,49.77,396.42,2024-03-02T19:45:30
4412,LOT005,LOT005-W03,2,3,tungsten,M4,2.1472,True,49.77,396.42,2024-03-02T19:46:00
4413,LOT005,LOT005-W03,2,4,copper,M4,1.7043,True,49.77,396.42,2024-03-02T19:46:30
4414,LOT005,LOT005-W03,2,5,copper,M1,0.8336,True,49.77,396.42,2024-03-02T19:47:00
4415,LOT005,LOT005-W03,2,6,tungsten,M2,1.4641,True,49.77,396.42,2024-03-02T19:47:30
4416,LOT005,LOT005-W03,2,7,copper,M1,0.775,True,49.77,396.42,2024-03-02T19:48:00
4417,LOT005,LOT005-W03,2,8,tungsten,M2,1.5351,True,49.77,396.42,2024-03-02T19:48:30
4418,LOT005,LOT005-W03,2,9,tungsten,M3,1.8385,True,49.77,396.42,2024-03-02T19:49:00
4419,LOT005,LOT005-W03,2,10,tungsten,M4,1.8747,False,49.77,396.42,2024-03-02T19:49:30
4420,LOT005,LOT005-W03,3,1,tungsten,M2,1.2566,True,49.77,396.42,2024-03-02T19:50:00
4421,LOT005,LOT005-W03,3,2,tungsten,M4,2.1682,True,49.77,396.42,2024-03-02T19:50:30
4422,LOT005,LOT005-W03,3,3,tungsten,M3,1.7769,True,49.77,396.42,2024-03-02T19:51:00
4423,LOT005,LOT005-W03,3,4,tungsten,M2,1.2864,True,49.77,396.42,2024-03-02T19:51:30
4424,LOT005,LOT005-W03,3,5,tungsten,M2,1.4421,True,49.77,396.42,2024-03-02T19:52:00
4425,LOT005,LOT005-W03,3,6,copper,M1,0.8258,True,49.77,396.42,2024-03-02T19:52:30
4426,LOT005,LOT005-W03,3,7,copper,M4,1.6767,True,49.77,396.42,2024-03-02T19:53:00
4427,LOT005,LOT005-W03,3,8,tungsten,M2,1.3994,True,49.77,396.42,2024-03-02T19:53:30
4428,LOT005,LOT005-W03,3,9,copper,M3,1.3968,True,49.77,396.42,2024-03-02T19:54:00
4429,LOT005,LOT005-W03,3,10,tungsten,M3,1.7419,True,49.77,396.42,2024-03-02T19:54:30
4430,LOT005,LOT005-W03,4,1,tungsten,M4,2.0759,True,49.77,396.42,2024-03-02T19:55:00
4431,LOT005,LOT005-W03,4,2,copper,M4,1.7262,True,49.77,396.42,2024-03-02T19:55:30
4432,LOT005,LOT005-W03,4,3,copper,M4,1.9117,False,49.77,396.42,2024-03-02T19:56:00
4433,LOT005,LOT005-W03,4,4,copper,M4,1.8699,True,49.77,396.42,2024-03-02T19:56:30
4434,LOT005,LOT005-W03,4,5,tungsten,M1,0.9858,True,49.77,396.42,2024-03-02T19:57:00
4435,LOT005,LOT005-W03,4,6,tungsten,M1,0.9496,True,49.77,396.42,2024-03-02T19:57:30
4436,LOT005,LOT005-W03,4,7,tungsten,M4,2.1186,True,49.77,396.42,2024-03-02T19:58:00
4437,LOT005,LOT005-W03,4,8,tungsten,M4,2.0622,True,49.77,396.42,2024-03-02T19:58:30
4438,LOT005,LOT005-W03,4,9,tungsten,M4,2.0119,False,49.77,396.42,2024-03-02T19:59:00
4439,LOT005,LOT005-W03,4,10,copper,M4,1.7345,True,49.77,396.42,2024-03-02T19:59:30
4440,LOT005,LOT005-W03,5,1,copper,M1,0.7685,True,49.77,396.42,2024-03-02T20:00:00
4441,LOT005,LOT005-W03,5,2,tungsten,M3,1.8377,True,49.77,396.42,2024-03-02T20:00:30
4442,LOT005,LOT005-W03,5,3,copper,M4,1.6485,True,49.77,396.42,2024-03-02T20:01:00
4443,LOT005,LOT005-W03,5,4,tungsten,M3,1.8892,True,49.77,396.42,2024-03-02T20:01:30
4444,LOT005,LOT005-W03,5,5,copper,M4,1.9399,True,49.77,396.42,2024-03-02T20:02:00
4445,LOT005,LOT005-W03,5,6,copper,M4,1.7283,True,49.77,396.42,2024-03-02T20:02:30
4446,LOT005,LOT005-W03,5,7,copper,M3,1.3643,True,49.77,396.42,2024-03-02T20:03:00
4447,LOT005,LOT005-W03,5,8,copper,M1,0.9071,True,49.77,396.42,2024-03-02T20:03:30
4448,LOT005,LOT005-W03,5,9,tungsten,M4,2.1223,True,49.77,396.42,2024-03-02T20:04:00
4449,LOT005,LOT005-W03,5,10,tungsten,M1,1.0185,True,49.77,396.42,2024-03-02T20:04:30
4450,LOT005,LOT005-W03,6,1,copper,M3,1.3872,True,49.77,396.42,2024-03-02T20:05:00
4451,LOT005,LOT005-W03,6,2,tungsten,M2,1.4594,True,49.77,396.42,2024-03-02T20:05:30
4452,LOT005,LOT005-W03,6,3,copper,M3,1.3497,True,49.77,396.42,2024-03-02T20:06:00
4453,LOT005,LOT005-W03,6,4,tungsten,M1,1.0797,True,49.77,396.42,2024-03-02T20:06:30
4454,LOT005,LOT005-W03,6,5,copper,M4,1.7659,True,49.77,396.42,2024-03-02T20:07:00
4455,LOT005,LOT005-W03,6,6,copper,M4,1.7647,True,49.77,396.42,2024-03-02T20:07:30
4456,LOT005,LOT005-W03,6,7,tungsten,M3,1.79,True,49.77,396.42,2024-03-02T20:08:00
4457,LOT005,LOT005-W03,6,8,tungsten,M1,0.9685,True,49.77,396.42,2024-03-02T20:08:30
4458,LOT005,LOT005-W03,6,9,tungsten,M4,2.3645,True,49.77,396.42,2024-03-02T20:09:00
4459,LOT005,LOT005-W03,6,10,tungsten,M1,1.026,True,49.77,396.42,2024-03-02T20:09:30
4460,LOT005,LOT005-W03,7,1,tungsten,M3,1.7686,True,49.77,396.42,2024-03-02T20:10:00
4461,LOT005,LOT005-W03,7,2,copper,M3,1.2936,True,49.77,396.42,2024-03-02T20:10:30
4462,LOT005,LOT005-W03,7,3,copper,M2,1.1172,True,49.77,396.42,2024-03-02T20:11:00
4463,LOT005,LOT005-W03,7,4,tungsten,M4,2.1919,True,49.77,396.42,2024-03-02T20:11:30
4464,LOT005,LOT005-W03,7,5,tungsten,M1,1.0247,True,49.77,396.42,2024-03-02T20:12:00
4465,LOT005,LOT005-W03,7,6,copper,M1,0.7208,True,49.77,396.42,2024-03-02T20:12:30
4466,LOT005,LOT005-W03,7,7,copper,M4,1.8857,False,49.77,396.42,2024-03-02T20:13:00
4467,LOT005,LOT005-W03,7,8,tungsten,M2,1.4256,True,49.77,396.42,2024-03-02T20:13:30
4468,LOT005,LOT005-W03,7,9,tungsten,M4,2.1195,True,49.77,396.42,2024-03-02T20:14:00
4469,LOT005,LOT005-W03,7,10,tungsten,M4,2.1297,True,49.77,396.42,2024-03-02T20:14:30
4470,LOT005,LOT005-W03,8,1,tungsten,M3,1.7657,False,49.77,396.42,2024-03-02T20:15:00
4471,LOT005,LOT005-W03,8,2,tungsten,M3,1.8881,True,49.77,396.42,2024-03-02T20:15:30
4472,LOT005,LOT005-W03,8,3,tungsten,M4,2.1385,True,49.77,396.42,2024-03-02T20:16:00
4473,LOT005,LOT005-W03,8,4,copper,M4,1.6649,True,49.77,396.42,2024-03-02T20:16:30
4474,LOT005,LOT005-W03,8,5,tungsten,M4,1.9972,True,49.77,396.42,2024-03-02T20:17:00
4475,LOT005,LOT005-W03,8,6,copper,M3,1.4569,True,49.77,396.42,2024-03-02T20:17:30
4476,LOT005,LOT005-W03,8,7,tungsten,M1,0.9975,True,49.77,396.42,2024-03-02T20:18:00
4477,LOT005,LOT005-W03,8,8,copper,M4,1.618,True,49.77,396.42,2024-03-02T20:18:30
4478,LOT005,LOT005-W03,8,9,tungsten,M3,1.8577,True,49.77,396.42,2024-03-02T20:19:00
4479,LOT005,LOT005-W03,8,10,copper,M3,1.2839,True,49.77,396.42,2024-03-02T20:19:30
4480,LOT005,LOT005-W03,9,1,tungsten,M2,1.358,True,49.77,396.42,2024-03-02T20:20:00
4481,LOT005,LOT005-W03,9,2,tungsten,M3,1.8658,True,49.77,396.42,2024-03-02T20:20:30
4482,LOT005,LOT005-W03,9,3,tungsten,M4,1.9878,True,49.77,396.42,2024-03-02T20:21:00
4483,LOT005,LOT005-W03,9,4,copper,M4,1.69,True,49.77,396.42,2024-03-02T20:21:30
4484,LOT005,LOT005-W03,9,5,tungsten,M1,1.0371,True,49.77,396.42,2024-03-02T20:22:00
4485,LOT005,LOT005-W03,9,6,copper,M2,1.1438,False,49.77,396.42,2024-03-02T20:22:30
4486,LOT005,LOT005-W03,9,7,tungsten,M3,1.8129,True,49.77,396.42,2024-03-02T20:23:00
4487,LOT005,LOT005-W03,9,8,copper,M2,1.1214,True,49.77,396.42,2024-03-02T20:23:30
4488,LOT005,LOT005-W03,9,9,tungsten,M4,2.1568,True,49.77,396.42,2024-03-02T20:24:00
4489,LOT005,LOT005-W03,9,10,tungsten,M1,1.0736,True,49.77,396.42,2024-03-02T20:24:30
4490,LOT005,LOT005-W03,10,1,tungsten,M2,1.3744,True,49.77,396.42,2024-03-02T20:25:00
4491,LOT005,LOT005-W03,10,2,copper,M1,0.8113,True,49.77,396.42,2024-03-02T20:25:30
4492,LOT005,LOT005-W03,10,3,copper,M3,1.3412,True,49.77,396.42,2024-03-02T20:26:00
4493,LOT005,LOT005-W03,10,4,tungsten,M2,1.4784,True,49.77,396.42,2024-03-02T20:26:30
4494,LOT005,LOT005-W03,10,5,copper,M3,1.4861,True,49.77,396.42,2024-03-02T20:27:00
4495,LOT005,LOT005-W03,10,6,copper,M1,0.8405,True,49.77,396.42,2024-03-02T20:27:30
4496,LOT005,LOT005-W03,10,7,copper,M4,1.6777,True,49.77,396.42,2024-03-02T20:28:00
4497,LOT005,LOT005-W03,10,8,tungsten,M2,1.369,True,49.77,396.42,2024-03-02T20:28:30
4498,LOT005,LOT005-W03,10,9,tungsten,M3,1.6612,True,49.77,396.42,2024-03-02T20:29:00
4499,LOT005,LOT005-W03,10,10,copper,M3,1.4072,True,49.77,396.42,2024-03-02T20:29:30
4500,LOT005,LOT005-W03,11,1,tungsten,M1,1.0133,False,49.77,396.42,2024-03-02T20:30:00
4501,LOT005,LOT005-W03,11,2,tungsten,M3,1.8387,True,49.77,396.42,2024-03-02T20:30:30
4502,LOT005,LOT005-W03,11,3,copper,M4,1.5755,True,49.77,396.42,2024-03-02T20:31:00
4503,LOT005,LOT005-W03,11,4,copper,M4,1.6142,True,49.77,396.42,2024-03-02T20:31:30
4504,LOT005,LOT005-W03,11,5,tungsten,M3,1.7353,True,49.77,396.42,2024-03-02T20:32:00
4505,LOT005,LOT005-W03,11,6,copper,M4,1.589,False,49.77,396.42,2024-03-02T20:32:30
4506,LOT005,LOT005-W03,11,7,copper,M2,1.1262,True,49.77,396.42,2024-03-02T20:33:00
4507,LOT005,LOT005-W03,11,8,copper,M1,0.7636,True,49.77,396.42,2024-03-02T20:33:30
4508,LOT005,LOT005-W03,11,9,tungsten,M1,1.0004,True,49.77,396.42,2024-03-02T20:34:00
4509,LOT005,LOT005-W03,11,10,tungsten,M2,1.4135,True,49.77,396.42,2024-03-02T20:34:30
4510,LOT005,LOT005-W03,12,1,tungsten,M3,1.7769,True,49.77,396.42,2024-03-02T20:35:00
4511,LOT005,LOT005-W03,12,2,tungsten,M3,1.8657,False,49.77,396.42,2024-03-02T20:35:30
4512,LOT005,LOT005-W03,12,3,copper,M2,1.2633,True,49.77,396.42,2024-03-02T20:36:00
4513,LOT005,LOT005-W03,12,4,copper,M4,1.7417,True,49.77,396.42,2024-03-02T20:36:30
4514,LOT005,LOT005-W03,12,5,copper,M4,1.901,True,49.77,396.42,2024-03-02T20:37:00
4515,LOT005,LOT005-W03,12,6,tungsten,M3,1.7817,True,49.77,396.42,2024-03-02T20:37:30
4516,LOT005,LOT005-W03,12,7,tungsten,M1,1.0173,True,49.77,396.42,2024-03-02T20:38:00
4517,LOT005,LOT005-W03,12,8,copper,M3,1.4451,True,49.77,396.42,2024-03-02T20:38:30
4518,LOT005,LOT005-W03,12,9,tungsten,M1,1.0536,True,49.77,396.42,2024-03-02T20:39:00
4519,LOT005,LOT005-W03,12,10,copper,M4,1.7191,True,49.77,396.42,2024-03-02T20:39:30
4520,LOT005,LOT005-W03,13,1,tungsten,M2,1.2803,True,49.77,396.42,2024-03-02T20:40:00
4521,LOT005,LOT005-W03,13,2,copper,M4,1.7017,True,49.77,396.42,2024-03-02T20:40:30
4522,LOT005,LOT005-W03,13,3,tungsten,M2,1.5238,True,49.77,396.42,2024-03-02T20:41:00
4523,LOT005,LOT005-W03,13,4,copper,M3,1.4432,False,49.77,396.42,2024-03-02T20:41:30
4524,LOT005,LOT005-W03,13,5,tungsten,M1,0.9185,True,49.77,396.42,2024-03-02T20:42:00
4525,LOT005,LOT005-W03,13,6,copper,M4,1.7796,True,49.77,396.42,2024-03-02T20:42:30
4526,LOT005,LOT005-W03,13,7,copper,M2,1.0573,True,49.77,396.42,2024-03-02T20:43:00
4527,LOT005,LOT005-W03,13,8,tungsten,M3,1.7317,True,49.77,396.42,2024-03-02T20:43:30
4528,LOT005,LOT005-W03,13,9,tungsten,M1,0.9755,True,49.77,396.42,2024-03-02T20:44:00
4529,LOT005,LOT005-W03,13,10,copper,M4,1.8667,True,49.77,396.42,2024-03-02T20:44:30
4530,LOT005,LOT005-W03,14,1,tungsten,M4,1.9153,True,49.77,396.42,2024-03-02T20:45:00
4531,LOT005,LOT005-W03,14,2,tungsten,M4,2.0534,False,49.77,396.42,2024-03-02T20:45:30
4532,LOT005,LOT005-W03,14,3,tungsten,M1,0.8523,True,49.77,396.42,2024-03-02T20:46:00
4533,LOT005,LOT005-W03,14,4,tungsten,M3,1.7882,True,49.77,396.42,2024-03-02T20:46:30
4534,LOT005,LOT005-W03,14,5,tungsten,M4,2.204,True,49.77,396.42,2024-03-02T20:47:00
4535,LOT005,LOT005-W03,14,6,tungsten,M3,1.7394,True,49.77,396.42,2024-03-02T20:47:30
4536,LOT005,LOT005-W03,14,7,copper,M2,1.1905,True,49.77,396.42,2024-03-02T20:48:00
4537,LOT005,LOT005-W03,14,8,tungsten,M4,2.3722,True,49.77,396.42,2024-03-02T20:48:30
4538,LOT005,LOT005-W03,14,9,tungsten,M2,1.4036,True,49.77,396.42,2024-03-02T20:49:00
4539,LOT005,LOT005-W03,14,10,copper,M1,0.8602,False,49.77,396.42,2024-03-02T20:49:30
4540,LOT005,LOT005-W03,15,1,tungsten,M3,1.7684,True,49.77,396.42,2024-03-02T20:50:00
4541,LOT005,LOT005-W03,15,2,tungsten,M3,1.6552,True,49.77,396.42,2024-03-02T20:50:30
4542,LOT005,LOT005-W03,15,3,tungsten,M3,1.7634,False,49.77,396.42,2024-03-02T20:51:00
4543,LOT005,LOT005-W03,15,4,tungsten,M2,1.4716,True,49.77,396.42,2024-03-02T20:51:30
4544,LOT005,LOT005-W03,15,5,copper,M3,1.3931,True,49.77,396.42,2024-03-02T20:52:00
4545,LOT005,LOT005-W03,15,6,tungsten,M1,1.0324,True,49.77,396.42,2024-03-02T20:52:30
4546,LOT005,LOT005-W03,15,7,copper,M3,1.4881,True,49.77,396.42,2024-03-02T20:53:00
4547,LOT005,LOT005-W03,15,8,copper,M2,1.1481,True,49.77,396.42,2024-03-02T20:53:30
4548,LOT005,LOT005-W03,15,9,copper,M4,1.7322,True,49.77,396.42,2024-03-02T20:54:00
4549,LOT005,LOT005-W03,15,10,tungsten,M3,1.8396,True,49.77,396.42,2024-03-02T20:54:30
4550,LOT005,LOT005-W03,16,1,copper,M3,1.2925,True,49.77,396.42,2024-03-02T20:55:00
4551,LOT005,LOT005-W03,16,2,copper,M3,1.4841,True,49.77,396.42,2024-03-02T20:55:30
4552,LOT005,LOT005-W03,16,3,copper,M2,1.12,True,49.77,396.42,2024-03-02T20:56:00
4553,LOT005,LOT005-W03,16,4,copper,M1,0.7595,True,49.77,396.42,2024-03-02T20:56:30
4554,LOT005,LOT005-W03,16,5,tungsten,M4,2.0749,True,49.77,396.42,2024-03-02T20:57:00
4555,LOT005,LOT005-W03,16,6,tungsten,M2,1.3403,False,49.77,396.42,2024-03-02T20:57:30
4556,LOT005,LOT005-W03,16,7,copper,M3,1.443,True,49.77,396.42,2024-03-02T20:58:00
4557,LOT005,LOT005-W03,16,8,tungsten,M2,1.4711,True,49.77,396.42,2024-03-02T20:58:30
4558,LOT005,LOT005-W03,16,9,tungsten,M4,2.1241,True,49.77,396.42,2024-03-02T20:59:00
4559,LOT005,LOT005-W03,16,10,tungsten,M4,2.1155,True,49.77,396.42,2024-03-02T20:59:30
4560,LOT005,LOT005-W03,17,1,copper,M3,1.4829,True,49.77,396.42,2024-03-02T21:00:00
4561,LOT005,LOT005-W03,17,2,copper,M2,1.1732,True,49.77,396.42,2024-03-02T21:00:30
4562,LOT005,LOT005-W03,17,3,copper,M1,0.8063,True,49.77,396.42,2024-03-02T21:01:00
4563,LOT005,LOT005-W03,17,4,copper,M4,1.6764,True,49.77,396.42,2024-03-02T21:01:30
4564,LOT005,LOT005-W03,17,5,copper,M3,1.3923,True,49.77,396.42,2024-03-02T21:02:00
4565,LOT005,LOT005-W03,17,6,tungsten,M4,2.0809,True,49.77,396.42,2024-03-02T21:02:30
4566,LOT005,LOT005-W03,17,7,tungsten,M3,1.8555,True,49.77,396.42,2024-03-02T21:03:00
4567,LOT005,LOT005-W03,17,8,copper,M3,1.2772,False,49.77,396.42,2024-03-02T21:03:30
4568,LOT005,LOT005-W03,17,9,tungsten,M1,0.9837,True,49.77,396.42,2024-03-02T21:04:00
4569,LOT005,LOT005-W03,17,10,tungsten,M4,2.328,True,49.77,396.42,2024-03-02T21:04:30
4570,LOT005,LOT005-W03,18,1,tungsten,M4,2.0028,False,49.77,396.42,2024-03-02T21:05:00
4571,LOT005,LOT005-W03,18,2,tungsten,M4,2.0011,True,49.77,396.42,2024-03-02T21:05:30
4572,LOT005,LOT005-W03,18,3,tungsten,M4,2.0371,True,49.77,396.42,2024-03-02T21:06:00
4573,LOT005,LOT005-W03,18,4,copper,M4,1.6064,True,49.77,396.42,2024-03-02T21:06:30
4574,LOT005,LOT005-W03,18,5,tungsten,M2,1.4608,True,49.77,396.42,2024-03-02T21:07:00
4575,LOT005,LOT005-W03,18,6,copper,M3,1.3027,True,49.77,396.42,2024-03-02T21:07:30
4576,LOT005,LOT005-W03,18,7,tungsten,M3,1.7739,True,49.77,396.42,2024-03-02T21:08:00
4577,LOT005,LOT005-W03,18,8,copper,M2,1.0025,True,49.77,396.42,2024-03-02T21:08:30
4578,LOT005,LOT005-W03,18,9,copper,M3,1.4374,True,49.77,396.42,2024-03-02T21:09:00
4579,LOT005,LOT005-W03,18,10,tungsten,M4,2.0218,True,49.77,396.42,2024-03-02T21:09:30
4580,LOT005,LOT005-W03,19,1,tungsten,M3,1.764,True,49.77,396.42,2024-03-02T21:10:00
4581,LOT005,LOT005-W03,19,2,copper,M2,1.058,True,49.77,396.42,2024-03-02T21:10:30
4582,LOT005,LOT005-W03,19,3,tungsten,M4,1.9993,True,49.77,396.42,2024-03-02T21:11:00
4583,LOT005,LOT005-W03,19,4,tungsten,M4,2.0947,True,49.77,396.42,2024-03-02T21:11:30
4584,LOT005,LOT005-W03,19,5,copper,M1,0.7608,True,49.77,396.42,2024-03-02T21:12:00
4585,LOT005,LOT005-W03,19,6,tungsten,M4,2.0474,True,49.77,396.42,2024-03-02T21:12:30
4586,LOT005,LOT005-W03,19,7,copper,M3,1.3509,True,49.77,396.42,2024-03-02T21:13:00
4587,LOT005,LOT005-W03,19,8,tungsten,M4,2.1132,True,49.77,396.42,2024-03-02T21:13:30
4588,LOT005,LOT005-W03,19,9,copper,M3,1.352,True,49.77,396.42,2024-03-02T21:14:00
4589,LOT005,LOT005-W03,19,10,tungsten,M2,1.3607,True,49.77,396.42,2024-03-02T21:14:30
4590,LOT005,LOT005-W03,20,1,tungsten,M2,1.4562,True,49.77,396.42,2024-03-02T21:15:00
4591,LOT005,LOT005-W03,20,2,copper,M1,0.809,True,49.77,396.42,2024-03-02T21:15:30
4592,LOT005,LOT005-W03,20,3,tungsten,M1,1.0369,True,49.77,396.42,2024-03-02T21:16:00
4593,LOT005,LOT005-W03,20,4,copper,M3,1.4068,True,49.77,396.42,2024-03-02T21:16:30
4594,LOT005,LOT005-W03,20,5,copper,M2,1.0828,True,49.77,396.42,2024-03-02T21:17:00
4595,LOT005,LOT005-W03,20,6,copper,M3,1.3758,True,49.77,396.42,2024-03-02T21:17:30
4596,LOT005,LOT005-W03,20,7,tungsten,M3,1.9303,True,49.77,396.42,2024-03-02T21:18:00
4597,LOT005,LOT005-W03,20,8,tungsten,M2,1.3959,True,49.77,396.42,2024-03-02T21:18:30
4598,LOT005,LOT005-W03,20,9,copper,M3,1.4042,True,49.77,396.42,2024-03-02T21:19:00
4599,LOT005,LOT005-W03,20,10,copper,M3,1.4323,True,49.77,396.42,2024-03-02T21:19:30
4600,LOT005,LOT005-W04,1,1,tungsten,M1,0.9211,True,50.42,396.0,2024-03-02T21:20:00
4601,LOT005,LOT005-W04,1,2,copper,M4,1.8385,True,50.42,396.0,2024-03-02T21:20:30
4602,LOT005,LOT005-W04,1,3,copper,M1,0.7894,True,50.42,396.0,2024-03-02T21:21:00
4603,LOT005,LOT005-W04,1,4,tungsten,M1,0.9812,True,50.42,396.0,2024-03-02T21:21:30
4604,LOT005,LOT005-W04,1,5,tungsten,M2,1.3474,True,50.42,396.0,2024-03-02T21:22:00
4605,LOT005,LOT005-W04,1,6,tungsten,M1,0.9249,True,50.42,396.0,2024-03-02T21:22:30
4606,LOT005,LOT005-W04,1,7,tungsten,M4,2.1375,True,50.42,396.0,2024-03-02T21:23:00
4607,LOT005,LOT005-W04,1,8,tungsten,M1,1.0634,True,50.42,396.0,2024-03-02T21:23:30
4608,LOT005,LOT005-W04,1,9,tungsten,M4,2.1092,True,50.42,396.0,2024-03-02T21:24:00
4609,LOT005,LOT005-W04,1,10,copper,M2,1.2155,True,50.42,396.0,2024-03-02T21:24:30
4610,LOT005,LOT005-W04,2,1,tungsten,M2,1.4398,True,50.42,396.0,2024-03-02T21:25:00
4611,LOT005,LOT005-W04,2,2,tungsten,M1,1.0369,True,50.42,396.0,2024-03-02T21:25:30
4612,LOT005,LOT005-W04,2,3,copper,M2,1.1806,True,50.42,396.0,2024-03-02T21:26:00
4613,LOT005,LOT005-W04,2,4,tungsten,M3,1.7992,False,50.42,396.0,2024-03-02T21:26:30
4614,LOT005,LOT005-W04,2,5,copper,M3,1.3973,True,50.42,396.0,2024-03-02T21:27:00
4615,LOT005,LOT005-W04,2,6,tungsten,M3,1.8719,False,50.42,396.0,2024-03-02T21:27:30
4616,LOT005,LOT005-W04,2,7,copper,M4,1.6085,True,50.42,396.0,2024-03-02T21:28:00
4617,LOT005,LOT005-W04,2,8,tungsten,M3,1.7943,True,50.42,396.0,2024-03-02T21:28:30
4618,LOT005,LOT005-W04,2,9,copper,M2,1.1238,True,50.42,396.0,2024-03-02T21:29:00
4619,LOT005,LOT005-W04,2,10,copper,M2,1.047,False,50.42,396.0,2024-03-02T21:29:30
4620,LOT005,LOT005-W04,3,1,tungsten,M1,0.9835,True,50.42,396.0,2024-03-02T21:30:00
4621,LOT005,LOT005-W04,3,2,tungsten,M1,1.0523,True,50.42,396.0,2024-03-02T21:30:30
4622,LOT005,LOT005-W04,3,3,copper,M3,1.3772,True,50.42,396.0,2024-03-02T21:31:00
4623,LOT005,LOT005-W04,3,4,copper,M3,1.2837,True,50.42,396.0,2024-03-02T21:31:30
4624,LOT005,LOT005-W04,3,5,copper,M4,1.707,True,50.42,396.0,2024-03-02T21:32:00
4625,LOT005,LOT005-W04,3,6,tungsten,M4,2.0229,True,50.42,396.0,2024-03-02T21:32:30
4626,LOT005,LOT005-W04,3,7,tungsten,M1,1.1256,True,50.42,396.0,2024-03-02T21:33:00
4627,LOT005,LOT005-W04,3,8,tungsten,M2,1.4956,True,50.42,396.0,2024-03-02T21:33:30
4628,LOT005,LOT005-W04,3,9,copper,M4,1.6811,True,50.42,396.0,2024-03-02T21:34:00
4629,LOT005,LOT005-W04,3,10,copper,M3,1.3843,True,50.42,396.0,2024-03-02T21:34:30
4630,LOT005,LOT005-W04,4,1,copper,M1,0.842,True,50.42,396.0,2024-03-02T21:35:00
4631,LOT005,LOT005-W04,4,2,copper,M4,1.5433,False,50.42,396.0,2024-03-02T21:35:30
4632,LOT005,LOT005-W04,4,3,tungsten,M2,1.4235,False,50.42,396.0,2024-03-02T21:36:00
4633,LOT005,LOT005-W04,4,4,tungsten,M2,1.4948,True,50.42,396.0,2024-03-02T21:36:30
4634,LOT005,LOT005-W04,4,5,copper,M3,1.3683,True,50.42,396.0,2024-03-02T21:37:00
4635,LOT005,LOT005-W04,4,6,tungsten,M1,1.0898,True,50.42,396.0,2024-03-02T21:37:30
4636,LOT005,LOT005-W04,4,7,copper,M3,1.3448,True,50.42,396.0,2024-03-02T21:38:00
4637,LOT005,LOT005-W04,4,8,copper,M1,0.8218,True,50.42,396.0,2024-03-02T21:38:30
4638,LOT005,LOT005-W04,4,9,tungsten,M2,1.4006,True,50.42,396.0,2024-03-02T21:39:00
4639,LOT005,LOT005-W04,4,10,tungsten,M4,1.9583,True,50.42,396.0,2024-03-02T21:39:30
4640,LOT005,LOT005-W04,5,1,copper,M2,1.1209,True,50.42,396.0,2024-03-02T21:40:00
4641,LOT005,LOT005-W04,5,2,copper,M3,1.2737,True,50.42,396.0,2024-03-02T21:40:30
4642,LOT005,LOT005-W04,5,3,copper,M2,1.1218,True,50.42,396.0,2024-03-02T21:41:00
4643,LOT005,LOT005-W04,5,4,tungsten,M1,1.001,True,50.42,396.0,2024-03-02T21:41:30
4644,LOT005,LOT005-W04,5,5,copper,M1,0.7968,True,50.42,396.0,2024-03-02T21:42:00
4645,LOT005,LOT005-W04,5,6,copper,M4,1.495,True,50.42,396.0,2024-03-02T21:42:30
4646,LOT005,LOT005-W04,5,7,tungsten,M4,2.1152,True,50.42,396.0,2024-03-02T21:43:00
4647,LOT005,LOT005-W04,5,8,copper,M2,0.9902,True,50.42,396.0,2024-03-02T21:43:30
4648,LOT005,LOT005-W04,5,9,tungsten,M4,2.0351,True,50.42,396.0,2024-03-02T21:44:00
4649,LOT005,LOT005-W04,5,10,copper,M1,0.8109,True,50.42,396.0,2024-03-02T21:44:30
4650,LOT005,LOT005-W04,6,1,copper,M3,1.3943,True,50.42,396.0,2024-03-02T21:45:00
4651,LOT005,LOT005-W04,6,2,copper,M4,1.6151,True,50.42,396.0,2024-03-02T21:45:30
4652,LOT005,LOT005-W04,6,3,tungsten,M4,2.168,True,50.42,396.0,2024-03-02T21:46:00
4653,LOT005,LOT005-W04,6,4,copper,M4,1.7783,True,50.42,396.0,2024-03-02T21:46:30
4654,LOT005,LOT005-W04,6,5,copper,M3,1.2472,True,50.42,396.0,2024-03-02T21:47:00
4655,LOT005,LOT005-W04,6,6,tungsten,M3,1.8279,True,50.42,396.0,2024-03-02T21:47:30
4656,LOT005,LOT005-W04,6,7,copper,M3,1.4212,True,50.42,396.0,2024-03-02T21:48:00
4657,LOT005,LOT005-W04,6,8,tungsten,M4,2.0526,False,50.42,396.0,2024-03-02T21:48:30
4658,LOT005,LOT005-W04,6,9,copper,M4,1.7209,False,50.42,396.0,2024-03-02T21:49:00
4659,LOT005,LOT005-W04,6,10,tungsten,M3,1.7992,True,50.42,396.0,2024-03-02T21:49:30
4660,LOT005,LOT005-W04,7,1,tungsten,M2,1.3865,True,50.42,396.0,2024-03-02T21:50:00
4661,LOT005,LOT005-W04,7,2,tungsten,M4,2.1708,True,50.42,396.0,2024-03-02T21:50:30
4662,LOT005,LOT005-W04,7,3,copper,M4,1.6003,True,50.42,396.0,2024-03-02T21:51:00
4663,LOT005,LOT005-W04,7,4,tungsten,M1,0.9504,True,50.42,396.0,2024-03-02T21:51:30
4664,LOT005,LOT005-W04,7,5,tungsten,M1,0.967,True,50.42,396.0,2024-03-02T21:52:00
4665,LOT005,LOT005-W04,7,6,copper,M1,0.7329,True,50.42,396.0,2024-03-02T21:52:30
4666,LOT005,LOT005-W04,7,7,tungsten,M2,1.3399,True,50.42,396.0,2024-03-02T21:53:00
4667,LOT005,LOT005-W04,7,8,tungsten,M4,2.027,True,50.42,396.0,2024-03-02T21:53:30
4668,LOT005,LOT005-W04,7,9,tungsten,M3,1.6615,True,50.42,396.0,2024-03-02T21:54:00
4669,LOT005,LOT005-W04,7,10,tungsten,M1,0.9889,True,50.42,396.0,2024-03-02T21:54:30
4670,LOT005,LOT005-W04,8,1,tungsten,M3,1.7958,False,50.42,396.0,2024-03-02T21:55:00
4671,LOT005,LOT005-W04,8,2,copper,M4,1.6405,False,50.42,396.0,2024-03-02T21:55:30
4672,LOT005,LOT005-W04,8,3,tungsten,M1,0.9101,True,50.42,396.0,2024-03-02T21:56:00
4673,LOT005,LOT005-W04,8,4,copper,M4,1.6966,True,50.42,396.0,2024-03-02T21:56:30
4674,LOT005,LOT005-W04,8,5,tungsten,M3,1.7399,True,50.42,396.0,2024-03-02T21:57:00
4675,LOT005,LOT005-W04,8,6,copper,M3,1.4993,True,50.42,396.0,2024-03-02T21:57:30
4676,LOT005,LOT005-W04,8,7,tungsten,M2,1.4867,True,50.42,396.0,2024-03-02T21:58:00
4677,LOT005,LOT005-W04,8,8,tungsten,M4,2.0559,True,50.42,396.0,2024-03-02T21:58:30
4678,LOT005,LOT005-W04,8,9,tungsten,M3,1.8944,True,50.42,396.0,2024-03-02T21:59:00
4679,LOT005,LOT005-W04,8,10,copper,M4,1.5997,True,50.42,396.0,2024-03-02T21:59:30
4680,LOT005,LOT005-W04,9,1,tungsten,M3,1.7533,True,50.42,396.0,2024-03-02T22:00:00
4681,LOT005,LOT005-W04,9,2,copper,M1,0.8274,True,50.42,396.0,2024-03-02T22:00:30
4682,LOT005,LOT005-W04,9,3,tungsten,M1,0.974,True,50.42,396.0,2024-03-02T22:01:00
4683,LOT005,LOT005-W04,9,4,copper,M2,1.0586,False,50.42,396.0,2024-03-02T22:01:30
4684,LOT005,LOT005-W04,9,5,tungsten,M3,1.754,True,50.42,396.0,2024-03-02T22:02:00
4685,LOT005,LOT005-W04,9,6,tungsten,M3,1.8788,True,50.42,396.0,2024-03-02T22:02:30
4686,LOT005,LOT005-W04,9,7,copper,M2,1.061,True,50.42,396.0,2024-03-02T22:03:00
4687,LOT005,LOT005-W04,9,8,copper,M1,0.7912,True,50.42,396.0,2024-03-02T22:03:30
4688,LOT005,LOT005-W04,9,9,copper,M2,1.0686,True,50.42,396.0,2024-03-02T22:04:00
4689,LOT005,LOT005-W04,9,10,copper,M4,1.6893,True,50.42,396.0,2024-03-02T22:04:30
4690,LOT005,LOT005-W04,10,1,copper,M1,0.7744,True,50.42,396.0,2024-03-02T22:05:00
4691,LOT005,LOT005-W04,10,2,tungsten,M2,1.2428,True,50.42,396.0,2024-03-02T22:05:30
4692,LOT005,LOT005-W04,10,3,tungsten,M3,1.7473,True,50.42,396.0,2024-03-02T22:06:00
4693,LOT005,LOT005-W04,10,4,tungsten,M1,1.0788,True,50.42,396.0,2024-03-02T22:06:30
4694,LOT005,LOT005-W04,10,5,tungsten,M4,2.0527,True,50.42,396.0,2024-03-02T22:07:00
4695,LOT005,LOT005-W04,10,6,tungsten,M4,2.0334,False,50.42,396.0,2024-03-02T22:07:30
4696,LOT005,LOT005-W04,10,7,tungsten,M2,1.4669,False,50.42,396.0,2024-03-02T22:08:00
4697,LOT005,LOT005-W04,10,8,tungsten,M3,1.8559,True,50.42,396.0,2024-03-02T22:08:30
4698,LOT005,LOT005-W04,10,9,copper,M1,0.786,True,50.42,396.0,2024-03-02T22:09:00
4699,LOT005,LOT005-W04,10,10,copper,M2,1.1424,True,50.42,396.0,2024-03-02T22:09:30
4700,LOT005,LOT005-W04,11,1,copper,M1,0.7727,True,50.42,396.0,2024-03-02T22:10:00
4701,LOT005,LOT005-W04,11,2,tungsten,M2,1.5142,True,50.42,396.0,2024-03-02T22:10:30
4702,LOT005,LOT005-W04,11,3,copper,M2,1.1391,True,50.42,396.0,2024-03-02T22:11:00
4703,LOT005,LOT005-W04,11,4,tungsten,M4,2.058,True,50.42,396.0,2024-03-02T22:11:30
4704,LOT005,LOT005-W04,11,5,copper,M4,1.7295,True,50.42,396.0,2024-03-02T22:12:00
4705,LOT005,LOT005-W04,11,6,tungsten,M1,1.0332,True,50.42,396.0,2024-03-02T22:12:30
4706,LOT005,LOT005-W04,11,7,copper,M4,1.6773,True,50.42,396.0,2024-03-02T22:13:00
4707,LOT005,LOT005-W04,11,8,copper,M3,1.4146,True,50.42,396.0,2024-03-02T22:13:30
4708,LOT005,LOT005-W04,11,9,tungsten,M1,0.9853,True,50.42,396.0,2024-03-02T22:14:00
4709,LOT005,LOT005-W04,11,10,copper,M4,1.584,True,50.42,396.0,2024-03-02T22:14:30
4710,LOT005,LOT005-W04,12,1,tungsten,M4,2.04,True,50.42,396.0,2024-03-02T22:15:00
4711,LOT005,LOT005-W04,12,2,copper,M2,1.0589,True,50.42,396.0,2024-03-02T22:15:30
4712,LOT005,LOT005-W04,12,3,tungsten,M2,1.5311,True,50.42,396.0,2024-03-02T22:16:00
4713,LOT005,LOT005-W04,12,4,copper,M3,1.4049,True,50.42,396.0,2024-03-02T22:16:30
4714,LOT005,LOT005-W04,12,5,copper,M1,0.7953,True,50.42,396.0,2024-03-02T22:17:00
4715,LOT005,LOT005-W04,12,6,copper,M4,1.7164,True,50.42,396.0,2024-03-02T22:17:30
4716,LOT005,LOT005-W04,12,7,tungsten,M3,1.6437,False,50.42,396.0,2024-03-02T22:18:00
4717,LOT005,LOT005-W04,12,8,tungsten,M3,1.8849,True,50.42,396.0,2024-03-02T22:18:30
4718,LOT005,LOT005-W04,12,9,copper,M1,0.7991,True,50.42,396.0,2024-03-02T22:19:00
4719,LOT005,LOT005-W04,12,10,copper,M1,0.7873,True,50.42,396.0,2024-03-02T22:19:30
4720,LOT005,LOT005-W04,13,1,copper,M2,1.0525,True,50.42,396.0,2024-03-02T22:20:00
4721,LOT005,LOT005-W04,13,2,copper,M1,0.8312,True,50.42,396.0,2024-03-02T22:20:30
4722,LOT005,LOT005-W04,13,3,tungsten,M1,0.9975,True,50.42,396.0,2024-03-02T22:21:00
4723,LOT005,LOT005-W04,13,4,tungsten,M1,1.0826,True,50.42,396.0,2024-03-02T22:21:30
4724,LOT005,LOT005-W04,13,5,tungsten,M1,0.942,True,50.42,396.0,2024-03-02T22:22:00
4725,LOT005,LOT005-W04,13,6,tungsten,M2,1.4106,True,50.42,396.0,2024-03-02T22:22:30
4726,LOT005,LOT005-W04,13,7,copper,M2,1.1104,True,50.42,396.0,2024-03-02T22:23:00
4727,LOT005,LOT005-W04,13,8,copper,M1,0.7522,True,50.42,396.0,2024-03-02T22:23:30
4728,LOT005,LOT005-W04,13,9,copper,M2,1.1325,True,50.42,396.0,2024-03-02T22:24:00
4729,LOT005,LOT005-W04,13,10,copper,M4,1.7943,True,50.42,396.0,2024-03-02T22:24:30
4730,LOT005,LOT005-W04,14,1,copper,M4,1.8062,True,50.42,396.0,2024-03-02T22:25:00
4731,LOT005,LOT005-W04,14,2,tungsten,M4,2.171,True,50.42,396.0,2024-03-02T22:25:30
4732,LOT005,LOT005-W04,14,3,copper,M1,0.8286,True,50.42,396.0,2024-03-02T22:26:00
4733,LOT005,LOT005-W04,14,4,tungsten,M1,0.9708,True,50.42,396.0,2024-03-02T22:26:30
4734,LOT005,LOT005-W04,14,5,copper,M2,1.1822,True,50.42,396.0,2024-03-02T22:27:00
4735,LOT005,LOT005-W04,14,6,tungsten,M2,1.3732,True,50.42,396.0,2024-03-02T22:27:30
4736,LOT005,LOT005-W04,14,7,tungsten,M2,1.4647,True,50.42,396.0,2024-03-02T22:28:00
4737,LOT005,LOT005-W04,14,8,copper,M2,1.1276,True,50.42,396.0,2024-03-02T22:28:30
4738,LOT005,LOT005-W04,14,9,copper,M2,1.0948,True,50.42,396.0,2024-03-02T22:29:00
4739,LOT005,LOT005-W04,14,10,copper,M1,0.7769,True,50.42,396.0,2024-03-02T22:29:30
4740,LOT005,LOT005-W04,15,1,copper,M4,1.7882,True,50.42,396.0,2024-03-02T22:30:00
4741,LOT005,LOT005-W04,15,2,copper,M4,1.7908,True,50.42,396.0,2024-03-02T22:30:30
4742,LOT005,LOT005-W04,15,3,tungsten,M1,0.9763,True,50.42,396.0,2024-03-02T22:31:00
4743,LOT005,LOT005-W04,15,4,copper,M2,1.077,True,50.42,396.0,2024-03-02T22:31:30
4744,LOT005,LOT005-W04,15,5,copper,M2,1.0958,False,50.42,396.0,2024-03-02T22:32:00
4745,LOT005,LOT005-W04,15,6,copper,M3,1.4666,True,50.42,396.0,2024-03-02T22:32:30
4746,LOT005,LOT005-W04,15,7,tungsten,M1,0.9441,True,50.42,396.0,2024-03-02T22:33:00
4747,LOT005,LOT005-W04,15,8,tungsten,M1,1.0138,True,50.42,396.0,2024-03-02T22:33:30
4748,LOT005,LOT005-W04,15,9,tungsten,M4,1.9322,True,50.42,396.0,2024-03-02T22:34:00
4749,LOT005,LOT005-W04,15,10,copper,M4,1.6637,True,50.42,396.0,2024-03-02T22:34:30
4750,LOT005,LOT005-W04,16,1,copper,M2,1.1357,True,50.42,396.0,2024-03-02T22:35:00
4751,LOT005,LOT005-W04,16,2,tungsten,M4,2.0676,True,50.42,396.0,2024-03-02T22:35:30
4752,LOT005,LOT005-W04,16,3,copper,M3,1.5028,True,50.42,396.0,2024-03-02T22:36:00
4753,LOT005,LOT005-W04,16,4,tungsten,M3,1.742,True,50.42,396.0,2024-03-02T22:36:30
4754,LOT005,LOT005-W04,16,5,copper,M2,1.118,True,50.42,396.0,2024-03-02T22:37:00
4755,LOT005,LOT005-W04,16,6,copper,M2,1.1341,True,50.42,396.0,2024-03-02T22:37:30
4756,LOT005,LOT005-W04,16,7,tungsten,M4,2.1136,True,50.42,396.0,2024-03-02T22:38:00
4757,LOT005,LOT005-W04,16,8,tungsten,M3,1.9588,True,50.42,396.0,2024-03-02T22:38:30
4758,LOT005,LOT005-W04,16,9,tungsten,M4,2.1025,True,50.42,396.0,2024-03-02T22:39:00
4759,LOT005,LOT005-W04,16,10,tungsten,M3,1.7298,True,50.42,396.0,2024-03-02T22:39:30
4760,LOT005,LOT005-W04,17,1,copper,M2,1.0608,True,50.42,396.0,2024-03-02T22:40:00
4761,LOT005,LOT005-W04,17,2,tungsten,M4,2.1861,True,50.42,396.0,2024-03-02T22:40:30
4762,LOT005,LOT005-W04,17,3,tungsten,M2,1.3667,True,50.42,396.0,2024-03-02T22:41:00
4763,LOT005,LOT005-W04,17,4,copper,M2,1.0147,True,50.42,396.0,2024-03-02T22:41:30
4764,LOT005,LOT005-W04,17,5,tungsten,M3,1.8853,True,50.42,396.0,2024-03-02T22:42:00
4765,LOT005,LOT005-W04,17,6,copper,M1,0.7871,True,50.42,396.0,2024-03-02T22:42:30
4766,LOT005,LOT005-W04,17,7,copper,M3,1.3319,False,50.42,396.0,2024-03-02T22:43:00
4767,LOT005,LOT005-W04,17,8,copper,M1,0.8263,True,50.42,396.0,2024-03-02T22:43:30
4768,LOT005,LOT005-W04,17,9,copper,M3,1.3925,True,50.42,396.0,2024-03-02T22:44:00
4769,LOT005,LOT005-W04,17,10,tungsten,M2,1.3281,True,50.42,396.0,2024-03-02T22:44:30
4770,LOT005,LOT005-W04,18,1,tungsten,M4,2.1519,True,50.42,396.0,2024-03-02T22:45:00
4771,LOT005,LOT005-W04,18,2,tungsten,M4,2.0117,True,50.42,396.0,2024-03-02T22:45:30
4772,LOT005,LOT005-W04,18,3,copper,M3,1.4635,True,50.42,396.0,2024-03-02T22:46:00
4773,LOT005,LOT005-W04,18,4,tungsten,M2,1.3674,True,50.42,396.0,2024-03-02T22:46:30
4774,LOT005,LOT005-W04,18,5,tungsten,M3,1.8048,True,50.42,396.0,2024-03-02T22:47:00
4775,LOT005,LOT005-W04,18,6,copper,M2,1.0974,True,50.42,396.0,2024-03-02T22:47:30
4776,LOT005,LOT005-W04,18,7,copper,M3,1.3654,True,50.42,396.0,2024-03-02T22:48:00
4777,LOT005,LOT005-W04,18,8,tungsten,M2,1.4274,True,50.42,396.0,2024-03-02T22:48:30
4778,LOT005,LOT005-W04,18,9,copper,M1,0.7944,True,50.42,396.0,2024-03-02T22:49:00
4779,LOT005,LOT005-W04,18,10,tungsten,M1,0.9723,True,50.42,396.0,2024-03-02T22:49:30
4780,LOT005,LOT005-W04,19,1,tungsten,M1,1.0292,True,50.42,396.0,2024-03-02T22:50:00
4781,LOT005,LOT005-W04,19,2,tungsten,M3,1.812,False,50.42,396.0,2024-03-02T22:50:30
4782,LOT005,LOT005-W04,19,3,copper,M1,0.8093,True,50.42,396.0,2024-03-02T22:51:00
4783,LOT005,LOT005-W04,19,4,tungsten,M2,1.3367,True,50.42,396.0,2024-03-02T22:51:30
4784,LOT005,LOT005-W04,19,5,copper,M4,1.6633,True,50.42,396.0,2024-03-02T22:52:00
4785,LOT005,LOT005-W04,19,6,copper,M4,1.7972,True,50.42,396.0,2024-03-02T22:52:30
4786,LOT005,LOT005-W04,19,7,copper,M4,1.6401,True,50.42,396.0,2024-03-02T22:53:00
4787,LOT005,LOT005-W04,19,8,copper,M4,1.7922,True,50.42,396.0,2024-03-02T22:53:30
4788,LOT005,LOT005-W04,19,9,copper,M4,1.8052,True,50.42,396.0,2024-03-02T22:54:00
4789,LOT005,LOT005-W04,19,10,tungsten,M1,0.9698,True,50.42,396.0,2024-03-02T22:54:30
4790,LOT005,LOT005-W04,20,1,tungsten,M1,0.9246,True,50.42,396.0,2024-03-02T22:55:00
4791,LOT005,LOT005-W04,20,2,copper,M1,0.7305,True,50.42,396.0,2024-03-02T22:55:30
4792,LOT005,LOT005-W04,20,3,copper,M4,1.5563,True,50.42,396.0,2024-03-02T22:56:00
4793,LOT005,LOT005-W04,20,4,copper,M2,0.9972,False,50.42,396.0,2024-03-02T22:56:30
4794,LOT005,LOT005-W04,20,5,copper,M3,1.375,True,50.42,396.0,2024-03-02T22:57:00
4795,LOT005,LOT005-W04,20,6,tungsten,M3,1.9932,True,50.42,396.0,2024-03-02T22:57:30
4796,LOT005,LOT005-W04,20,7,copper,M3,1.3836,True,50.42,396.0,2024-03-02T22:58:00
4797,LOT005,LOT005-W04,20,8,tungsten,M1,1.0305,True,50.42,396.0,2024-03-02T22:58:30
4798,LOT005,LOT005-W04,20,9,tungsten,M2,1.3645,True,50.42,396.0,2024-03-02T22:59:00
4799,LOT005,LOT005-W04,20,10,tungsten,M3,1.8711,True,50.42,396.0,2024-03-02T22:59:30
4800,LOT005,LOT005-W05,1,1,tungsten,M1,1.1217,True,50.2,422.6,2024-03-02T23:00:00
4801,LOT005,LOT005-W05,1,2,copper,M2,1.0615,True,50.2,422.6,2024-03-02T23:00:30
4802,LOT005,LOT005-W05,1,3,copper,M1,0.8199,True,50.2,422.6,2024-03-02T23:01:00
4803,LOT005,LOT005-W05,1,4,tungsten,M4,2.2477,True,50.2,422.6,2024-03-02T23:01:30
4804,LOT005,LOT005-W05,1,5,copper,M3,1.343,True,50.2,422.6,2024-03-02T23:02:00
4805,LOT005,LOT005-W05,1,6,tungsten,M3,1.8213,True,50.2,422.6,2024-03-02T23:02:30
4806,LOT005,LOT005-W05,1,7,tungsten,M1,1.0551,True,50.2,422.6,2024-03-02T23:03:00
4807,LOT005,LOT005-W05,1,8,tungsten,M2,1.4391,True,50.2,422.6,2024-03-02T23:03:30
4808,LOT005,LOT005-W05,1,9,copper,M3,1.4515,True,50.2,422.6,2024-03-02T23:04:00
4809,LOT005,LOT005-W05,1,10,copper,M1,0.773,True,50.2,422.6,2024-03-02T23:04:30
4810,LOT005,LOT005-W05,2,1,tungsten,M3,1.7829,True,50.2,422.6,2024-03-02T23:05:00
4811,LOT005,LOT005-W05,2,2,copper,M1,0.8551,True,50.2,422.6,2024-03-02T23:05:30
4812,LOT005,LOT005-W05,2,3,tungsten,M2,1.5179,True,50.2,422.6,2024-03-02T23:06:00
4813,LOT005,LOT005-W05,2,4,copper,M2,1.1215,True,50.2,422.6,2024-03-02T23:06:30
4814,LOT005,LOT005-W05,2,5,copper,M4,1.5746,True,50.2,422.6,2024-03-02T23:07:00
4815,LOT005,LOT005-W05,2,6,tungsten,M2,1.4408,True,50.2,422.6,2024-03-02T23:07:30
4816,LOT005,LOT005-W05,2,7,tungsten,M4,2.0677,True,50.2,422.6,2024-03-02T23:08:00
4817,LOT005,LOT005-W05,2,8,copper,M4,1.6833,True,50.2,422.6,2024-03-02T23:08:30
4818,LOT005,LOT005-W05,2,9,tungsten,M3,1.8638,True,50.2,422.6,2024-03-02T23:09:00
4819,LOT005,LOT005-W05,2,10,copper,M2,1.0906,True,50.2,422.6,2024-03-02T23:09:30
4820,LOT005,LOT005-W05,3,1,tungsten,M4,2.0555,True,50.2,422.6,2024-03-02T23:10:00
4821,LOT005,LOT005-W05,3,2,tungsten,M4,2.0885,True,50.2,422.6,2024-03-02T23:10:30
4822,LOT005,LOT005-W05,3,3,tungsten,M4,2.1394,True,50.2,422.6,2024-03-02T23:11:00
4823,LOT005,LOT005-W05,3,4,copper,M4,1.5631,True,50.2,422.6,2024-03-02T23:11:30
4824,LOT005,LOT005-W05,3,5,tungsten,M2,1.4553,True,50.2,422.6,2024-03-02T23:12:00
4825,LOT005,LOT005-W05,3,6,copper,M2,1.099,False,50.2,422.6,2024-03-02T23:12:30
4826,LOT005,LOT005-W05,3,7,copper,M1,0.7358,True,50.2,422.6,2024-03-02T23:13:00
4827,LOT005,LOT005-W05,3,8,tungsten,M1,0.935,True,50.2,422.6,2024-03-02T23:13:30
4828,LOT005,LOT005-W05,3,9,tungsten,M1,1.1038,True,50.2,422.6,2024-03-02T23:14:00
4829,LOT005,LOT005-W05,3,10,copper,M2,1.1259,True,50.2,422.6,2024-03-02T23:14:30
4830,LOT005,LOT005-W05,4,1,tungsten,M3,1.8829,True,50.2,422.6,2024-03-02T23:15:00
4831,LOT005,LOT005-W05,4,2,tungsten,M1,1.0241,True,50.2,422.6,2024-03-02T23:15:30
4832,LOT005,LOT005-W05,4,3,copper,M1,0.8344,True,50.2,422.6,2024-03-02T23:16:00
4833,LOT005,LOT005-W05,4,4,tungsten,M1,1.0516,True,50.2,422.6,2024-03-02T23:16:30
4834,LOT005,LOT005-W05,4,5,tungsten,M2,1.5583,True,50.2,422.6,2024-03-02T23:17:00
4835,LOT005,LOT005-W05,4,6,copper,M3,1.3902,True,50.2,422.6,2024-03-02T23:17:30
4836,LOT005,LOT005-W05,4,7,copper,M4,1.6039,True,50.2,422.6,2024-03-02T23:18:00
4837,LOT005,LOT005-W05,4,8,copper,M4,1.7085,True,50.2,422.6,2024-03-02T23:18:30
4838,LOT005,LOT005-W05,4,9,tungsten,M2,1.5119,True,50.2,422.6,2024-03-02T23:19:00
4839,LOT005,LOT005-W05,4,10,copper,M3,1.3429,True,50.2,422.6,2024-03-02T23:19:30
4840,LOT005,LOT005-W05,5,1,copper,M4,1.8522,True,50.2,422.6,2024-03-02T23:20:00
4841,LOT005,LOT005-W05,5,2,copper,M1,0.8274,True,50.2,422.6,2024-03-02T23:20:30
4842,LOT005,LOT005-W05,5,3,tungsten,M1,1.0413,True,50.2,422.6,2024-03-02T23:21:00
4843,LOT005,LOT005-W05,5,4,tungsten,M2,1.4793,True,50.2,422.6,2024-03-02T23:21:30
4844,LOT005,LOT005-W05,5,5,copper,M2,1.1487,True,50.2,422.6,2024-03-02T23:22:00
4845,LOT005,LOT005-W05,5,6,tungsten,M2,1.4862,True,50.2,422.6,2024-03-02T23:22:30
4846,LOT005,LOT005-W05,5,7,tungsten,M2,1.447,True,50.2,422.6,2024-03-02T23:23:00
4847,LOT005,LOT005-W05,5,8,copper,M2,1.1253,True,50.2,422.6,2024-03-02T23:23:30
4848,LOT005,LOT005-W05,5,9,copper,M3,1.4811,True,50.2,422.6,2024-03-02T23:24:00
4849,LOT005,LOT005-W05,5,10,tungsten,M2,1.4865,True,50.2,422.6,2024-03-02T23:24:30
4850,LOT005,LOT005-W05,6,1,copper,M3,1.3415,True,50.2,422.6,2024-03-02T23:25:00
4851,LOT005,LOT005-W05,6,2,copper,M2,1.0902,True,50.2,422.6,2024-03-02T23:25:30
4852,LOT005,LOT005-W05,6,3,copper,M3,1.3258,True,50.2,422.6,2024-03-02T23:26:00
4853,LOT005,LOT005-W05,6,4,copper,M1,0.7626,True,50.2,422.6,2024-03-02T23:26:30
4854,LOT005,LOT005-W05,6,5,tungsten,M4,2.2015,True,50.2,422.6,2024-03-02T23:27:00
4855,LOT005,LOT005-W05,6,6,tungsten,M4,2.1726,True,50.2,422.6,2024-03-02T23:27:30
4856,LOT005,LOT005-W05,6,7,tungsten,M1,1.0277,True,50.2,422.6,2024-03-02T23:28:00
4857,LOT005,LOT005-W05,6,8,copper,M3,1.326,True,50.2,422.6,2024-03-02T23:28:30
4858,LOT005,LOT005-W05,6,9,copper,M1,0.7675,True,50.2,422.6,2024-03-02T23:29:00
4859,LOT005,LOT005-W05,6,10,copper,M3,1.3825,True,50.2,422.6,2024-03-02T23:29:30
4860,LOT005,LOT005-W05,7,1,copper,M3,1.3541,False,50.2,422.6,2024-03-02T23:30:00
4861,LOT005,LOT005-W05,7,2,tungsten,M2,1.4954,False,50.2,422.6,2024-03-02T23:30:30
4862,LOT005,LOT005-W05,7,3,tungsten,M2,1.37,True,50.2,422.6,2024-03-02T23:31:00
4863,LOT005,LOT005-W05,7,4,tungsten,M2,1.4145,True,50.2,422.6,2024-03-02T23:31:30
4864,LOT005,LOT005-W05,7,5,copper,M1,0.8142,True,50.2,422.6,2024-03-02T23:32:00
4865,LOT005,LOT005-W05,7,6,copper,M2,1.0987,True,50.2,422.6,2024-03-02T23:32:30
4866,LOT005,LOT005-W05,7,7,copper,M2,1.1705,True,50.2,422.6,2024-03-02T23:33:00
4867,LOT005,LOT005-W05,7,8,tungsten,M3,1.8862,True,50.2,422.6,2024-03-02T23:33:30
4868,LOT005,LOT005-W05,7,9,tungsten,M3,1.9472,True,50.2,422.6,2024-03-02T23:34:00
4869,LOT005,LOT005-W05,7,10,copper,M2,1.0825,True,50.2,422.6,2024-03-02T23:34:30
4870,LOT005,LOT005-W05,8,1,copper,M1,0.8051,True,50.2,422.6,2024-03-02T23:35:00
4871,LOT005,LOT005-W05,8,2,copper,M4,1.7602,True,50.2,422.6,2024-03-02T23:35:30
4872,LOT005,LOT005-W05,8,3,tungsten,M1,1.1067,True,50.2,422.6,2024-03-02T23:36:00
4873,LOT005,LOT005-W05,8,4,copper,M4,1.6002,True,50.2,422.6,2024-03-02T23:36:30
4874,LOT005,LOT005-W05,8,5,tungsten,M1,0.9797,True,50.2,422.6,2024-03-02T23:37:00
4875,LOT005,LOT005-W05,8,6,copper,M3,1.4541,True,50.2,422.6,2024-03-02T23:37:30
4876,LOT005,LOT005-W05,8,7,tungsten,M1,0.9733,True,50.2,422.6,2024-03-02T23:38:00
4877,LOT005,LOT005-W05,8,8,copper,M4,1.5457,True,50.2,422.6,2024-03-02T23:38:30
4878,LOT005,LOT005-W05,8,9,copper,M1,0.8414,True,50.2,422.6,2024-03-02T23:39:00
4879,LOT005,LOT005-W05,8,10,tungsten,M2,1.4721,True,50.2,422.6,2024-03-02T23:39:30
4880,LOT005,LOT005-W05,9,1,tungsten,M3,1.839,True,50.2,422.6,2024-03-02T23:40:00
4881,LOT005,LOT005-W05,9,2,copper,M1,0.7464,True,50.2,422.6,2024-03-02T23:40:30
4882,LOT005,LOT005-W05,9,3,copper,M1,0.7806,True,50.2,422.6,2024-03-02T23:41:00
4883,LOT005,LOT005-W05,9,4,tungsten,M4,2.2462,True,50.2,422.6,2024-03-02T23:41:30
4884,LOT005,LOT005-W05,9,5,tungsten,M4,2.2216,True,50.2,422.6,2024-03-02T23:42:00
4885,LOT005,LOT005-W05,9,6,copper,M2,1.1522,True,50.2,422.6,2024-03-02T23:42:30
4886,LOT005,LOT005-W05,9,7,copper,M4,1.7413,True,50.2,422.6,2024-03-02T23:43:00
4887,LOT005,LOT005-W05,9,8,tungsten,M4,1.9748,False,50.2,422.6,2024-03-02T23:43:30
4888,LOT005,LOT005-W05,9,9,copper,M4,1.7477,True,50.2,422.6,2024-03-02T23:44:00
4889,LOT005,LOT005-W05,9,10,tungsten,M2,1.3854,True,50.2,422.6,2024-03-02T23:44:30
4890,LOT005,LOT005-W05,10,1,tungsten,M4,2.3044,True,50.2,422.6,2024-03-02T23:45:00
4891,LOT005,LOT005-W05,10,2,tungsten,M3,1.8677,True,50.2,422.6,2024-03-02T23:45:30
4892,LOT005,LOT005-W05,10,3,tungsten,M1,1.002,True,50.2,422.6,2024-03-02T23:46:00
4893,LOT005,LOT005-W05,10,4,copper,M3,1.3996,True,50.2,422.6,2024-03-02T23:46:30
4894,LOT005,LOT005-W05,10,5,copper,M2,1.0753,True,50.2,422.6,2024-03-02T23:47:00
4895,LOT005,LOT005-W05,10,6,tungsten,M4,2.1519,True,50.2,422.6,2024-03-02T23:47:30
4896,LOT005,LOT005-W05,10,7,tungsten,M4,2.0589,True,50.2,422.6,2024-03-02T23:48:00
4897,LOT005,LOT005-W05,10,8,tungsten,M1,1.0376,True,50.2,422.6,2024-03-02T23:48:30
4898,LOT005,LOT005-W05,10,9,copper,M4,1.8285,True,50.2,422.6,2024-03-02T23:49:00
4899,LOT005,LOT005-W05,10,10,tungsten,M4,2.0469,True,50.2,422.6,2024-03-02T23:49:30
4900,LOT005,LOT005-W05,11,1,copper,M2,1.1152,True,50.2,422.6,2024-03-02T23:50:00
4901,LOT005,LOT005-W05,11,2,copper,M2,1.0796,True,50.2,422.6,2024-03-02T23:50:30
4902,LOT005,LOT005-W05,11,3,copper,M4,1.6527,True,50.2,422.6,2024-03-02T23:51:00
4903,LOT005,LOT005-W05,11,4,copper,M2,1.0806,True,50.2,422.6,2024-03-02T23:51:30
4904,LOT005,LOT005-W05,11,5,copper,M2,1.1813,False,50.2,422.6,2024-03-02T23:52:00
4905,LOT005,LOT005-W05,11,6,tungsten,M2,1.3834,True,50.2,422.6,2024-03-02T23:52:30
4906,LOT005,LOT005-W05,11,7,tungsten,M3,1.8902,True,50.2,422.6,2024-03-02T23:53:00
4907,LOT005,LOT005-W05,11,8,tungsten,M4,2.2164,True,50.2,422.6,2024-03-02T23:53:30
4908,LOT005,LOT005-W05,11,9,tungsten,M1,1.0001,True,50.2,422.6,2024-03-02T23:54:00
4909,LOT005,LOT005-W05,11,10,copper,M4,1.6571,True,50.2,422.6,2024-03-02T23:54:30
4910,LOT005,LOT005-W05,12,1,tungsten,M4,2.0428,True,50.2,422.6,2024-03-02T23:55:00
4911,LOT005,LOT005-W05,12,2,tungsten,M1,0.9173,True,50.2,422.6,2024-03-02T23:55:30
4912,LOT005,LOT005-W05,12,3,copper,M1,0.7436,True,50.2,422.6,2024-03-02T23:56:00
4913,LOT005,LOT005-W05,12,4,tungsten,M3,1.8322,True,50.2,422.6,2024-03-02T23:56:30
4914,LOT005,LOT005-W05,12,5,copper,M1,0.8326,True,50.2,422.6,2024-03-02T23:57:00
4915,LOT005,LOT005-W05,12,6,copper,M2,1.0893,True,50.2,422.6,2024-03-02T23:57:30
4916,LOT005,LOT005-W05,12,7,copper,M4,1.6892,True,50.2,422.6,2024-03-02T23:58:00
4917,LOT005,LOT005-W05,12,8,copper,M3,1.4065,True,50.2,422.6,2024-03-02T23:58:30
4918,LOT005,LOT005-W05,12,9,copper,M1,0.7791,True,50.2,422.6,2024-03-02T23:59:00
4919,LOT005,LOT005-W05,12,10,copper,M4,1.6706,True,50.2,422.6,2024-03-02T23:59:30
4920,LOT005,LOT005-W05,13,1,copper,M1,0.7866,True,50.2,422.6,2024-03-03T00:00:00
4921,LOT005,LOT005-W05,13,2,tungsten,M1,1.0459,False,50.2,422.6,2024-03-03T00:00:30
4922,LOT005,LOT005-W05,13,3,tungsten,M3,1.9132,False,50.2,422.6,2024-03-03T00:01:00
4923,LOT005,LOT005-W05,13,4,copper,M4,1.767,True,50.2,422.6,2024-03-03T00:01:30
4924,LOT005,LOT005-W05,13,5,tungsten,M2,1.499,True,50.2,422.6,2024-03-03T00:02:00
4925,LOT005,LOT005-W05,13,6,tungsten,M4,2.3166,True,50.2,422.6,2024-03-03T00:02:30
4926,LOT005,LOT005-W05,13,7,tungsten,M3,1.8775,True,50.2,422.6,2024-03-03T00:03:00
4927,LOT005,LOT005-W05,13,8,tungsten,M3,1.8478,False,50.2,422.6,2024-03-03T00:03:30
4928,LOT005,LOT005-W05,13,9,tungsten,M1,0.9316,True,50.2,422.6,2024-03-03T00:04:00
4929,LOT005,LOT005-W05,13,10,tungsten,M4,2.0469,True,50.2,422.6,2024-03-03T00:04:30
4930,LOT005,LOT005-W05,14,1,tungsten,M2,1.5147,True,50.2,422.6,2024-03-03T00:05:00
4931,LOT005,LOT005-W05,14,2,copper,M4,1.7156,True,50.2,422.6,2024-03-03T00:05:30
4932,LOT005,LOT005-W05,14,3,copper,M4,1.7457,True,50.2,422.6,2024-03-03T00:06:00
4933,LOT005,LOT005-W05,14,4,tungsten,M2,1.4657,True,50.2,422.6,2024-03-03T00:06:30
4934,LOT005,LOT005-W05,14,5,tungsten,M1,0.9128,True,50.2,422.6,2024-03-03T00:07:00
4935,LOT005,LOT005-W05,14,6,tungsten,M2,1.5539,True,50.2,422.6,2024-03-03T00:07:30
4936,LOT005,LOT005-W05,14,7,copper,M4,1.5255,True,50.2,422.6,2024-03-03T00:08:00
4937,LOT005,LOT005-W05,14,8,copper,M1,0.7914,True,50.2,422.6,2024-03-03T00:08:30
4938,LOT005,LOT005-W05,14,9,tungsten,M1,1.0794,True,50.2,422.6,2024-03-03T00:09:00
4939,LOT005,LOT005-W05,14,10,copper,M3,1.3023,True,50.2,422.6,2024-03-03T00:09:30
4940,LOT005,LOT005-W05,15,1,tungsten,M4,2.022,True,50.2,422.6,2024-03-03T00:10:00
4941,LOT005,LOT005-W05,15,2,tungsten,M4,2.0347,True,50.2,422.6,2024-03-03T00:10:30
4942,LOT005,LOT005-W05,15,3,tungsten,M4,2.1451,True,50.2,422.6,2024-03-03T00:11:00
4943,LOT005,LOT005-W05,15,4,copper,M2,1.0737,True,50.2,422.6,2024-03-03T00:11:30
4944,LOT005,LOT005-W05,15,5,copper,M4,1.8387,True,50.2,422.6,2024-03-03T00:12:00
4945,LOT005,LOT005-W05,15,6,tungsten,M4,2.0667,True,50.2,422.6,2024-03-03T00:12:30
4946,LOT005,LOT005-W05,15,7,tungsten,M1,1.0265,True,50.2,422.6,2024-03-03T00:13:00
4947,LOT005,LOT005-W05,15,8,copper,M1,0.8711,True,50.2,422.6,2024-03-03T00:13:30
4948,LOT005,LOT005-W05,15,9,copper,M2,1.0889,False,50.2,422.6,2024-03-03T00:14:00
4949,LOT005,LOT005-W05,15,10,copper,M3,1.389,True,50.2,422.6,2024-03-03T00:14:30
4950,LOT005,LOT005-W05,16,1,tungsten,M4,2.1436,False,50.2,422.6,2024-03-03T00:15:00
4951,LOT005,LOT005-W05,16,2,copper,M2,1.1181,True,50.2,422.6,2024-03-03T00:15:30
4952,LOT005,LOT005-W05,16,3,copper,M4,1.6962,True,50.2,422.6,2024-03-03T00:16:00
4953,LOT005,LOT005-W05,16,4,tungsten,M4,2.0713,True,50.2,422.6,2024-03-03T00:16:30
4954,LOT005,LOT005-W05,16,5,tungsten,M1,0.9965,True,50.2,422.6,2024-03-03T00:17:00
4955,LOT005,LOT005-W05,16,6,tungsten,M3,1.93,True,50.2,422.6,2024-03-03T00:17:30
4956,LOT005,LOT005-W05,16,7,copper,M3,1.4216,True,50.2,422.6,2024-03-03T00:18:00
4957,LOT005,LOT005-W05,16,8,copper,M1,0.8104,False,50.2,422.6,2024-03-03T00:18:30
4958,LOT005,LOT005-W05,16,9,tungsten,M1,1.0352,True,50.2,422.6,2024-03-03T00:19:00
4959,LOT005,LOT005-W05,16,10,tungsten,M3,1.8777,True,50.2,422.6,2024-03-03T00:19:30
4960,LOT005,LOT005-W05,17,1,tungsten,M3,1.94,True,50.2,422.6,2024-03-03T00:20:00
4961,LOT005,LOT005-W05,17,2,tungsten,M4,2.0814,True,50.2,422.6,2024-03-03T00:20:30
4962,LOT005,LOT005-W05,17,3,copper,M4,1.6361,True,50.2,422.6,2024-03-03T00:21:00
4963,LOT005,LOT005-W05,17,4,tungsten,M4,2.0575,True,50.2,422.6,2024-03-03T00:21:30
4964,LOT005,LOT005-W05,17,5,tungsten,M3,1.935,True,50.2,422.6,2024-03-03T00:22:00
4965,LOT005,LOT005-W05,17,6,tungsten,M1,0.9161,True,50.2,422.6,2024-03-03T00:22:30
4966,LOT005,LOT005-W05,17,7,tungsten,M4,2.4706,False,50.2,422.6,2024-03-03T00:23:00
4967,LOT005,LOT005-W05,17,8,copper,M3,1.3641,True,50.2,422.6,2024-03-03T00:23:30
4968,LOT005,LOT005-W05,17,9,copper,M1,0.763,True,50.2,422.6,2024-03-03T00:24:00
4969,LOT005,LOT005-W05,17,10,tungsten,M2,1.4245,True,50.2,422.6,2024-03-03T00:24:30
4970,LOT005,LOT005-W05,18,1,copper,M1,0.7834,True,50.2,422.6,2024-03-03T00:25:00
4971,LOT005,LOT005-W05,18,2,copper,M1,0.8257,False,50.2,422.6,2024-03-03T00:25:30
4972,LOT005,LOT005-W05,18,3,copper,M1,0.841,True,50.2,422.6,2024-03-03T00:26:00
4973,LOT005,LOT005-W05,18,4,tungsten,M4,2.1162,False,50.2,422.6,2024-03-03T00:26:30
4974,LOT005,LOT005-W05,18,5,copper,M1,0.7851,True,50.2,422.6,2024-03-03T00:27:00
4975,LOT005,LOT005-W05,18,6,copper,M3,1.2964,False,50.2,422.6,2024-03-03T00:27:30
4976,LOT005,LOT005-W05,18,7,tungsten,M1,0.9886,False,50.2,422.6,2024-03-03T00:28:00
4977,LOT005,LOT005-W05,18,8,tungsten,M4,2.1605,True,50.2,422.6,2024-03-03T00:28:30
4978,LOT005,LOT005-W05,18,9,tungsten,M2,1.4276,True,50.2,422.6,2024-03-03T00:29:00
4979,LOT005,LOT005-W05,18,10,copper,M2,0.9783,True,50.2,422.6,2024-03-03T00:29:30
4980,LOT005,LOT005-W05,19,1,copper,M1,0.835,True,50.2,422.6,2024-03-03T00:30:00
4981,LOT005,LOT005-W05,19,2,tungsten,M3,1.763,True,50.2,422.6,2024-03-03T00:30:30
4982,LOT005,LOT005-W05,19,3,tungsten,M4,2.0853,True,50.2,422.6,2024-03-03T00:31:00
4983,LOT005,LOT005-W05,19,4,tungsten,M3,1.9825,True,50.2,422.6,2024-03-03T00:31:30
4984,LOT005,LOT005-W05,19,5,copper,M3,1.5112,True,50.2,422.6,2024-03-03T00:32:00
4985,LOT005,LOT005-W05,19,6,tungsten,M4,2.4461,False,50.2,422.6,2024-03-03T00:32:30
4986,LOT005,LOT005-W05,19,7,copper,M1,0.7843,True,50.2,422.6,2024-03-03T00:33:00
4987,LOT005,LOT005-W05,19,8,tungsten,M3,1.8883,True,50.2,422.6,2024-03-03T00:33:30
4988,LOT005,LOT005-W05,19,9,tungsten,M2,1.4698,True,50.2,422.6,2024-03-03T00:34:00
4989,LOT005,LOT005-W05,19,10,copper,M4,1.6143,True,50.2,422.6,2024-03-03T00:34:30
4990,LOT005,LOT005-W05,20,1,copper,M2,1.0901,True,50.2,422.6,2024-03-03T00:35:00
4991,LOT005,LOT005-W05,20,2,tungsten,M3,1.8603,True,50.2,422.6,2024-03-03T00:35:30
4992,LOT005,LOT005-W05,20,3,tungsten,M4,2.126,True,50.2,422.6,2024-03-03T00:36:00
4993,LOT005,LOT005-W05,20,4,copper,M2,1.0943,True,50.2,422.6,2024-03-03T00:36:30
4994,LOT005,LOT005-W05,20,5,copper,M1,0.8409,True,50.2,422.6,2024-03-03T00:37:00
4995,LOT005,LOT005-W05,20,6,copper,M3,1.3823,True,50.2,422.6,2024-03-03T00:37:30
4996,LOT005,LOT005-W05,20,7,copper,M2,1.1799,True,50.2,422.6,2024-03-03T00:38:00
4997,LOT005,LOT005-W05,20,8,tungsten,M4,2.2417,True,50.2,422.6,2024-03-03T00:38:30
4998,LOT005,LOT005-W05,20,9,tungsten,M4,2.368,True,50.2,422.6,2024-03-03T00:39:00
4999,LOT005,LOT005-W05,20,10,tungsten,M2,1.471,True,50.2,422.6,2024-03-03T00:39:30
5000,LOT006,LOT006-W01,1,1,copper,M1,0.8762,True,47.73,388.31,2024-03-03T00:40:00
5001,LOT006,LOT006-W01,1,2,copper,M4,1.6963,True,47.73,388.31,2024-03-03T00:40:30
5002,LOT006,LOT006-W01,1,3,tungsten,M1,1.0128,True,47.73,388.31,2024-03-03T00:41:00
5003,LOT006,LOT006-W01,1,4,tungsten,M3,1.9228,True,47.73,388.31,2024-03-03T00:41:30
5004,LOT006,LOT006-W01,1,5,tungsten,M2,1.3493,True,47.73,388.31,2024-03-03T00:42:00
5005,LOT006,LOT006-W01,1,6,tungsten,M4,2.0015,True,47.73,388.31,2024-03-03T00:42:30
5006,LOT006,LOT006-W01,1,7,copper,M1,0.7943,True,47.73,388.31,2024-03-03T00:43:00
5007,LOT006,LOT006-W01,1,8,copper,M2,1.1528,True,47.73,388.31,2024-03-03T00:43:30
5008,LOT006,LOT006-W01,1,9,tungsten,M1,0.9634,True,47.73,388.31,2024-03-03T00:44:00
5009,LOT006,LOT006-W01,1,10,copper,M4,1.8295,True,47.73,388.31,2024-03-03T00:44:30
5010,LOT006,LOT006-W01,2,1,tungsten,M4,2.2047,True,47.73,388.31,2024-03-03T00:45:00
5011,LOT006,LOT006-W01,2,2,copper,M4,1.7761,True,47.73,388.31,2024-03-03T00:45:30
5012,LOT006,LOT006-W01,2,3,copper,M4,1.6394,True,47.73,388.31,2024-03-03T00:46:00
5013,LOT006,LOT006-W01,2,4,copper,M3,1.3628,True,47.73,388.31,2024-03-03T00:46:30
5014,LOT006,LOT006-W01,2,5,tungsten,M3,1.8345,True,47.73,388.31,2024-03-03T00:47:00
5015,LOT006,LOT006-W01,2,6,tungsten,M4,2.2604,True,47.73,388.31,2024-03-03T00:47:30
5016,LOT006,LOT006-W01,2,7,copper,M1,0.7582,True,47.73,388.31,2024-03-03T00:48:00
5017,LOT006,LOT006-W01,2,8,copper,M1,0.8471,True,47.73,388.31,2024-03-03T00:48:30
5018,LOT006,LOT006-W01,2,9,tungsten,M4,2.1791,True,47.73,388.31,2024-03-03T00:49:00
5019,LOT006,LOT006-W01,2,10,tungsten,M4,2.3079,False,47.73,388.31,2024-03-03T00:49:30
5020,LOT006,LOT006-W01,3,1,tungsten,M2,1.3286,False,47.73,388.31,2024-03-03T00:50:00
5021,LOT006,LOT006-W01,3,2,copper,M2,1.1991,True,47.73,388.31,2024-03-03T00:50:30
5022,LOT006,LOT006-W01,3,3,copper,M4,1.6583,True,47.73,388.31,2024-03-03T00:51:00
5023,LOT006,LOT006-W01,3,4,copper,M1,0.8539,True,47.73,388.31,2024-03-03T00:51:30
5024,LOT006,LOT006-W01,3,5,tungsten,M4,2.104,True,47.73,388.31,2024-03-03T00:52:00
5025,LOT006,LOT006-W01,3,6,copper,M2,1.1241,True,47.73,388.31,2024-03-03T00:52:30
5026,LOT006,LOT006-W01,3,7,tungsten,M4,2.2414,True,47.73,388.31,2024-03-03T00:53:00
5027,LOT006,LOT006-W01,3,8,tungsten,M2,1.3464,False,47.73,388.31,2024-03-03T00:53:30
5028,LOT006,LOT006-W01,3,9,copper,M3,1.4672,True,47.73,388.31,2024-03-03T00:54:00
5029,LOT006,LOT006-W01,3,10,tungsten,M4,2.0097,True,47.73,388.31,2024-03-03T00:54:30
5030,LOT006,LOT006-W01,4,1,tungsten,M2,1.505,False,47.73,388.31,2024-03-03T00:55:00
5031,LOT006,LOT006-W01,4,2,tungsten,M1,1.1042,True,47.73,388.31,2024-03-03T00:55:30
5032,LOT006,LOT006-W01,4,3,copper,M1,0.7533,True,47.73,388.31,2024-03-03T00:56:00
5033,LOT006,LOT006-W01,4,4,copper,M3,1.4352,True,47.73,388.31,2024-03-03T00:56:30
5034,LOT006,LOT006-W01,4,5,copper,M3,1.3569,True,47.73,388.31,2024-03-03T00:57:00
5035,LOT006,LOT006-W01,4,6,tungsten,M2,1.3633,True,47.73,388.31,2024-03-03T00:57:30
5036,LOT006,LOT006-W01,4,7,copper,M4,1.6581,False,47.73,388.31,2024-03-03T00:58:00
5037,LOT006,LOT006-W01,4,8,copper,M1,0.7595,True,47.73,388.31,2024-03-03T00:58:30
5038,LOT006,LOT006-W01,4,9,tungsten,M1,1.1248,True,47.73,388.31,2024-03-03T00:59:00
5039,LOT006,LOT006-W01,4,10,copper,M3,1.2925,True,47.73,388.31,2024-03-03T00:59:30
5040,LOT006,LOT006-W01,5,1,copper,M4,1.8132,True,47.73,388.31,2024-03-03T01:00:00
5041,LOT006,LOT006-W01,5,2,copper,M2,1.0439,True,47.73,388.31,2024-03-03T01:00:30
5042,LOT006,LOT006-W01,5,3,copper,M3,1.3263,False,47.73,388.31,2024-03-03T01:01:00
5043,LOT006,LOT006-W01,5,4,tungsten,M1,1.0003,True,47.73,388.31,2024-03-03T01:01:30
5044,LOT006,LOT006-W01,5,5,copper,M3,1.4172,True,47.73,388.31,2024-03-03T01:02:00
5045,LOT006,LOT006-W01,5,6,copper,M4,1.6844,True,47.73,388.31,2024-03-03T01:02:30
5046,LOT006,LOT006-W01,5,7,copper,M1,0.8036,True,47.73,388.31,2024-03-03T01:03:00
5047,LOT006,LOT006-W01,5,8,copper,M4,1.7683,True,47.73,388.31,2024-03-03T01:03:30
5048,LOT006,LOT006-W01,5,9,tungsten,M1,1.0178,True,47.73,388.31,2024-03-03T01:04:00
5049,LOT006,LOT006-W01,5,10,tungsten,M4,2.1371,True,47.73,388.31,2024-03-03T01:04:30
5050,LOT006,LOT006-W01,6,1,tungsten,M1,1.0261,True,47.73,388.31,2024-03-03T01:05:00
5051,LOT006,LOT006-W01,6,2,copper,M2,1.0383,True,47.73,388.31,2024-03-03T01:05:30
5052,LOT006,LOT006-W01,6,3,tungsten,M2,1.4095,False,47.73,388.31,2024-03-03T01:06:00
5053,LOT006,LOT006-W01,6,4,copper,M1,0.8247,True,47.73,388.31,2024-03-03T01:06:30
5054,LOT006,LOT006-W01,6,5,copper,M1,0.8352,False,47.73,388.31,2024-03-03T01:07:00
5055,LOT006,LOT006-W01,6,6,copper,M4,1.7118,True,47.73,388.31,2024-03-03T01:07:30
5056,LOT006,LOT006-W01,6,7,copper,M4,1.6175,True,47.73,388.31,2024-03-03T01:08:00
5057,LOT006,LOT006-W01,6,8,tungsten,M2,1.408,True,47.73,388.31,2024-03-03T01:08:30
5058,LOT006,LOT006-W01,6,9,copper,M3,1.3521,True,47.73,388.31,2024-03-03T01:09:00
5059,LOT006,LOT006-W01,6,10,copper,M3,1.3753,True,47.73,388.31,2024-03-03T01:09:30
5060,LOT006,LOT006-W01,7,1,tungsten,M4,2.109,True,47.73,388.31,2024-03-03T01:10:00
5061,LOT006,LOT006-W01,7,2,tungsten,M2,1.298,True,47.73,388.31,2024-03-03T01:10:30
5062,LOT006,LOT006-W01,7,3,copper,M3,1.512,True,47.73,388.31,2024-03-03T01:11:00
5063,LOT006,LOT006-W01,7,4,tungsten,M4,2.054,True,47.73,388.31,2024-03-03T01:11:30
5064,LOT006,LOT006-W01,7,5,copper,M3,1.4179,False,47.73,388.31,2024-03-03T01:12:00
5065,LOT006,LOT006-W01,7,6,copper,M1,0.7967,True,47.73,388.31,2024-03-03T01:12:30
5066,LOT006,LOT006-W01,7,7,tungsten,M4,2.0703,True,47.73,388.31,2024-03-03T01:13:00
5067,LOT006,LOT006-W01,7,8,copper,M4,1.5968,True,47.73,388.31,2024-03-03T01:13:30
5068,LOT006,LOT006-W01,7,9,tungsten,M2,1.4352,True,47.73,388.31,2024-03-03T01:14:00
5069,LOT006,LOT006-W01,7,10,copper,M1,0.8124,True,47.73,388.31,2024-03-03T01:14:30
5070,LOT006,LOT006-W01,8,1,tungsten,M1,0.9848,True,47.73,388.31,2024-03-03T01:15:00
5071,LOT006,LOT006-W01,8,2,tungsten,M4,2.0577,True,47.73,388.31,2024-03-03T01:15:30
5072,LOT006,LOT006-W01,8,3,copper,M4,1.6757,True,47.73,388.31,2024-03-03T01:16:00
5073,LOT006,LOT006-W01,8,4,tungsten,M3,1.8977,True,47.73,388.31,2024-03-03T01:16:30
5074,LOT006,LOT006-W01,8,5,copper,M4,1.7929,False,47.73,388.31,2024-03-03T01:17:00
5075,LOT006,LOT006-W01,8,6,tungsten,M4,2.0135,True,47.73,388.31,2024-03-03T01:17:30
5076,LOT006,LOT006-W01,8,7,tungsten,M1,1.0869,True,47.73,388.31,2024-03-03T01:18:00
5077,LOT006,LOT006-W01,8,8,copper,M2,1.1913,True,47.73,388.31,2024-03-03T01:18:30
5078,LOT006,LOT006-W01,8,9,tungsten,M1,0.9697,True,47.73,388.31,2024-03-03T01:19:00
5079,LOT006,LOT006-W01,8,10,tungsten,M1,0.9712,True,47.73,388.31,2024-03-03T01:19:30
5080,LOT006,LOT006-W01,9,1,tungsten,M4,2.0459,False,47.73,388.31,2024-03-03T01:20:00
5081,LOT006,LOT006-W01,9,2,copper,M4,1.8062,True,47.73,388.31,2024-03-03T01:20:30
5082,LOT006,LOT006-W01,9,3,copper,M3,1.4427,True,47.73,388.31,2024-03-03T01:21:00
5083,LOT006,LOT006-W01,9,4,tungsten,M4,2.2895,True,47.73,388.31,2024-03-03T01:21:30
5084,LOT006,LOT006-W01,9,5,tungsten,M4,2.2086,True,47.73,388.31,2024-03-03T01:22:00
5085,LOT006,LOT006-W01,9,6,tungsten,M3,1.6894,True,47.73,388.31,2024-03-03T01:22:30
5086,LOT006,LOT006-W01,9,7,copper,M4,1.6643,True,47.73,388.31,2024-03-03T01:23:00
5087,LOT006,LOT006-W01,9,8,copper,M4,1.4879,True,47.73,388.31,2024-03-03T01:23:30
5088,LOT006,LOT006-W01,9,9,copper,M3,1.3493,True,47.73,388.31,2024-03-03T01:24:00
5089,LOT006,LOT006-W01,9,10,tungsten,M2,1.3346,True,47.73,388.31,2024-03-03T01:24:30
5090,LOT006,LOT006-W01,10,1,copper,M3,1.3718,True,47.73,388.31,2024-03-03T01:25:00
5091,LOT006,LOT006-W01,10,2,copper,M2,1.02,True,47.73,388.31,2024-03-03T01:25:30
5092,LOT006,LOT006-W01,10,3,tungsten,M1,1.0168,False,47.73,388.31,2024-03-03T01:26:00
5093,LOT006,LOT006-W01,10,4,tungsten,M4,2.1399,True,47.73,388.31,2024-03-03T01:26:30
5094,LOT006,LOT006-W01,10,5,copper,M4,1.7744,True,47.73,388.31,2024-03-03T01:27:00
5095,LOT006,LOT006-W01,10,6,tungsten,M1,1.0248,True,47.73,388.31,2024-03-03T01:27:30
5096,LOT006,LOT006-W01,10,7,tungsten,M4,1.9686,True,47.73,388.31,2024-03-03T01:28:00
5097,LOT006,LOT006-W01,10,8,tungsten,M3,1.9357,True,47.73,388.31,2024-03-03T01:28:30
5098,LOT006,LOT006-W01,10,9,tungsten,M3,1.8072,True,47.73,388.31,2024-03-03T01:29:00
5099,LOT006,LOT006-W01,10,10,copper,M1,0.7666,True,47.73,388.31,2024-03-03T01:29:30
5100,LOT006,LOT006-W01,11,1,copper,M2,1.152,False,47.73,388.31,2024-03-03T01:30:00
5101,LOT006,LOT006-W01,11,2,tungsten,M3,1.8065,True,47.73,388.31,2024-03-03T01:30:30
5102,LOT006,LOT006-W01,11,3,tungsten,M1,0.9638,True,47.73,388.31,2024-03-03T01:31:00
5103,LOT006,LOT006-W01,11,4,tungsten,M2,1.3931,True,47.73,388.31,2024-03-03T01:31:30
5104,LOT006,LOT006-W01,11,5,copper,M4,1.7819,True,47.73,388.31,2024-03-03T01:32:00
5105,LOT006,LOT006-W01,11,6,tungsten,M2,1.3936,True,47.73,388.31,2024-03-03T01:32:30
5106,LOT006,LOT006-W01,11,7,copper,M3,1.2928,False,47.73,388.31,2024-03-03T01:33:00
5107,LOT006,LOT006-W01,11,8,copper,M3,1.3936,False,47.73,388.31,2024-03-03T01:33:30
5108,LOT006,LOT006-W01,11,9,tungsten,M4,2.1314,True,47.73,388.31,2024-03-03T01:34:00
5109,LOT006,LOT006-W01,11,10,copper,M3,1.4168,True,47.73,388.31,2024-03-03T01:34:30
5110,LOT006,LOT006-W01,12,1,tungsten,M1,0.9504,True,47.73,388.31,2024-03-03T01:35:00
5111,LOT006,LOT006-W01,12,2,copper,M3,1.389,True,47.73,388.31,2024-03-03T01:35:30
5112,LOT006,LOT006-W01,12,3,tungsten,M3,1.7602,True,47.73,388.31,2024-03-03T01:36:00
5113,LOT006,LOT006-W01,12,4,copper,M2,1.1036,True,47.73,388.31,2024-03-03T01:36:30
5114,LOT006,LOT006-W01,12,5,copper,M3,1.4075,True,47.73,388.31,2024-03-03T01:37:00
5115,LOT006,LOT006-W01,12,6,copper,M2,1.0393,True,47.73,388.31,2024-03-03T01:37:30
5116,LOT006,LOT006-W01,12,7,copper,M4,1.8423,True,47.73,388.31,2024-03-03T01:38:00
5117,LOT006,LOT006-W01,12,8,tungsten,M4,2.1314,False,47.73,388.31,2024-03-03T01:38:30
5118,LOT006,LOT006-W01,12,9,copper,M1,0.8357,True,47.73,388.31,2024-03-03T01:39:00
5119,LOT006,LOT006-W01,12,10,copper,M1,0.7879,True,47.73,388.31,2024-03-03T01:39:30
5120,LOT006,LOT006-W01,13,1,tungsten,M4,2.0974,True,47.73,388.31,2024-03-03T01:40:00
5121,LOT006,LOT006-W01,13,2,copper,M3,1.31,True,47.73,388.31,2024-03-03T01:40:30
5122,LOT006,LOT006-W01,13,3,copper,M4,1.7249,True,47.73,388.31,2024-03-03T01:41:00
5123,LOT006,LOT006-W01,13,4,tungsten,M2,1.4321,True,47.73,388.31,2024-03-03T01:41:30
5124,LOT006,LOT006-W01,13,5,tungsten,M1,0.9494,True,47.73,388.31,2024-03-03T01:42:00
5125,LOT006,LOT006-W01,13,6,copper,M1,0.7956,True,47.73,388.31,2024-03-03T01:42:30
5126,LOT006,LOT006-W01,13,7,copper,M4,1.6566,True,47.73,388.31,2024-03-03T01:43:00
5127,LOT006,LOT006-W01,13,8,tungsten,M2,1.4681,True,47.73,388.31,2024-03-03T01:43:30
5128,LOT006,LOT006-W01,13,9,tungsten,M3,1.9715,True,47.73,388.31,2024-03-03T01:44:00
5129,LOT006,LOT006-W01,13,10,copper,M1,0.8741,True,47.73,388.31,2024-03-03T01:44:30
5130,LOT006,LOT006-W01,14,1,copper,M4,1.7555,True,47.73,388.31,2024-03-03T01:45:00
5131,LOT006,LOT006-W01,14,2,copper,M1,0.7152,True,47.73,388.31,2024-03-03T01:45:30
5132,LOT006,LOT006-W01,14,3,tungsten,M3,1.8208,True,47.73,388.31,2024-03-03T01:46:00
5133,LOT006,LOT006-W01,14,4,tungsten,M1,1.0315,True,47.73,388.31,2024-03-03T01:46:30
5134,LOT006,LOT006-W01,14,5,tungsten,M1,0.9957,True,47.73,388.31,2024-03-03T01:47:00
5135,LOT006,LOT006-W01,14,6,tungsten,M1,0.9825,True,47.73,388.31,2024-03-03T01:47:30
5136,LOT006,LOT006-W01,14,7,copper,M1,0.825,True,47.73,388.31,2024-03-03T01:48:00
5137,LOT006,LOT006-W01,14,8,tungsten,M3,1.9397,True,47.73,388.31,2024-03-03T01:48:30
5138,LOT006,LOT006-W01,14,9,tungsten,M2,1.4115,True,47.73,388.31,2024-03-03T01:49:00
5139,LOT006,LOT006-W01,14,10,tungsten,M3,1.772,True,47.73,388.31,2024-03-03T01:49:30
5140,LOT006,LOT006-W01,15,1,tungsten,M1,1.1096,True,47.73,388.31,2024-03-03T01:50:00
5141,LOT006,LOT006-W01,15,2,tungsten,M3,1.7836,True,47.73,388.31,2024-03-03T01:50:30
5142,LOT006,LOT006-W01,15,3,tungsten,M1,1.0134,True,47.73,388.31,2024-03-03T01:51:00
5143,LOT006,LOT006-W01,15,4,copper,M4,1.7312,True,47.73,388.31,2024-03-03T01:51:30
5144,LOT006,LOT006-W01,15,5,tungsten,M3,1.6579,True,47.73,388.31,2024-03-03T01:52:00
5145,LOT006,LOT006-W01,15,6,tungsten,M3,1.7328,False,47.73,388.31,2024-03-03T01:52:30
5146,LOT006,LOT006-W01,15,7,tungsten,M3,1.7911,True,47.73,388.31,2024-03-03T01:53:00
5147,LOT006,LOT006-W01,15,8,copper,M2,1.0433,True,47.73,388.31,2024-03-03T01:53:30
5148,LOT006,LOT006-W01,15,9,tungsten,M4,2.1553,True,47.73,388.31,2024-03-03T01:54:00
5149,LOT006,LOT006-W01,15,10,copper,M2,1.1427,True,47.73,388.31,2024-03-03T01:54:30
5150,LOT006,LOT006-W01,16,1,tungsten,M1,0.9972,True,47.73,388.31,2024-03-03T01:55:00
5151,LOT006,LOT006-W01,16,2,copper,M2,1.1049,True,47.73,388.31,2024-03-03T01:55:30
5152,LOT006,LOT006-W01,16,3,tungsten,M4,2.0672,True,47.73,388.31,2024-03-03T01:56:00
5153,LOT006,LOT006-W01,16,4,tungsten,M4,2.0679,True,47.73,388.31,2024-03-03T01:56:30
5154,LOT006,LOT006-W01,16,5,tungsten,M3,1.911,True,47.73,388.31,2024-03-03T01:57:00
5155,LOT006,LOT006-W01,16,6,copper,M4,1.6972,True,47.73,388.31,2024-03-03T01:57:30
5156,LOT006,LOT006-W01,16,7,tungsten,M1,0.9703,True,47.73,388.31,2024-03-03T01:58:00
5157,LOT006,LOT006-W01,16,8,copper,M3,1.3774,True,47.73,388.31,2024-03-03T01:58:30
5158,LOT006,LOT006-W01,16,9,copper,M4,1.7083,True,47.73,388.31,2024-03-03T01:59:00
5159,LOT006,LOT006-W01,16,10,copper,M3,1.3755,True,47.73,388.31,2024-03-03T01:59:30
5160,LOT006,LOT006-W01,17,1,tungsten,M3,1.7515,False,47.73,388.31,2024-03-03T02:00:00
5161,LOT006,LOT006-W01,17,2,tungsten,M4,2.0341,True,47.73,388.31,2024-03-03T02:00:30
5162,LOT006,LOT006-W01,17,3,tungsten,M3,1.8206,True,47.73,388.31,2024-03-03T02:01:00
5163,LOT006,LOT006-W01,17,4,copper,M1,0.8275,True,47.73,388.31,2024-03-03T02:01:30
5164,LOT006,LOT006-W01,17,5,copper,M4,1.6698,True,47.73,388.31,2024-03-03T02:02:00
5165,LOT006,LOT006-W01,17,6,tungsten,M4,2.0037,True,47.73,388.31,2024-03-03T02:02:30
5166,LOT006,LOT006-W01,17,7,tungsten,M1,0.9376,False,47.73,388.31,2024-03-03T02:03:00
5167,LOT006,LOT006-W01,17,8,copper,M2,1.1631,True,47.73,388.31,2024-03-03T02:03:30
5168,LOT006,LOT006-W01,17,9,copper,M2,1.2073,True,47.73,388.31,2024-03-03T02:04:00
5169,LOT006,LOT006-W01,17,10,tungsten,M1,0.963,True,47.73,388.31,2024-03-03T02:04:30
5170,LOT006,LOT006-W01,18,1,copper,M3,1.4178,True,47.73,388.31,2024-03-03T02:05:00
5171,LOT006,LOT006-W01,18,2,copper,M1,0.759,False,47.73,388.31,2024-03-03T02:05:30
5172,LOT006,LOT006-W01,18,3,copper,M4,1.7185,True,47.73,388.31,2024-03-03T02:06:00
5173,LOT006,LOT006-W01,18,4,tungsten,M1,0.9846,True,47.73,388.31,2024-03-03T02:06:30
5174,LOT006,LOT006-W01,18,5,tungsten,M3,1.6886,True,47.73,388.31,2024-03-03T02:07:00
5175,LOT006,LOT006-W01,18,6,copper,M1,0.7889,True,47.73,388.31,2024-03-03T02:07:30
5176,LOT006,LOT006-W01,18,7,tungsten,M2,1.4508,False,47.73,388.31,2024-03-03T02:08:00
5177,LOT006,LOT006-W01,18,8,copper,M4,1.6399,True,47.73,388.31,2024-03-03T02:08:30
5178,LOT006,LOT006-W01,18,9,tungsten,M4,2.0963,True,47.73,388.31,2024-03-03T02:09:00
5179,LOT006,LOT006-W01,18,10,copper,M3,1.3975,True,47.73,388.31,2024-03-03T02:09:30
5180,LOT006,LOT006-W01,19,1,tungsten,M1,0.9759,True,47.73,388.31,2024-03-03T02:10:00
5181,LOT006,LOT006-W01,19,2,tungsten,M1,0.9892,True,47.73,388.31,2024-03-03T02:10:30
5182,LOT006,LOT006-W01,19,3,tungsten,M2,1.5696,True,47.73,388.31,2024-03-03T02:11:00
5183,LOT006,LOT006-W01,19,4,copper,M3,1.4599,True,47.73,388.31,2024-03-03T02:11:30
5184,LOT006,LOT006-W01,19,5,tungsten,M1,1.0803,True,47.73,388.31,2024-03-03T02:12:00
5185,LOT006,LOT006-W01,19,6,copper,M1,0.8105,False,47.73,388.31,2024-03-03T02:12:30
5186,LOT006,LOT006-W01,19,7,tungsten,M2,1.3969,True,47.73,388.31,2024-03-03T02:13:00
5187,LOT006,LOT006-W01,19,8,copper,M2,1.0337,True,47.73,388.31,2024-03-03T02:13:30
5188,LOT006,LOT006-W01,19,9,tungsten,M3,1.9143,True,47.73,388.31,2024-03-03T02:14:00
5189,LOT006,LOT006-W01,19,10,tungsten,M2,1.3889,True,47.73,388.31,2024-03-03T02:14:30
5190,LOT006,LOT006-W01,20,1,tungsten,M2,1.334,True,47.73,388.31,2024-03-03T02:15:00
5191,LOT006,LOT006-W01,20,2,copper,M4,1.5864,True,47.73,388.31,2024-03-03T02:15:30
5192,LOT006,LOT006-W01,20,3,copper,M2,1.0357,True,47.73,388.31,2024-03-03T02:16:00
5193,LOT006,LOT006-W01,20,4,tungsten,M4,2.1132,True,47.73,388.31,2024-03-03T02:16:30
5194,LOT006,LOT006-W01,20,5,copper,M1,0.7791,True,47.73,388.31,2024-03-03T02:17:00
5195,LOT006,LOT006-W01,20,6,tungsten,M2,1.4358,True,47.73,388.31,2024-03-03T02:17:30
5196,LOT006,LOT006-W01,20,7,tungsten,M4,2.0987,False,47.73,388.31,2024-03-03T02:18:00
5197,LOT006,LOT006-W01,20,8,copper,M2,1.0887,True,47.73,388.31,2024-03-03T02:18:30
5198,LOT006,LOT006-W01,20,9,tungsten,M3,1.8413,True,47.73,388.31,2024-03-03T02:19:00
5199,LOT006,LOT006-W01,20,10,tungsten,M2,1.4313,True,47.73,388.31,2024-03-03T02:19:30
5200,LOT006,LOT006-W02,1,1,tungsten,M3,1.8386,True,41.39,410.33,2024-03-03T02:20:00
5201,LOT006,LOT006-W02,1,2,tungsten,M3,1.7006,True,41.39,410.33,2024-03-03T02:20:30
5202,LOT006,LOT006-W02,1,3,tungsten,M1,1.0273,True,41.39,410.33,2024-03-03T02:21:00
5203,LOT006,LOT006-W02,1,4,tungsten,M2,1.4751,True,41.39,410.33,2024-03-03T02:21:30
5204,LOT006,LOT006-W02,1,5,copper,M3,1.4925,True,41.39,410.33,2024-03-03T02:22:00
5205,LOT006,LOT006-W02,1,6,tungsten,M2,1.5783,True,41.39,410.33,2024-03-03T02:22:30
5206,LOT006,LOT006-W02,1,7,tungsten,M3,1.798,True,41.39,410.33,2024-03-03T02:23:00
5207,LOT006,LOT006-W02,1,8,tungsten,M4,2.0399,True,41.39,410.33,2024-03-03T02:23:30
5208,LOT006,LOT006-W02,1,9,copper,M3,1.4422,True,41.39,410.33,2024-03-03T02:24:00
5209,LOT006,LOT006-W02,1,10,copper,M1,0.6929,True,41.39,410.33,2024-03-03T02:24:30
5210,LOT006,LOT006-W02,2,1,tungsten,M3,1.7895,True,41.39,410.33,2024-03-03T02:25:00
5211,LOT006,LOT006-W02,2,2,copper,M4,1.6498,True,41.39,410.33,2024-03-03T02:25:30
5212,LOT006,LOT006-W02,2,3,copper,M1,0.7978,True,41.39,410.33,2024-03-03T02:26:00
5213,LOT006,LOT006-W02,2,4,copper,M4,1.7185,True,41.39,410.33,2024-03-03T02:26:30
5214,LOT006,LOT006-W02,2,5,tungsten,M1,1.009,True,41.39,410.33,2024-03-03T02:27:00
5215,LOT006,LOT006-W02,2,6,copper,M4,1.8298,True,41.39,410.33,2024-03-03T02:27:30
5216,LOT006,LOT006-W02,2,7,tungsten,M3,1.6902,True,41.39,410.33,2024-03-03T02:28:00
5217,LOT006,LOT006-W02,2,8,copper,M2,1.1141,True,41.39,410.33,2024-03-03T02:28:30
5218,LOT006,LOT006-W02,2,9,copper,M2,1.1603,True,41.39,410.33,2024-03-03T02:29:00
5219,LOT006,LOT006-W02,2,10,copper,M2,0.9956,True,41.39,410.33,2024-03-03T02:29:30
5220,LOT006,LOT006-W02,3,1,tungsten,M1,0.9518,True,41.39,410.33,2024-03-03T02:30:00
5221,LOT006,LOT006-W02,3,2,copper,M4,1.5335,True,41.39,410.33,2024-03-03T02:30:30
5222,LOT006,LOT006-W02,3,3,copper,M1,0.8052,True,41.39,410.33,2024-03-03T02:31:00
5223,LOT006,LOT006-W02,3,4,tungsten,M3,1.8107,False,41.39,410.33,2024-03-03T02:31:30
5224,LOT006,LOT006-W02,3,5,copper,M1,0.7847,True,41.39,410.33,2024-03-03T02:32:00
5225,LOT006,LOT006-W02,3,6,tungsten,M2,1.3618,True,41.39,410.33,2024-03-03T02:32:30
5226,LOT006,LOT006-W02,3,7,tungsten,M4,2.1265,True,41.39,410.33,2024-03-03T02:33:00
5227,LOT006,LOT006-W02,3,8,tungsten,M3,1.6369,True,41.39,410.33,2024-03-03T02:33:30
5228,LOT006,LOT006-W02,3,9,copper,M4,1.6677,True,41.39,410.33,2024-03-03T02:34:00
5229,LOT006,LOT006-W02,3,10,tungsten,M2,1.2979,True,41.39,410.33,2024-03-03T02:34:30
5230,LOT006,LOT006-W02,4,1,copper,M2,1.0998,True,41.39,410.33,2024-03-03T02:35:00
5231,LOT006,LOT006-W02,4,2,tungsten,M2,1.4632,True,41.39,410.33,2024-03-03T02:35:30
5232,LOT006,LOT006-W02,4,3,copper,M2,1.1174,True,41.39,410.33,2024-03-03T02:36:00
5233,LOT006,LOT006-W02,4,4,copper,M4,1.8019,True,41.39,410.33,2024-03-03T02:36:30
5234,LOT006,LOT006-W02,4,5,tungsten,M2,1.5221,True,41.39,410.33,2024-03-03T02:37:00
5235,LOT006,LOT006-W02,4,6,copper,M1,0.7958,True,41.39,410.33,2024-03-03T02:37:30
5236,LOT006,LOT006-W02,4,7,copper,M3,1.5501,True,41.39,410.33,2024-03-03T02:38:00
5237,LOT006,LOT006-W02,4,8,tungsten,M3,1.7475,False,41.39,410.33,2024-03-03T02:38:30
5238,LOT006,LOT006-W02,4,9,copper,M4,1.6596,True,41.39,410.33,2024-03-03T02:39:00
5239,LOT006,LOT006-W02,4,10,tungsten,M3,1.9748,True,41.39,410.33,2024-03-03T02:39:30
5240,LOT006,LOT006-W02,5,1,copper,M3,1.336,True,41.39,410.33,2024-03-03T02:40:00
5241,LOT006,LOT006-W02,5,2,tungsten,M4,2.2706,True,41.39,410.33,2024-03-03T02:40:30
5242,LOT006,LOT006-W02,5,3,tungsten,M1,0.9891,True,41.39,410.33,2024-03-03T02:41:00
5243,LOT006,LOT006-W02,5,4,copper,M3,1.4678,True,41.39,410.33,2024-03-03T02:41:30
5244,LOT006,LOT006-W02,5,5,copper,M1,0.8237,True,41.39,410.33,2024-03-03T02:42:00
5245,LOT006,LOT006-W02,5,6,tungsten,M4,2.2641,True,41.39,410.33,2024-03-03T02:42:30
5246,LOT006,LOT006-W02,5,7,copper,M4,1.6875,True,41.39,410.33,2024-03-03T02:43:00
5247,LOT006,LOT006-W02,5,8,copper,M2,1.1074,True,41.39,410.33,2024-03-03T02:43:30
5248,LOT006,LOT006-W02,5,9,tungsten,M3,1.8251,True,41.39,410.33,2024-03-03T02:44:00
5249,LOT006,LOT006-W02,5,10,copper,M3,1.3548,True,41.39,410.33,2024-03-03T02:44:30
5250,LOT006,LOT006-W02,6,1,tungsten,M3,1.9537,True,41.39,410.33,2024-03-03T02:45:00
5251,LOT006,LOT006-W02,6,2,copper,M3,1.3551,True,41.39,410.33,2024-03-03T02:45:30
5252,LOT006,LOT006-W02,6,3,tungsten,M2,1.2403,True,41.39,410.33,2024-03-03T02:46:00
5253,LOT006,LOT006-W02,6,4,copper,M1,0.7545,False,41.39,410.33,2024-03-03T02:46:30
5254,LOT006,LOT006-W02,6,5,copper,M4,1.5764,True,41.39,410.33,2024-03-03T02:47:00
5255,LOT006,LOT006-W02,6,6,tungsten,M2,1.3568,True,41.39,410.33,2024-03-03T02:47:30
5256,LOT006,LOT006-W02,6,7,tungsten,M4,2.1419,False,41.39,410.33,2024-03-03T02:48:00
5257,LOT006,LOT006-W02,6,8,copper,M3,1.3177,True,41.39,410.33,2024-03-03T02:48:30
5258,LOT006,LOT006-W02,6,9,copper,M3,1.4722,True,41.39,410.33,2024-03-03T02:49:00
5259,LOT006,LOT006-W02,6,10,tungsten,M3,1.9542,True,41.39,410.33,2024-03-03T02:49:30
5260,LOT006,LOT006-W02,7,1,copper,M4,1.6699,True,41.39,410.33,2024-03-03T02:50:00
5261,LOT006,LOT006-W02,7,2,tungsten,M2,1.4435,True,41.39,410.33,2024-03-03T02:50:30
5262,LOT006,LOT006-W02,7,3,tungsten,M2,1.3929,True,41.39,410.33,2024-03-03T02:51:00
5263,LOT006,LOT006-W02,7,4,tungsten,M4,2.1063,True,41.39,410.33,2024-03-03T02:51:30
5264,LOT006,LOT006-W02,7,5,copper,M4,1.7619,True,41.39,410.33,2024-03-03T02:52:00
5265,LOT006,LOT006-W02,7,6,copper,M1,0.7714,True,41.39,410.33,2024-03-03T02:52:30
5266,LOT006,LOT006-W02,7,7,copper,M3,1.4087,True,41.39,410.33,2024-03-03T02:53:00
5267,LOT006,LOT006-W02,7,8,copper,M4,1.7743,True,41.39,410.33,2024-03-03T02:53:30
5268,LOT006,LOT006-W02,7,9,copper,M4,1.7558,True,41.39,410.33,2024-03-03T02:54:00
5269,LOT006,LOT006-W02,7,10,copper,M4,1.5636,True,41.39,410.33,2024-03-03T02:54:30
5270,LOT006,LOT006-W02,8,1,copper,M4,1.6102,True,41.39,410.33,2024-03-03T02:55:00
5271,LOT006,LOT006-W02,8,2,tungsten,M4,2.2209,True,41.39,410.33,2024-03-03T02:55:30
5272,LOT006,LOT006-W02,8,3,copper,M1,0.8136,True,41.39,410.33,2024-03-03T02:56:00
5273,LOT006,LOT006-W02,8,4,tungsten,M1,0.9711,True,41.39,410.33,2024-03-03T02:56:30
5274,LOT006,LOT006-W02,8,5,copper,M3,1.3668,True,41.39,410.33,2024-03-03T02:57:00
5275,LOT006,LOT006-W02,8,6,tungsten,M3,1.8995,True,41.39,410.33,2024-03-03T02:57:30
5276,LOT006,LOT006-W02,8,7,copper,M2,1.0297,True,41.39,410.33,2024-03-03T02:58:00
5277,LOT006,LOT006-W02,8,8,copper,M2,1.0942,True,41.39,410.33,2024-03-03T02:58:30
5278,LOT006,LOT006-W02,8,9,tungsten,M1,1.0211,True,41.39,410.33,2024-03-03T02:59:00
5279,LOT006,LOT006-W02,8,10,copper,M3,1.4941,True,41.39,410.33,2024-03-03T02:59:30
5280,LOT006,LOT006-W02,9,1,tungsten,M2,1.4052,True,41.39,410.33,2024-03-03T03:00:00
5281,LOT006,LOT006-W02,9,2,copper,M2,1.1143,True,41.39,410.33,2024-03-03T03:00:30
5282,LOT006,LOT006-W02,9,3,copper,M3,1.4668,True,41.39,410.33,2024-03-03T03:01:00
5283,LOT006,LOT006-W02,9,4,copper,M1,0.8472,True,41.39,410.33,2024-03-03T03:01:30
5284,LOT006,LOT006-W02,9,5,tungsten,M4,2.1928,True,41.39,410.33,2024-03-03T03:02:00
5285,LOT006,LOT006-W02,9,6,copper,M3,1.3868,True,41.39,410.33,2024-03-03T03:02:30
5286,LOT006,LOT006-W02,9,7,tungsten,M1,1.0373,True,41.39,410.33,2024-03-03T03:03:00
5287,LOT006,LOT006-W02,9,8,tungsten,M3,1.911,True,41.39,410.33,2024-03-03T03:03:30
5288,LOT006,LOT006-W02,9,9,tungsten,M3,1.8239,True,41.39,410.33,2024-03-03T03:04:00
5289,LOT006,LOT006-W02,9,10,tungsten,M2,1.4498,True,41.39,410.33,2024-03-03T03:04:30
5290,LOT006,LOT006-W02,10,1,tungsten,M3,1.7252,False,41.39,410.33,2024-03-03T03:05:00
5291,LOT006,LOT006-W02,10,2,copper,M1,0.8301,True,41.39,410.33,2024-03-03T03:05:30
5292,LOT006,LOT006-W02,10,3,copper,M3,1.4416,True,41.39,410.33,2024-03-03T03:06:00
5293,LOT006,LOT006-W02,10,4,copper,M3,1.3478,True,41.39,410.33,2024-03-03T03:06:30
5294,LOT006,LOT006-W02,10,5,tungsten,M4,1.8743,True,41.39,410.33,2024-03-03T03:07:00
5295,LOT006,LOT006-W02,10,6,tungsten,M4,1.9502,True,41.39,410.33,2024-03-03T03:07:30
5296,LOT006,LOT006-W02,10,7,tungsten,M3,1.8345,True,41.39,410.33,2024-03-03T03:08:00
5297,LOT006,LOT006-W02,10,8,copper,M4,1.6741,True,41.39,410.33,2024-03-03T03:08:30
5298,LOT006,LOT006-W02,10,9,copper,M2,1.1343,True,41.39,410.33,2024-03-03T03:09:00
5299,LOT006,LOT006-W02,10,10,tungsten,M3,1.7973,True,41.39,410.33,2024-03-03T03:09:30
5300,LOT006,LOT006-W02,11,1,tungsten,M1,0.9611,False,41.39,410.33,2024-03-03T03:10:00
5301,LOT006,LOT006-W02,11,2,copper,M2,1.1161,True,41.39,410.33,2024-03-03T03:10:30
5302,LOT006,LOT006-W02,11,3,copper,M4,1.6909,True,41.39,410.33,2024-03-03T03:11:00
5303,LOT006,LOT006-W02,11,4,tungsten,M2,1.3358,False,41.39,410.33,2024-03-03T03:11:30
5304,LOT006,LOT006-W02,11,5,copper,M4,1.7174,True,41.39,410.33,2024-03-03T03:12:00
5305,LOT006,LOT006-W02,11,6,tungsten,M3,1.8343,True,41.39,410.33,2024-03-03T03:12:30
5306,LOT006,LOT006-W02,11,7,copper,M1,0.8321,True,41.39,410.33,2024-03-03T03:13:00
5307,LOT006,LOT006-W02,11,8,copper,M2,1.0893,True,41.39,410.33,2024-03-03T03:13:30
5308,LOT006,LOT006-W02,11,9,tungsten,M4,2.0876,True,41.39,410.33,2024-03-03T03:14:00
5309,LOT006,LOT006-W02,11,10,copper,M2,1.0969,True,41.39,410.33,2024-03-03T03:14:30
5310,LOT006,LOT006-W02,12,1,tungsten,M2,1.5424,True,41.39,410.33,2024-03-03T03:15:00
5311,LOT006,LOT006-W02,12,2,tungsten,M1,1.0064,True,41.39,410.33,2024-03-03T03:15:30
5312,LOT006,LOT006-W02,12,3,tungsten,M1,0.9738,True,41.39,410.33,2024-03-03T03:16:00
5313,LOT006,LOT006-W02,12,4,copper,M2,1.0529,True,41.39,410.33,2024-03-03T03:16:30
5314,LOT006,LOT006-W02,12,5,tungsten,M1,1.0221,True,41.39,410.33,2024-03-03T03:17:00
5315,LOT006,LOT006-W02,12,6,copper,M3,1.4377,True,41.39,410.33,2024-03-03T03:17:30
5316,LOT006,LOT006-W02,12,7,copper,M1,0.7542,True,41.39,410.33,2024-03-03T03:18:00
5317,LOT006,LOT006-W02,12,8,copper,M2,1.0872,True,41.39,410.33,2024-03-03T03:18:30
5318,LOT006,LOT006-W02,12,9,copper,M3,1.4129,True,41.39,410.33,2024-03-03T03:19:00
5319,LOT006,LOT006-W02,12,10,tungsten,M2,1.3616,True,41.39,410.33,2024-03-03T03:19:30
5320,LOT006,LOT006-W02,13,1,tungsten,M3,1.819,True,41.39,410.33,2024-03-03T03:20:00
5321,LOT006,LOT006-W02,13,2,copper,M4,1.7014,True,41.39,410.33,2024-03-03T03:20:30
5322,LOT006,LOT006-W02,13,3,copper,M3,1.3463,True,41.39,410.33,2024-03-03T03:21:00
5323,LOT006,LOT006-W02,13,4,copper,M3,1.5059,True,41.39,410.33,2024-03-03T03:21:30
5324,LOT006,LOT006-W02,13,5,tungsten,M1,0.9548,True,41.39,410.33,2024-03-03T03:22:00
5325,LOT006,LOT006-W02,13,6,tungsten,M4,2.2109,True,41.39,410.33,2024-03-03T03:22:30
5326,LOT006,LOT006-W02,13,7,copper,M1,0.7984,True,41.39,410.33,2024-03-03T03:23:00
5327,LOT006,LOT006-W02,13,8,tungsten,M2,1.396,True,41.39,410.33,2024-03-03T03:23:30
5328,LOT006,LOT006-W02,13,9,copper,M4,1.4498,True,41.39,410.33,2024-03-03T03:24:00
5329,LOT006,LOT006-W02,13,10,copper,M3,1.3499,True,41.39,410.33,2024-03-03T03:24:30
5330,LOT006,LOT006-W02,14,1,tungsten,M1,1.0601,True,41.39,410.33,2024-03-03T03:25:00
5331,LOT006,LOT006-W02,14,2,copper,M3,1.4792,True,41.39,410.33,2024-03-03T03:25:30
5332,LOT006,LOT006-W02,14,3,copper,M1,0.7909,True,41.39,410.33,2024-03-03T03:26:00
5333,LOT006,LOT006-W02,14,4,copper,M3,1.4444,True,41.39,410.33,2024-03-03T03:26:30
5334,LOT006,LOT006-W02,14,5,copper,M2,1.0849,True,41.39,410.33,2024-03-03T03:27:00
5335,LOT006,LOT006-W02,14,6,copper,M4,1.5734,True,41.39,410.33,2024-03-03T03:27:30
5336,LOT006,LOT006-W02,14,7,copper,M2,1.0354,True,41.39,410.33,2024-03-03T03:28:00
5337,LOT006,LOT006-W02,14,8,tungsten,M2,1.2966,True,41.39,410.33,2024-03-03T03:28:30
5338,LOT006,LOT006-W02,14,9,tungsten,M1,0.997,True,41.39,410.33,2024-03-03T03:29:00
5339,LOT006,LOT006-W02,14,10,tungsten,M3,1.7899,True,41.39,410.33,2024-03-03T03:29:30
5340,LOT006,LOT006-W02,15,1,tungsten,M3,1.7693,True,41.39,410.33,2024-03-03T03:30:00
5341,LOT006,LOT006-W02,15,2,tungsten,M2,1.4082,True,41.39,410.33,2024-03-03T03:30:30
5342,LOT006,LOT006-W02,15,3,tungsten,M4,2.1253,True,41.39,410.33,2024-03-03T03:31:00
5343,LOT006,LOT006-W02,15,4,tungsten,M2,1.4206,True,41.39,410.33,2024-03-03T03:31:30
5344,LOT006,LOT006-W02,15,5,copper,M4,1.7223,True,41.39,410.33,2024-03-03T03:32:00
5345,LOT006,LOT006-W02,15,6,tungsten,M3,1.7847,True,41.39,410.33,2024-03-03T03:32:30
5346,LOT006,LOT006-W02,15,7,tungsten,M1,1.0424,True,41.39,410.33,2024-03-03T03:33:00
5347,LOT006,LOT006-W02,15,8,copper,M2,1.1638,True,41.39,410.33,2024-03-03T03:33:30
5348,LOT006,LOT006-W02,15,9,copper,M1,0.8196,True,41.39,410.33,2024-03-03T03:34:00
5349,LOT006,LOT006-W02,15,10,tungsten,M1,1.0562,True,41.39,410.33,2024-03-03T03:34:30
5350,LOT006,LOT006-W02,16,1,copper,M4,1.7669,True,41.39,410.33,2024-03-03T03:35:00
5351,LOT006,LOT006-W02,16,2,copper,M3,1.3072,True,41.39,410.33,2024-03-03T03:35:30
5352,LOT006,LOT006-W02,16,3,tungsten,M2,1.4317,True,41.39,410.33,2024-03-03T03:36:00
5353,LOT006,LOT006-W02,16,4,tungsten,M2,1.4932,True,41.39,410.33,2024-03-03T03:36:30
5354,LOT006,LOT006-W02,16,5,tungsten,M3,1.9109,True,41.39,410.33,2024-03-03T03:37:00
5355,LOT006,LOT006-W02,16,6,copper,M2,1.1315,True,41.39,410.33,2024-03-03T03:37:30
5356,LOT006,LOT006-W02,16,7,copper,M1,0.8006,True,41.39,410.33,2024-03-03T03:38:00
5357,LOT006,LOT006-W02,16,8,tungsten,M3,1.8648,True,41.39,410.33,2024-03-03T03:38:30
5358,LOT006,LOT006-W02,16,9,tungsten,M4,1.7905,True,41.39,410.33,2024-03-03T03:39:00
5359,LOT006,LOT006-W02,16,10,copper,M4,1.6882,True,41.39,410.33,2024-03-03T03:39:30
5360,LOT006,LOT006-W02,17,1,tungsten,M1,0.9748,True,41.39,410.33,2024-03-03T03:40:00
5361,LOT006,LOT006-W02,17,2,copper,M4,1.7425,True,41.39,410.33,2024-03-03T03:40:30
5362,LOT006,LOT006-W02,17,3,tungsten,M1,1.0421,True,41.39,410.33,2024-03-03T03:41:00
5363,LOT006,LOT006-W02,17,4,copper,M2,1.0922,True,41.39,410.33,2024-03-03T03:41:30
5364,LOT006,LOT006-W02,17,5,tungsten,M2,1.4075,True,41.39,410.33,2024-03-03T03:42:00
5365,LOT006,LOT006-W02,17,6,tungsten,M2,1.2932,True,41.39,410.33,2024-03-03T03:42:30
5366,LOT006,LOT006-W02,17,7,tungsten,M1,1.0904,True,41.39,410.33,2024-03-03T03:43:00
5367,LOT006,LOT006-W02,17,8,tungsten,M3,1.8182,True,41.39,410.33,2024-03-03T03:43:30
5368,LOT006,LOT006-W02,17,9,copper,M3,1.3883,False,41.39,410.33,2024-03-03T03:44:00
5369,LOT006,LOT006-W02,17,10,copper,M2,1.0771,True,41.39,410.33,2024-03-03T03:44:30
5370,LOT006,LOT006-W02,18,1,copper,M3,1.4576,True,41.39,410.33,2024-03-03T03:45:00
5371,LOT006,LOT006-W02,18,2,copper,M4,1.6565,True,41.39,410.33,2024-03-03T03:45:30
5372,LOT006,LOT006-W02,18,3,copper,M1,0.8187,True,41.39,410.33,2024-03-03T03:46:00
5373,LOT006,LOT006-W02,18,4,copper,M4,1.6756,True,41.39,410.33,2024-03-03T03:46:30
5374,LOT006,LOT006-W02,18,5,copper,M2,1.248,True,41.39,410.33,2024-03-03T03:47:00
5375,LOT006,LOT006-W02,18,6,copper,M1,0.7584,True,41.39,410.33,2024-03-03T03:47:30
5376,LOT006,LOT006-W02,18,7,tungsten,M4,1.8774,True,41.39,410.33,2024-03-03T03:48:00
5377,LOT006,LOT006-W02,18,8,tungsten,M3,1.788,True,41.39,410.33,2024-03-03T03:48:30
5378,LOT006,LOT006-W02,18,9,tungsten,M4,2.0072,True,41.39,410.33,2024-03-03T03:49:00
5379,LOT006,LOT006-W02,18,10,copper,M4,1.7434,True,41.39,410.33,2024-03-03T03:49:30
5380,LOT006,LOT006-W02,19,1,copper,M2,1.0052,True,41.39,410.33,2024-03-03T03:50:00
5381,LOT006,LOT006-W02,19,2,copper,M2,1.1407,True,41.39,410.33,2024-03-03T03:50:30
5382,LOT006,LOT006-W02,19,3,copper,M2,1.0898,True,41.39,410.33,2024-03-03T03:51:00
5383,LOT006,LOT006-W02,19,4,tungsten,M2,1.1919,True,41.39,410.33,2024-03-03T03:51:30
5384,LOT006,LOT006-W02,19,5,copper,M1,0.789,False,41.39,410.33,2024-03-03T03:52:00
5385,LOT006,LOT006-W02,19,6,copper,M1,0.803,True,41.39,410.33,2024-03-03T03:52:30
5386,LOT006,LOT006-W02,19,7,tungsten,M4,2.0371,True,41.39,410.33,2024-03-03T03:53:00
5387,LOT006,LOT006-W02,19,8,tungsten,M3,1.7437,True,41.39,410.33,2024-03-03T03:53:30
5388,LOT006,LOT006-W02,19,9,tungsten,M4,2.0659,True,41.39,410.33,2024-03-03T03:54:00
5389,LOT006,LOT006-W02,19,10,copper,M3,1.4053,True,41.39,410.33,2024-03-03T03:54:30
5390,LOT006,LOT006-W02,20,1,copper,M4,1.7205,True,41.39,410.33,2024-03-03T03:55:00
5391,LOT006,LOT006-W02,20,2,copper,M3,1.4084,True,41.39,410.33,2024-03-03T03:55:30
5392,LOT006,LOT006-W02,20,3,copper,M4,1.5447,True,41.39,410.33,2024-03-03T03:56:00
5393,LOT006,LOT006-W02,20,4,tungsten,M4,2.1543,True,41.39,410.33,2024-03-03T03:56:30
5394,LOT006,LOT006-W02,20,5,tungsten,M1,0.9474,True,41.39,410.33,2024-03-03T03:57:00
5395,LOT006,LOT006-W02,20,6,tungsten,M3,1.682,True,41.39,410.33,2024-03-03T03:57:30
5396,LOT006,LOT006-W02,20,7,copper,M4,1.8815,True,41.39,410.33,2024-03-03T03:58:00
5397,LOT006,LOT006-W02,20,8,copper,M3,1.4249,True,41.39,410.33,2024-03-03T03:58:30
5398,LOT006,LOT006-W02,20,9,tungsten,M1,0.9449,True,41.39,410.33,2024-03-03T03:59:00
5399,LOT006,LOT006-W02,20,10,copper,M3,1.4869,True,41.39,410.33,2024-03-03T03:59:30
5400,LOT006,LOT006-W03,1,1,tungsten,M1,1.0492,True,37.69,413.3,2024-03-03T04:00:00
5401,LOT006,LOT006-W03,1,2,copper,M4,1.7327,True,37.69,413.3,2024-03-03T04:00:30
5402,LOT006,LOT006-W03,1,3,copper,M4,1.8074,True,37.69,413.3,2024-03-03T04:01:00
5403,LOT006,LOT006-W03,1,4,copper,M1,0.772,True,37.69,413.3,2024-03-03T04:01:30
5404,LOT006,LOT006-W03,1,5,tungsten,M3,1.7946,True,37.69,413.3,2024-03-03T04:02:00
5405,LOT006,LOT006-W03,1,6,copper,M1,0.821,True,37.69,413.3,2024-03-03T04:02:30
5406,LOT006,LOT006-W03,1,7,tungsten,M1,0.9482,True,37.69,413.3,2024-03-03T04:03:00
5407,LOT006,LOT006-W03,1,8,copper,M3,1.434,True,37.69,413.3,2024-03-03T04:03:30
5408,LOT006,LOT006-W03,1,9,copper,M1,0.7952,True,37.69,413.3,2024-03-03T04:04:00
5409,LOT006,LOT006-W03,1,10,copper,M2,1.1767,True,37.69,413.3,2024-03-03T04:04:30
5410,LOT006,LOT006-W03,2,1,tungsten,M2,1.4672,True,37.69,413.3,2024-03-03T04:05:00
5411,LOT006,LOT006-W03,2,2,tungsten,M1,0.9839,True,37.69,413.3,2024-03-03T04:05:30
5412,LOT006,LOT006-W03,2,3,copper,M3,1.4677,True,37.69,413.3,2024-03-03T04:06:00
5413,LOT006,LOT006-W03,2,4,copper,M3,1.4475,True,37.69,413.3,2024-03-03T04:06:30
5414,LOT006,LOT006-W03,2,5,copper,M1,0.8301,True,37.69,413.3,2024-03-03T04:07:00
5415,LOT006,LOT006-W03,2,6,tungsten,M2,1.3476,True,37.69,413.3,2024-03-03T04:07:30
5416,LOT006,LOT006-W03,2,7,copper,M1,0.7786,True,37.69,413.3,2024-03-03T04:08:00
5417,LOT006,LOT006-W03,2,8,tungsten,M2,1.4435,True,37.69,413.3,2024-03-03T04:08:30
5418,LOT006,LOT006-W03,2,9,copper,M2,1.1068,True,37.69,413.3,2024-03-03T04:09:00
5419,LOT006,LOT006-W03,2,10,copper,M1,0.7854,True,37.69,413.3,2024-03-03T04:09:30
5420,LOT006,LOT006-W03,3,1,tungsten,M1,0.9722,True,37.69,413.3,2024-03-03T04:10:00
5421,LOT006,LOT006-W03,3,2,tungsten,M3,1.8269,True,37.69,413.3,2024-03-03T04:10:30
5422,LOT006,LOT006-W03,3,3,tungsten,M4,2.1654,True,37.69,413.3,2024-03-03T04:11:00
5423,LOT006,LOT006-W03,3,4,tungsten,M4,2.2245,True,37.69,413.3,2024-03-03T04:11:30
5424,LOT006,LOT006-W03,3,5,copper,M3,1.3122,False,37.69,413.3,2024-03-03T04:12:00
5425,LOT006,LOT006-W03,3,6,tungsten,M4,2.1049,True,37.69,413.3,2024-03-03T04:12:30
5426,LOT006,LOT006-W03,3,7,copper,M1,0.8635,True,37.69,413.3,2024-03-03T04:13:00
5427,LOT006,LOT006-W03,3,8,copper,M1,0.8342,False,37.69,413.3,2024-03-03T04:13:30
5428,LOT006,LOT006-W03,3,9,copper,M4,1.6635,True,37.69,413.3,2024-03-03T04:14:00
5429,LOT006,LOT006-W03,3,10,tungsten,M3,1.8114,True,37.69,413.3,2024-03-03T04:14:30
5430,LOT006,LOT006-W03,4,1,copper,M2,1.065,True,37.69,413.3,2024-03-03T04:15:00
5431,LOT006,LOT006-W03,4,2,copper,M4,1.8188,True,37.69,413.3,2024-03-03T04:15:30
5432,LOT006,LOT006-W03,4,3,tungsten,M4,2.1583,True,37.69,413.3,2024-03-03T04:16:00
5433,LOT006,LOT006-W03,4,4,copper,M1,0.8595,True,37.69,413.3,2024-03-03T04:16:30
5434,LOT006,LOT006-W03,4,5,copper,M2,1.144,True,37.69,413.3,2024-03-03T04:17:00
5435,LOT006,LOT006-W03,4,6,copper,M3,1.2759,True,37.69,413.3,2024-03-03T04:17:30
5436,LOT006,LOT006-W03,4,7,copper,M2,1.0194,True,37.69,413.3,2024-03-03T04:18:00
5437,LOT006,LOT006-W03,4,8,copper,M4,1.6506,False,37.69,413.3,2024-03-03T04:18:30
5438,LOT006,LOT006-W03,4,9,copper,M4,1.7254,True,37.69,413.3,2024-03-03T04:19:00
5439,LOT006,LOT006-W03,4,10,tungsten,M2,1.3474,True,37.69,413.3,2024-03-03T04:19:30
5440,LOT006,LOT006-W03,5,1,tungsten,M2,1.4115,True,37.69,413.3,2024-03-03T04:20:00
5441,LOT006,LOT006-W03,5,2,tungsten,M1,1.0161,True,37.69,413.3,2024-03-03T04:20:30
5442,LOT006,LOT006-W03,5,3,tungsten,M2,1.3555,True,37.69,413.3,2024-03-03T04:21:00
5443,LOT006,LOT006-W03,5,4,tungsten,M2,1.5442,True,37.69,413.3,2024-03-03T04:21:30
5444,LOT006,LOT006-W03,5,5,copper,M1,0.8186,True,37.69,413.3,2024-03-03T04:22:00
5445,LOT006,LOT006-W03,5,6,tungsten,M2,1.4938,True,37.69,413.3,2024-03-03T04:22:30
5446,LOT006,LOT006-W03,5,7,copper,M3,1.4254,True,37.69,413.3,2024-03-03T04:23:00
5447,LOT006,LOT006-W03,5,8,tungsten,M3,1.9203,True,37.69,413.3,2024-03-03T04:23:30
5448,LOT006,LOT006-W03,5,9,tungsten,M4,2.1755,True,37.69,413.3,2024-03-03T04:24:00
5449,LOT006,LOT006-W03,5,10,tungsten,M3,1.715,True,37.69,413.3,2024-03-03T04:24:30
5450,LOT006,LOT006-W03,6,1,copper,M1,0.8068,True,37.69,413.3,2024-03-03T04:25:00
5451,LOT006,LOT006-W03,6,2,tungsten,M3,1.6872,True,37.69,413.3,2024-03-03T04:25:30
5452,LOT006,LOT006-W03,6,3,tungsten,M1,1.0133,True,37.69,413.3,2024-03-03T04:26:00
5453,LOT006,LOT006-W03,6,4,tungsten,M1,1.0193,True,37.69,413.3,2024-03-03T04:26:30
5454,LOT006,LOT006-W03,6,5,tungsten,M4,2.0788,True,37.69,413.3,2024-03-03T04:27:00
5455,LOT006,LOT006-W03,6,6,tungsten,M1,0.9431,True,37.69,413.3,2024-03-03T04:27:30
5456,LOT006,LOT006-W03,6,7,tungsten,M3,1.697,True,37.69,413.3,2024-03-03T04:28:00
5457,LOT006,LOT006-W03,6,8,tungsten,M2,1.2985,True,37.69,413.3,2024-03-03T04:28:30
5458,LOT006,LOT006-W03,6,9,copper,M1,0.7822,True,37.69,413.3,2024-03-03T04:29:00
5459,LOT006,LOT006-W03,6,10,tungsten,M2,1.5681,True,37.69,413.3,2024-03-03T04:29:30
5460,LOT006,LOT006-W03,7,1,tungsten,M3,1.7676,True,37.69,413.3,2024-03-03T04:30:00
5461,LOT006,LOT006-W03,7,2,copper,M4,1.6206,True,37.69,413.3,2024-03-03T04:30:30
5462,LOT006,LOT006-W03,7,3,tungsten,M2,1.3578,True,37.69,413.3,2024-03-03T04:31:00
5463,LOT006,LOT006-W03,7,4,tungsten,M4,1.9754,True,37.69,413.3,2024-03-03T04:31:30
5464,LOT006,LOT006-W03,7,5,tungsten,M2,1.2986,True,37.69,413.3,2024-03-03T04:32:00
5465,LOT006,LOT006-W03,7,6,tungsten,M4,2.2409,True,37.69,413.3,2024-03-03T04:32:30
5466,LOT006,LOT006-W03,7,7,copper,M4,1.6275,True,37.69,413.3,2024-03-03T04:33:00
5467,LOT006,LOT006-W03,7,8,tungsten,M2,1.3535,True,37.69,413.3,2024-03-03T04:33:30
5468,LOT006,LOT006-W03,7,9,copper,M1,0.8548,True,37.69,413.3,2024-03-03T04:34:00
5469,LOT006,LOT006-W03,7,10,copper,M1,0.8068,True,37.69,413.3,2024-03-03T04:34:30
5470,LOT006,LOT006-W03,8,1,copper,M1,0.8024,True,37.69,413.3,2024-03-03T04:35:00
5471,LOT006,LOT006-W03,8,2,tungsten,M2,1.4564,True,37.69,413.3,2024-03-03T04:35:30
5472,LOT006,LOT006-W03,8,3,tungsten,M1,0.9067,True,37.69,413.3,2024-03-03T04:36:00
5473,LOT006,LOT006-W03,8,4,copper,M1,0.7939,True,37.69,413.3,2024-03-03T04:36:30
5474,LOT006,LOT006-W03,8,5,tungsten,M1,0.9361,True,37.69,413.3,2024-03-03T04:37:00
5475,LOT006,LOT006-W03,8,6,copper,M1,0.8204,True,37.69,413.3,2024-03-03T04:37:30
5476,LOT006,LOT006-W03,8,7,copper,M2,1.0167,True,37.69,413.3,2024-03-03T04:38:00
5477,LOT006,LOT006-W03,8,8,tungsten,M3,1.8072,True,37.69,413.3,2024-03-03T04:38:30
5478,LOT006,LOT006-W03,8,9,tungsten,M4,2.1254,True,37.69,413.3,2024-03-03T04:39:00
5479,LOT006,LOT006-W03,8,10,copper,M2,1.2178,True,37.69,413.3,2024-03-03T04:39:30
5480,LOT006,LOT006-W03,9,1,copper,M4,1.6291,True,37.69,413.3,2024-03-03T04:40:00
5481,LOT006,LOT006-W03,9,2,tungsten,M1,0.9557,False,37.69,413.3,2024-03-03T04:40:30
5482,LOT006,LOT006-W03,9,3,tungsten,M2,1.4105,True,37.69,413.3,2024-03-03T04:41:00
5483,LOT006,LOT006-W03,9,4,tungsten,M3,1.9586,True,37.69,413.3,2024-03-03T04:41:30
5484,LOT006,LOT006-W03,9,5,tungsten,M1,0.9867,True,37.69,413.3,2024-03-03T04:42:00
5485,LOT006,LOT006-W03,9,6,copper,M2,1.0255,True,37.69,413.3,2024-03-03T04:42:30
5486,LOT006,LOT006-W03,9,7,tungsten,M2,1.4208,True,37.69,413.3,2024-03-03T04:43:00
5487,LOT006,LOT006-W03,9,8,tungsten,M2,1.3937,True,37.69,413.3,2024-03-03T04:43:30
5488,LOT006,LOT006-W03,9,9,tungsten,M4,2.1504,False,37.69,413.3,2024-03-03T04:44:00
5489,LOT006,LOT006-W03,9,10,tungsten,M4,1.9613,True,37.69,413.3,2024-03-03T04:44:30
5490,LOT006,LOT006-W03,10,1,copper,M2,1.1115,True,37.69,413.3,2024-03-03T04:45:00
5491,LOT006,LOT006-W03,10,2,copper,M4,1.7731,True,37.69,413.3,2024-03-03T04:45:30
5492,LOT006,LOT006-W03,10,3,tungsten,M3,1.6783,True,37.69,413.3,2024-03-03T04:46:00
5493,LOT006,LOT006-W03,10,4,tungsten,M1,0.9959,True,37.69,413.3,2024-03-03T04:46:30
5494,LOT006,LOT006-W03,10,5,tungsten,M2,1.3064,True,37.69,413.3,2024-03-03T04:47:00
5495,LOT006,LOT006-W03,10,6,tungsten,M3,1.7366,True,37.69,413.3,2024-03-03T04:47:30
5496,LOT006,LOT006-W03,10,7,copper,M2,1.1116,True,37.69,413.3,2024-03-03T04:48:00
5497,LOT006,LOT006-W03,10,8,tungsten,M2,1.3298,True,37.69,413.3,2024-03-03T04:48:30
5498,LOT006,LOT006-W03,10,9,copper,M1,0.7991,True,37.69,413.3,2024-03-03T04:49:00
5499,LOT006,LOT006-W03,10,10,tungsten,M1,1.0463,True,37.69,413.3,2024-03-03T04:49:30
5500,LOT006,LOT006-W03,11,1,tungsten,M4,2.1126,True,37.69,413.3,2024-03-03T04:50:00
5501,LOT006,LOT006-W03,11,2,tungsten,M1,0.8976,True,37.69,413.3,2024-03-03T04:50:30
5502,LOT006,LOT006-W03,11,3,copper,M1,0.8361,True,37.69,413.3,2024-03-03T04:51:00
5503,LOT006,LOT006-W03,11,4,copper,M1,0.7983,True,37.69,413.3,2024-03-03T04:51:30
5504,LOT006,LOT006-W03,11,5,copper,M2,1.0984,True,37.69,413.3,2024-03-03T04:52:00
5505,LOT006,LOT006-W03,11,6,tungsten,M1,0.9513,True,37.69,413.3,2024-03-03T04:52:30
5506,LOT006,LOT006-W03,11,7,copper,M2,1.167,True,37.69,413.3,2024-03-03T04:53:00
5507,LOT006,LOT006-W03,11,8,copper,M1,0.7834,True,37.69,413.3,2024-03-03T04:53:30
5508,LOT006,LOT006-W03,11,9,tungsten,M1,0.9869,True,37.69,413.3,2024-03-03T04:54:00
5509,LOT006,LOT006-W03,11,10,copper,M4,1.7787,True,37.69,413.3,2024-03-03T04:54:30
5510,LOT006,LOT006-W03,12,1,copper,M3,1.4544,True,37.69,413.3,2024-03-03T04:55:00
5511,LOT006,LOT006-W03,12,2,copper,M3,1.3949,True,37.69,413.3,2024-03-03T04:55:30
5512,LOT006,LOT006-W03,12,3,copper,M2,1.05,True,37.69,413.3,2024-03-03T04:56:00
5513,LOT006,LOT006-W03,12,4,copper,M4,1.8369,True,37.69,413.3,2024-03-03T04:56:30
5514,LOT006,LOT006-W03,12,5,tungsten,M4,2.2117,True,37.69,413.3,2024-03-03T04:57:00
5515,LOT006,LOT006-W03,12,6,tungsten,M2,1.3969,True,37.69,413.3,2024-03-03T04:57:30
5516,LOT006,LOT006-W03,12,7,copper,M3,1.334,True,37.69,413.3,2024-03-03T04:58:00
5517,LOT006,LOT006-W03,12,8,copper,M2,1.0839,True,37.69,413.3,2024-03-03T04:58:30
5518,LOT006,LOT006-W03,12,9,copper,M4,1.7165,True,37.69,413.3,2024-03-03T04:59:00
5519,LOT006,LOT006-W03,12,10,tungsten,M2,1.4202,True,37.69,413.3,2024-03-03T04:59:30
5520,LOT006,LOT006-W03,13,1,copper,M3,1.511,True,37.69,413.3,2024-03-03T05:00:00
5521,LOT006,LOT006-W03,13,2,copper,M2,1.1047,True,37.69,413.3,2024-03-03T05:00:30
5522,LOT006,LOT006-W03,13,3,copper,M3,1.4627,True,37.69,413.3,2024-03-03T05:01:00
5523,LOT006,LOT006-W03,13,4,tungsten,M1,1.0877,True,37.69,413.3,2024-03-03T05:01:30
5524,LOT006,LOT006-W03,13,5,tungsten,M1,0.9166,True,37.69,413.3,2024-03-03T05:02:00
5525,LOT006,LOT006-W03,13,6,tungsten,M4,2.0186,True,37.69,413.3,2024-03-03T05:02:30
5526,LOT006,LOT006-W03,13,7,tungsten,M1,1.0471,True,37.69,413.3,2024-03-03T05:03:00
5527,LOT006,LOT006-W03,13,8,tungsten,M3,1.8258,True,37.69,413.3,2024-03-03T05:03:30
5528,LOT006,LOT006-W03,13,9,copper,M3,1.348,True,37.69,413.3,2024-03-03T05:04:00
5529,LOT006,LOT006-W03,13,10,copper,M3,1.4649,True,37.69,413.3,2024-03-03T05:04:30
5530,LOT006,LOT006-W03,14,1,tungsten,M3,1.8612,False,37.69,413.3,2024-03-03T05:05:00
5531,LOT006,LOT006-W03,14,2,tungsten,M3,1.8461,True,37.69,413.3,2024-03-03T05:05:30
5532,LOT006,LOT006-W03,14,3,tungsten,M3,1.7701,True,37.69,413.3,2024-03-03T05:06:00
5533,LOT006,LOT006-W03,14,4,tungsten,M1,0.9392,True,37.69,413.3,2024-03-03T05:06:30
5534,LOT006,LOT006-W03,14,5,copper,M3,1.434,True,37.69,413.3,2024-03-03T05:07:00
5535,LOT006,LOT006-W03,14,6,tungsten,M1,0.9684,True,37.69,413.3,2024-03-03T05:07:30
5536,LOT006,LOT006-W03,14,7,tungsten,M4,2.1028,True,37.69,413.3,2024-03-03T05:08:00
5537,LOT006,LOT006-W03,14,8,copper,M3,1.3782,True,37.69,413.3,2024-03-03T05:08:30
5538,LOT006,LOT006-W03,14,9,copper,M2,1.138,True,37.69,413.3,2024-03-03T05:09:00
5539,LOT006,LOT006-W03,14,10,tungsten,M2,1.523,True,37.69,413.3,2024-03-03T05:09:30
5540,LOT006,LOT006-W03,15,1,tungsten,M1,0.9909,True,37.69,413.3,2024-03-03T05:10:00
5541,LOT006,LOT006-W03,15,2,tungsten,M3,1.7209,True,37.69,413.3,2024-03-03T05:10:30
5542,LOT006,LOT006-W03,15,3,tungsten,M2,1.3563,True,37.69,413.3,2024-03-03T05:11:00
5543,LOT006,LOT006-W03,15,4,copper,M3,1.3573,True,37.69,413.3,2024-03-03T05:11:30
5544,LOT006,LOT006-W03,15,5,copper,M4,1.5819,True,37.69,413.3,2024-03-03T05:12:00
5545,LOT006,LOT006-W03,15,6,tungsten,M4,2.0162,True,37.69,413.3,2024-03-03T05:12:30
5546,LOT006,LOT006-W03,15,7,copper,M2,1.0335,True,37.69,413.3,2024-03-03T05:13:00
5547,LOT006,LOT006-W03,15,8,tungsten,M2,1.4492,True,37.69,413.3,2024-03-03T05:13:30
5548,LOT006,LOT006-W03,15,9,tungsten,M4,2.0702,True,37.69,413.3,2024-03-03T05:14:00
5549,LOT006,LOT006-W03,15,10,copper,M3,1.3739,True,37.69,413.3,2024-03-03T05:14:30
5550,LOT006,LOT006-W03,16,1,copper,M3,1.432,True,37.69,413.3,2024-03-03T05:15:00
5551,LOT006,LOT006-W03,16,2,copper,M3,1.3765,True,37.69,413.3,2024-03-03T05:15:30
5552,LOT006,LOT006-W03,16,3,tungsten,M1,0.9484,True,37.69,413.3,2024-03-03T05:16:00
5553,LOT006,LOT006-W03,16,4,copper,M4,1.7627,True,37.69,413.3,2024-03-03T05:16:30
5554,LOT006,LOT006-W03,16,5,tungsten,M3,1.7556,True,37.69,413.3,2024-03-03T05:17:00
5555,LOT006,LOT006-W03,16,6,copper,M1,0.7482,True,37.69,413.3,2024-03-03T05:17:30
5556,LOT006,LOT006-W03,16,7,tungsten,M4,1.8967,True,37.69,413.3,2024-03-03T05:18:00
5557,LOT006,LOT006-W03,16,8,copper,M3,1.4146,True,37.69,413.3,2024-03-03T05:18:30
5558,LOT006,LOT006-W03,16,9,copper,M1,0.8164,True,37.69,413.3,2024-03-03T05:19:00
5559,LOT006,LOT006-W03,16,10,tungsten,M4,1.9548,True,37.69,413.3,2024-03-03T05:19:30
5560,LOT006,LOT006-W03,17,1,tungsten,M2,1.4738,True,37.69,413.3,2024-03-03T05:20:00
5561,LOT006,LOT006-W03,17,2,tungsten,M3,1.7446,True,37.69,413.3,2024-03-03T05:20:30
5562,LOT006,LOT006-W03,17,3,copper,M4,1.7337,True,37.69,413.3,2024-03-03T05:21:00
5563,LOT006,LOT006-W03,17,4,tungsten,M3,1.7846,True,37.69,413.3,2024-03-03T05:21:30
5564,LOT006,LOT006-W03,17,5,tungsten,M4,2.0672,True,37.69,413.3,2024-03-03T05:22:00
5565,LOT006,LOT006-W03,17,6,copper,M2,1.12,True,37.69,413.3,2024-03-03T05:22:30
5566,LOT006,LOT006-W03,17,7,copper,M1,0.7133,True,37.69,413.3,2024-03-03T05:23:00
5567,LOT006,LOT006-W03,17,8,tungsten,M1,0.9924,True,37.69,413.3,2024-03-03T05:23:30
5568,LOT006,LOT006-W03,17,9,tungsten,M3,1.7098,True,37.69,413.3,2024-03-03T05:24:00
5569,LOT006,LOT006-W03,17,10,tungsten,M3,1.8276,True,37.69,413.3,2024-03-03T05:24:30
5570,LOT006,LOT006-W03,18,1,copper,M4,1.7563,True,37.69,413.3,2024-03-03T05:25:00
5571,LOT006,LOT006-W03,18,2,tungsten,M3,1.9738,True,37.69,413.3,2024-03-03T05:25:30
5572,LOT006,LOT006-W03,18,3,copper,M1,0.7656,False,37.69,413.3,2024-03-03T05:26:00
5573,LOT006,LOT006-W03,18,4,tungsten,M3,1.8013,True,37.69,413.3,2024-03-03T05:26:30
5574,LOT006,LOT006-W03,18,5,tungsten,M3,1.9073,True,37.69,413.3,2024-03-03T05:27:00
5575,LOT006,LOT006-W03,18,6,copper,M1,0.8176,True,37.69,413.3,2024-03-03T05:27:30
5576,LOT006,LOT006-W03,18,7,copper,M1,0.8427,True,37.69,413.3,2024-03-03T05:28:00
5577,LOT006,LOT006-W03,18,8,copper,M2,1.13,True,37.69,413.3,2024-03-03T05:28:30
5578,LOT006,LOT006-W03,18,9,tungsten,M2,1.4621,True,37.69,413.3,2024-03-03T05:29:00
5579,LOT006,LOT006-W03,18,10,copper,M1,0.8285,False,37.69,413.3,2024-03-03T05:29:30
5580,LOT006,LOT006-W03,19,1,copper,M2,1.0914,False,37.69,413.3,2024-03-03T05:30:00
5581,LOT006,LOT006-W03,19,2,copper,M3,1.3809,True,37.69,413.3,2024-03-03T05:30:30
5582,LOT006,LOT006-W03,19,3,tungsten,M4,1.9531,True,37.69,413.3,2024-03-03T05:31:00
5583,LOT006,LOT006-W03,19,4,tungsten,M2,1.3915,True,37.69,413.3,2024-03-03T05:31:30
5584,LOT006,LOT006-W03,19,5,copper,M3,1.4066,True,37.69,413.3,2024-03-03T05:32:00
5585,LOT006,LOT006-W03,19,6,tungsten,M2,1.4278,True,37.69,413.3,2024-03-03T05:32:30
5586,LOT006,LOT006-W03,19,7,copper,M2,1.207,True,37.69,413.3,2024-03-03T05:33:00
5587,LOT006,LOT006-W03,19,8,tungsten,M3,1.6566,True,37.69,413.3,2024-03-03T05:33:30
5588,LOT006,LOT006-W03,19,9,copper,M4,1.6422,False,37.69,413.3,2024-03-03T05:34:00
5589,LOT006,LOT006-W03,19,10,tungsten,M4,2.0344,True,37.69,413.3,2024-03-03T05:34:30
5590,LOT006,LOT006-W03,20,1,tungsten,M4,2.1738,True,37.69,413.3,2024-03-03T05:35:00
5591,LOT006,LOT006-W03,20,2,tungsten,M2,1.4263,True,37.69,413.3,2024-03-03T05:35:30
5592,LOT006,LOT006-W03,20,3,tungsten,M2,1.3996,True,37.69,413.3,2024-03-03T05:36:00
5593,LOT006,LOT006-W03,20,4,tungsten,M2,1.3362,False,37.69,413.3,2024-03-03T05:36:30
5594,LOT006,LOT006-W03,20,5,copper,M2,1.1733,True,37.69,413.3,2024-03-03T05:37:00
5595,LOT006,LOT006-W03,20,6,copper,M3,1.3079,False,37.69,413.3,2024-03-03T05:37:30
5596,LOT006,LOT006-W03,20,7,tungsten,M2,1.3159,True,37.69,413.3,2024-03-03T05:38:00
5597,LOT006,LOT006-W03,20,8,tungsten,M4,1.9708,True,37.69,413.3,2024-03-03T05:38:30
5598,LOT006,LOT006-W03,20,9,tungsten,M1,0.9894,True,37.69,413.3,2024-03-03T05:39:00
5599,LOT006,LOT006-W03,20,10,tungsten,M3,1.805,True,37.69,413.3,2024-03-03T05:39:30
5600,LOT006,LOT006-W04,1,1,tungsten,M1,1.0869,True,37.87,431.95,2024-03-03T05:40:00
5601,LOT006,LOT006-W04,1,2,copper,M4,1.7353,True,37.87,431.95,2024-03-03T05:40:30
5602,LOT006,LOT006-W04,1,3,copper,M4,1.513,True,37.87,431.95,2024-03-03T05:41:00
5603,LOT006,LOT006-W04,1,4,copper,M1,0.7772,True,37.87,431.95,2024-03-03T05:41:30
5604,LOT006,LOT006-W04,1,5,tungsten,M2,1.456,True,37.87,431.95,2024-03-03T05:42:00
5605,LOT006,LOT006-W04,1,6,copper,M3,1.3773,True,37.87,431.95,2024-03-03T05:42:30
5606,LOT006,LOT006-W04,1,7,copper,M1,0.7211,True,37.87,431.95,2024-03-03T05:43:00
5607,LOT006,LOT006-W04,1,8,tungsten,M3,2.0071,True,37.87,431.95,2024-03-03T05:43:30
5608,LOT006,LOT006-W04,1,9,copper,M4,1.6334,True,37.87,431.95,2024-03-03T05:44:00
5609,LOT006,LOT006-W04,1,10,tungsten,M1,1.0877,True,37.87,431.95,2024-03-03T05:44:30
5610,LOT006,LOT006-W04,2,1,copper,M4,1.6564,True,37.87,431.95,2024-03-03T05:45:00
5611,LOT006,LOT006-W04,2,2,tungsten,M4,2.4315,True,37.87,431.95,2024-03-03T05:45:30
5612,LOT006,LOT006-W04,2,3,tungsten,M4,2.4015,True,37.87,431.95,2024-03-03T05:46:00
5613,LOT006,LOT006-W04,2,4,copper,M3,1.5009,True,37.87,431.95,2024-03-03T05:46:30
5614,LOT006,LOT006-W04,2,5,tungsten,M4,2.3779,True,37.87,431.95,2024-03-03T05:47:00
5615,LOT006,LOT006-W04,2,6,tungsten,M2,1.7016,True,37.87,431.95,2024-03-03T05:47:30
5616,LOT006,LOT006-W04,2,7,tungsten,M4,2.3524,True,37.87,431.95,2024-03-03T05:48:00
5617,LOT006,LOT006-W04,2,8,tungsten,M2,1.4486,True,37.87,431.95,2024-03-03T05:48:30
5618,LOT006,LOT006-W04,2,9,copper,M4,1.5437,True,37.87,431.95,2024-03-03T05:49:00
5619,LOT006,LOT006-W04,2,10,copper,M4,1.6814,True,37.87,431.95,2024-03-03T05:49:30
5620,LOT006,LOT006-W04,3,1,tungsten,M3,2.0546,True,37.87,431.95,2024-03-03T05:50:00
5621,LOT006,LOT006-W04,3,2,copper,M3,1.3723,True,37.87,431.95,2024-03-03T05:50:30
5622,LOT006,LOT006-W04,3,3,tungsten,M2,1.6117,True,37.87,431.95,2024-03-03T05:51:00
5623,LOT006,LOT006-W04,3,4,tungsten,M1,1.176,True,37.87,431.95,2024-03-03T05:51:30
5624,LOT006,LOT006-W04,3,5,copper,M1,0.8553,True,37.87,431.95,2024-03-03T05:52:00
5625,LOT006,LOT006-W04,3,6,tungsten,M1,1.1821,False,37.87,431.95,2024-03-03T05:52:30
5626,LOT006,LOT006-W04,3,7,copper,M1,0.8096,True,37.87,431.95,2024-03-03T05:53:00
5627,LOT006,LOT006-W04,3,8,tungsten,M3,2.06,True,37.87,431.95,2024-03-03T05:53:30
5628,LOT006,LOT006-W04,3,9,copper,M3,1.3329,True,37.87,431.95,2024-03-03T05:54:00
5629,LOT006,LOT006-W04,3,10,tungsten,M1,1.0279,True,37.87,431.95,2024-03-03T05:54:30
5630,LOT006,LOT006-W04,4,1,copper,M4,1.5953,True,37.87,431.95,2024-03-03T05:55:00
5631,LOT006,LOT006-W04,4,2,copper,M2,1.0496,True,37.87,431.95,2024-03-03T05:55:30
5632,LOT006,LOT006-W04,4,3,copper,M1,0.7744,True,37.87,431.95,2024-03-03T05:56:00
5633,LOT006,LOT006-W04,4,4,copper,M3,1.4652,True,37.87,431.95,2024-03-03T05:56:30
5634,LOT006,LOT006-W04,4,5,tungsten,M1,1.123,True,37.87,431.95,2024-03-03T05:57:00
5635,LOT006,LOT006-W04,4,6,copper,M1,0.768,True,37.87,431.95,2024-03-03T05:57:30
5636,LOT006,LOT006-W04,4,7,copper,M3,1.4944,True,37.87,431.95,2024-03-03T05:58:00
5637,LOT006,LOT006-W04,4,8,tungsten,M4,2.2423,True,37.87,431.95,2024-03-03T05:58:30
5638,LOT006,LOT006-W04,4,9,copper,M1,0.9193,True,37.87,431.95,2024-03-03T05:59:00
5639,LOT006,LOT006-W04,4,10,copper,M3,1.3689,True,37.87,431.95,2024-03-03T05:59:30
5640,LOT006,LOT006-W04,5,1,tungsten,M3,2.0772,True,37.87,431.95,2024-03-03T06:00:00
5641,LOT006,LOT006-W04,5,2,tungsten,M2,1.5908,True,37.87,431.95,2024-03-03T06:00:30
5642,LOT006,LOT006-W04,5,3,tungsten,M2,1.5531,True,37.87,431.95,2024-03-03T06:01:00
5643,LOT006,LOT006-W04,5,4,tungsten,M1,1.1395,True,37.87,431.95,2024-03-03T06:01:30
5644,LOT006,LOT006-W04,5,5,tungsten,M2,1.5567,True,37.87,431.95,2024-03-03T06:02:00
5645,LOT006,LOT006-W04,5,6,tungsten,M2,1.5429,True,37.87,431.95,2024-03-03T06:02:30
5646,LOT006,LOT006-W04,5,7,copper,M2,1.0063,True,37.87,431.95,2024-03-03T06:03:00
5647,LOT006,LOT006-W04,5,8,copper,M3,1.4899,True,37.87,431.95,2024-03-03T06:03:30
5648,LOT006,LOT006-W04,5,9,tungsten,M1,1.1209,True,37.87,431.95,2024-03-03T06:04:00
5649,LOT006,LOT006-W04,5,10,tungsten,M4,2.5558,True,37.87,431.95,2024-03-03T06:04:30
5650,LOT006,LOT006-W04,6,1,tungsten,M2,1.7393,True,37.87,431.95,2024-03-03T06:05:00
5651,LOT006,LOT006-W04,6,2,copper,M2,1.1925,True,37.87,431.95,2024-03-03T06:05:30
5652,LOT006,LOT006-W04,6,3,copper,M2,1.103,True,37.87,431.95,2024-03-03T06:06:00
5653,LOT006,LOT006-W04,6,4,tungsten,M4,2.3488,True,37.87,431.95,2024-03-03T06:06:30
5654,LOT006,LOT006-W04,6,5,copper,M1,0.8202,True,37.87,431.95,2024-03-03T06:07:00
5655,LOT006,LOT006-W04,6,6,copper,M4,1.7544,True,37.87,431.95,2024-03-03T06:07:30
5656,LOT006,LOT006-W04,6,7,copper,M2,1.0886,True,37.87,431.95,2024-03-03T06:08:00
5657,LOT006,LOT006-W04,6,8,copper,M4,1.6193,True,37.87,431.95,2024-03-03T06:08:30
5658,LOT006,LOT006-W04,6,9,copper,M1,0.836,True,37.87,431.95,2024-03-03T06:09:00
5659,LOT006,LOT006-W04,6,10,copper,M2,1.0283,True,37.87,431.95,2024-03-03T06:09:30
5660,LOT006,LOT006-W04,7,1,tungsten,M1,1.0474,True,37.87,431.95,2024-03-03T06:10:00
5661,LOT006,LOT006-W04,7,2,copper,M1,0.7733,True,37.87,431.95,2024-03-03T06:10:30
5662,LOT006,LOT006-W04,7,3,copper,M4,1.6922,True,37.87,431.95,2024-03-03T06:11:00
5663,LOT006,LOT006-W04,7,4,tungsten,M2,1.6035,True,37.87,431.95,2024-03-03T06:11:30
5664,LOT006,LOT006-W04,7,5,tungsten,M3,2.1203,True,37.87,431.95,2024-03-03T06:12:00
5665,LOT006,LOT006-W04,7,6,tungsten,M1,1.2149,True,37.87,431.95,2024-03-03T06:12:30
5666,LOT006,LOT006-W04,7,7,tungsten,M2,1.4654,True,37.87,431.95,2024-03-03T06:13:00
5667,LOT006,LOT006-W04,7,8,tungsten,M1,1.124,True,37.87,431.95,2024-03-03T06:13:30
5668,LOT006,LOT006-W04,7,9,tungsten,M1,1.0064,True,37.87,431.95,2024-03-03T06:14:00
5669,LOT006,LOT006-W04,7,10,tungsten,M3,1.9863,True,37.87,431.95,2024-03-03T06:14:30
5670,LOT006,LOT006-W04,8,1,copper,M1,0.7566,True,37.87,431.95,2024-03-03T06:15:00
5671,LOT006,LOT006-W04,8,2,copper,M2,1.1102,True,37.87,431.95,2024-03-03T06:15:30
5672,LOT006,LOT006-W04,8,3,tungsten,M1,1.1022,True,37.87,431.95,2024-03-03T06:16:00
5673,LOT006,LOT006-W04,8,4,tungsten,M3,2.0331,True,37.87,431.95,2024-03-03T06:16:30
5674,LOT006,LOT006-W04,8,5,tungsten,M4,2.3744,True,37.87,431.95,2024-03-03T06:17:00
5675,LOT006,LOT006-W04,8,6,tungsten,M4,2.4191,True,37.87,431.95,2024-03-03T06:17:30
5676,LOT006,LOT006-W04,8,7,copper,M2,1.0732,True,37.87,431.95,2024-03-03T06:18:00
5677,LOT006,LOT006-W04,8,8,copper,M4,1.6691,True,37.87,431.95,2024-03-03T06:18:30
5678,LOT006,LOT006-W04,8,9,copper,M2,1.0688,True,37.87,431.95,2024-03-03T06:19:00
5679,LOT006,LOT006-W04,8,10,copper,M2,1.0854,True,37.87,431.95,2024-03-03T06:19:30
5680,LOT006,LOT006-W04,9,1,copper,M1,0.8274,True,37.87,431.95,2024-03-03T06:20:00
5681,LOT006,LOT006-W04,9,2,tungsten,M1,1.158,True,37.87,431.95,2024-03-03T06:20:30
5682,LOT006,LOT006-W04,9,3,copper,M4,1.6581,True,37.87,431.95,2024-03-03T06:21:00
5683,LOT006,LOT006-W04,9,4,tungsten,M1,1.1102,True,37.87,431.95,2024-03-03T06:21:30
5684,LOT006,LOT006-W04,9,5,copper,M2,1.1543,True,37.87,431.95,2024-03-03T06:22:00
5685,LOT006,LOT006-W04,9,6,tungsten,M1,1.1572,True,37.87,431.95,2024-03-03T06:22:30
5686,LOT006,LOT006-W04,9,7,tungsten,M1,1.1187,True,37.87,431.95,2024-03-03T06:23:00
5687,LOT006,LOT006-W04,9,8,copper,M4,1.7262,True,37.87,431.95,2024-03-03T06:23:30
5688,LOT006,LOT006-W04,9,9,copper,M4,1.6924,True,37.87,431.95,2024-03-03T06:24:00
5689,LOT006,LOT006-W04,9,10,tungsten,M4,2.5335,True,37.87,431.95,2024-03-03T06:24:30
5690,LOT006,LOT006-W04,10,1,copper,M1,0.7824,True,37.87,431.95,2024-03-03T06:25:00
5691,LOT006,LOT006-W04,10,2,tungsten,M2,1.528,True,37.87,431.95,2024-03-03T06:25:30
5692,LOT006,LOT006-W04,10,3,copper,M3,1.2438,True,37.87,431.95,2024-03-03T06:26:00
5693,LOT006,LOT006-W04,10,4,tungsten,M4,2.2511,True,37.87,431.95,2024-03-03T06:26:30
5694,LOT006,LOT006-W04,10,5,tungsten,M1,1.017,True,37.87,431.95,2024-03-03T06:27:00
5695,LOT006,LOT006-W04,10,6,tungsten,M3,2.0036,True,37.87,431.95,2024-03-03T06:27:30
5696,LOT006,LOT006-W04,10,7,copper,M2,1.1193,True,37.87,431.95,2024-03-03T06:28:00
5697,LOT006,LOT006-W04,10,8,copper,M3,1.3675,True,37.87,431.95,2024-03-03T06:28:30
5698,LOT006,LOT006-W04,10,9,tungsten,M3,2.0894,True,37.87,431.95,2024-03-03T06:29:00
5699,LOT006,LOT006-W04,10,10,copper,M2,1.098,True,37.87,431.95,2024-03-03T06:29:30
5700,LOT006,LOT006-W04,11,1,copper,M1,0.7903,True,37.87,431.95,2024-03-03T06:30:00
5701,LOT006,LOT006-W04,11,2,tungsten,M1,1.139,True,37.87,431.95,2024-03-03T06:30:30
5702,LOT006,LOT006-W04,11,3,copper,M3,1.4616,True,37.87,431.95,2024-03-03T06:31:00
5703,LOT006,LOT006-W04,11,4,tungsten,M2,1.715,True,37.87,431.95,2024-03-03T06:31:30
5704,LOT006,LOT006-W04,11,5,tungsten,M1,1.049,True,37.87,431.95,2024-03-03T06:32:00
5705,LOT006,LOT006-W04,11,6,tungsten,M4,2.3618,True,37.87,431.95,2024-03-03T06:32:30
5706,LOT006,LOT006-W04,11,7,copper,M1,0.7563,True,37.87,431.95,2024-03-03T06:33:00
5707,LOT006,LOT006-W04,11,8,copper,M2,1.1188,True,37.87,431.95,2024-03-03T06:33:30
5708,LOT006,LOT006-W04,11,9,copper,M4,1.7071,True,37.87,431.95,2024-03-03T06:34:00
5709,LOT006,LOT006-W04,11,10,copper,M4,1.7615,True,37.87,431.95,2024-03-03T06:34:30
5710,LOT006,LOT006-W04,12,1,copper,M1,0.8125,True,37.87,431.95,2024-03-03T06:35:00
5711,LOT006,LOT006-W04,12,2,tungsten,M2,1.5866,True,37.87,431.95,2024-03-03T06:35:30
5712,LOT006,LOT006-W04,12,3,tungsten,M1,1.0602,True,37.87,431.95,2024-03-03T06:36:00
5713,LOT006,LOT006-W04,12,4,tungsten,M2,1.3947,True,37.87,431.95,2024-03-03T06:36:30
5714,LOT006,LOT006-W04,12,5,copper,M1,0.7977,True,37.87,431.95,2024-03-03T06:37:00
5715,LOT006,LOT006-W04,12,6,tungsten,M1,1.1257,True,37.87,431.95,2024-03-03T06:37:30
5716,LOT006,LOT006-W04,12,7,tungsten,M3,2.0937,True,37.87,431.95,2024-03-03T06:38:00
5717,LOT006,LOT006-W04,12,8,copper,M3,1.5189,True,37.87,431.95,2024-03-03T06:38:30
5718,LOT006,LOT006-W04,12,9,tungsten,M2,1.4796,True,37.87,431.95,2024-03-03T06:39:00
5719,LOT006,LOT006-W04,12,10,copper,M1,0.8283,True,37.87,431.95,2024-03-03T06:39:30
5720,LOT006,LOT006-W04,13,1,copper,M3,1.313,True,37.87,431.95,2024-03-03T06:40:00
5721,LOT006,LOT006-W04,13,2,tungsten,M3,2.0814,True,37.87,431.95,2024-03-03T06:40:30
5722,LOT006,LOT006-W04,13,3,copper,M2,1.1243,True,37.87,431.95,2024-03-03T06:41:00
5723,LOT006,LOT006-W04,13,4,tungsten,M2,1.6649,True,37.87,431.95,2024-03-03T06:41:30
5724,LOT006,LOT006-W04,13,5,copper,M3,1.3673,True,37.87,431.95,2024-03-03T06:42:00
5725,LOT006,LOT006-W04,13,6,tungsten,M3,2.1454,True,37.87,431.95,2024-03-03T06:42:30
5726,LOT006,LOT006-W04,13,7,tungsten,M3,2.0114,True,37.87,431.95,2024-03-03T06:43:00
5727,LOT006,LOT006-W04,13,8,copper,M3,1.4721,True,37.87,431.95,2024-03-03T06:43:30
5728,LOT006,LOT006-W04,13,9,copper,M4,1.5448,False,37.87,431.95,2024-03-03T06:44:00
5729,LOT006,LOT006-W04,13,10,copper,M3,1.3089,True,37.87,431.95,2024-03-03T06:44:30
5730,LOT006,LOT006-W04,14,1,copper,M2,1.2056,True,37.87,431.95,2024-03-03T06:45:00
5731,LOT006,LOT006-W04,14,2,copper,M2,1.1494,True,37.87,431.95,2024-03-03T06:45:30
5732,LOT006,LOT006-W04,14,3,copper,M3,1.4489,True,37.87,431.95,2024-03-03T06:46:00
5733,LOT006,LOT006-W04,14,4,tungsten,M1,1.1765,True,37.87,431.95,2024-03-03T06:46:30
5734,LOT006,LOT006-W04,14,5,tungsten,M3,2.132,True,37.87,431.95,2024-03-03T06:47:00
5735,LOT006,LOT006-W04,14,6,tungsten,M4,2.473,True,37.87,431.95,2024-03-03T06:47:30
5736,LOT006,LOT006-W04,14,7,copper,M2,1.1216,True,37.87,431.95,2024-03-03T06:48:00
5737,LOT006,LOT006-W04,14,8,copper,M1,0.7878,True,37.87,431.95,2024-03-03T06:48:30
5738,LOT006,LOT006-W04,14,9,copper,M3,1.417,True,37.87,431.95,2024-03-03T06:49:00
5739,LOT006,LOT006-W04,14,10,copper,M3,1.348,True,37.87,431.95,2024-03-03T06:49:30
5740,LOT006,LOT006-W04,15,1,tungsten,M2,1.5932,True,37.87,431.95,2024-03-03T06:50:00
5741,LOT006,LOT006-W04,15,2,copper,M3,1.447,True,37.87,431.95,2024-03-03T06:50:30
5742,LOT006,LOT006-W04,15,3,copper,M3,1.4376,True,37.87,431.95,2024-03-03T06:51:00
5743,LOT006,LOT006-W04,15,4,tungsten,M2,1.5973,True,37.87,431.95,2024-03-03T06:51:30
5744,LOT006,LOT006-W04,15,5,copper,M2,1.0491,True,37.87,431.95,2024-03-03T06:52:00
5745,LOT006,LOT006-W04,15,6,copper,M4,1.6297,True,37.87,431.95,2024-03-03T06:52:30
5746,LOT006,LOT006-W04,15,7,tungsten,M4,2.4263,True,37.87,431.95,2024-03-03T06:53:00
5747,LOT006,LOT006-W04,15,8,tungsten,M3,1.9607,True,37.87,431.95,2024-03-03T06:53:30
5748,LOT006,LOT006-W04,15,9,tungsten,M1,1.0648,True,37.87,431.95,2024-03-03T06:54:00
5749,LOT006,LOT006-W04,15,10,copper,M2,1.0771,True,37.87,431.95,2024-03-03T06:54:30
5750,LOT006,LOT006-W04,16,1,copper,M1,0.7812,True,37.87,431.95,2024-03-03T06:55:00
5751,LOT006,LOT006-W04,16,2,tungsten,M1,1.2308,True,37.87,431.95,2024-03-03T06:55:30
5752,LOT006,LOT006-W04,16,3,copper,M3,1.3603,True,37.87,431.95,2024-03-03T06:56:00
5753,LOT006,LOT006-W04,16,4,copper,M4,1.7838,True,37.87,431.95,2024-03-03T06:56:30
5754,LOT006,LOT006-W04,16,5,copper,M4,1.7612,True,37.87,431.95,2024-03-03T06:57:00
5755,LOT006,LOT006-W04,16,6,tungsten,M4,2.3379,True,37.87,431.95,2024-03-03T06:57:30
5756,LOT006,LOT006-W04,16,7,tungsten,M1,1.143,True,37.87,431.95,2024-03-03T06:58:00
5757,LOT006,LOT006-W04,16,8,tungsten,M1,1.1147,True,37.87,431.95,2024-03-03T06:58:30
5758,LOT006,LOT006-W04,16,9,copper,M1,0.8366,True,37.87,431.95,2024-03-03T06:59:00
5759,LOT006,LOT006-W04,16,10,copper,M2,1.2128,True,37.87,431.95,2024-03-03T06:59:30
5760,LOT006,LOT006-W04,17,1,copper,M4,1.7232,True,37.87,431.95,2024-03-03T07:00:00
5761,LOT006,LOT006-W04,17,2,tungsten,M3,2.0368,True,37.87,431.95,2024-03-03T07:00:30
5762,LOT006,LOT006-W04,17,3,tungsten,M3,2.0435,True,37.87,431.95,2024-03-03T07:01:00
5763,LOT006,LOT006-W04,17,4,copper,M1,0.75,True,37.87,431.95,2024-03-03T07:01:30
5764,LOT006,LOT006-W04,17,5,tungsten,M1,1.0709,True,37.87,431.95,2024-03-03T07:02:00
5765,LOT006,LOT006-W04,17,6,copper,M3,1.3749,True,37.87,431.95,2024-03-03T07:02:30
5766,LOT006,LOT006-W04,17,7,copper,M2,1.0997,True,37.87,431.95,2024-03-03T07:03:00
5767,LOT006,LOT006-W04,17,8,tungsten,M1,1.1178,True,37.87,431.95,2024-03-03T07:03:30
5768,LOT006,LOT006-W04,17,9,tungsten,M1,1.1396,True,37.87,431.95,2024-03-03T07:04:00
5769,LOT006,LOT006-W04,17,10,tungsten,M1,1.0973,True,37.87,431.95,2024-03-03T07:04:30
5770,LOT006,LOT006-W04,18,1,copper,M3,1.5053,True,37.87,431.95,2024-03-03T07:05:00
5771,LOT006,LOT006-W04,18,2,tungsten,M3,1.9747,True,37.87,431.95,2024-03-03T07:05:30
5772,LOT006,LOT006-W04,18,3,copper,M2,1.283,False,37.87,431.95,2024-03-03T07:06:00
5773,LOT006,LOT006-W04,18,4,tungsten,M4,2.5226,True,37.87,431.95,2024-03-03T07:06:30
5774,LOT006,LOT006-W04,18,5,tungsten,M2,1.5739,True,37.87,431.95,2024-03-03T07:07:00
5775,LOT006,LOT006-W04,18,6,copper,M3,1.3389,False,37.87,431.95,2024-03-03T07:07:30
5776,LOT006,LOT006-W04,18,7,copper,M1,0.731,True,37.87,431.95,2024-03-03T07:08:00
5777,LOT006,LOT006-W04,18,8,copper,M1,0.7746,True,37.87,431.95,2024-03-03T07:08:30
5778,LOT006,LOT006-W04,18,9,copper,M4,1.702,True,37.87,431.95,2024-03-03T07:09:00
5779,LOT006,LOT006-W04,18,10,copper,M2,1.1045,True,37.87,431.95,2024-03-03T07:09:30
5780,LOT006,LOT006-W04,19,1,tungsten,M4,2.3395,True,37.87,431.95,2024-03-03T07:10:00
5781,LOT006,LOT006-W04,19,2,tungsten,M2,1.7252,True,37.87,431.95,2024-03-03T07:10:30
5782,LOT006,LOT006-W04,19,3,tungsten,M4,2.4109,True,37.87,431.95,2024-03-03T07:11:00
5783,LOT006,LOT006-W04,19,4,copper,M3,1.4382,True,37.87,431.95,2024-03-03T07:11:30
5784,LOT006,LOT006-W04,19,5,tungsten,M1,1.0687,True,37.87,431.95,2024-03-03T07:12:00
5785,LOT006,LOT006-W04,19,6,copper,M4,1.7681,True,37.87,431.95,2024-03-03T07:12:30
5786,LOT006,LOT006-W04,19,7,tungsten,M2,1.5497,True,37.87,431.95,2024-03-03T07:13:00
5787,LOT006,LOT006-W04,19,8,copper,M4,1.6259,True,37.87,431.95,2024-03-03T07:13:30
5788,LOT006,LOT006-W04,19,9,copper,M3,1.3497,True,37.87,431.95,2024-03-03T07:14:00
5789,LOT006,LOT006-W04,19,10,tungsten,M1,1.1466,True,37.87,431.95,2024-03-03T07:14:30
5790,LOT006,LOT006-W04,20,1,copper,M3,1.5309,True,37.87,431.95,2024-03-03T07:15:00
5791,LOT006,LOT006-W04,20,2,tungsten,M4,2.3901,True,37.87,431.95,2024-03-03T07:15:30
5792,LOT006,LOT006-W04,20,3,copper,M4,1.5752,True,37.87,431.95,2024-03-03T07:16:00
5793,LOT006,LOT006-W04,20,4,tungsten,M1,1.1536,True,37.87,431.95,2024-03-03T07:16:30
5794,LOT006,LOT006-W04,20,5,copper,M4,1.7182,True,37.87,431.95,2024-03-03T07:17:00
5795,LOT006,LOT006-W04,20,6,tungsten,M3,2.0293,True,37.87,431.95,2024-03-03T07:17:30
5796,LOT006,LOT006-W04,20,7,copper,M2,1.0652,True,37.87,431.95,2024-03-03T07:18:00
5797,LOT006,LOT006-W04,20,8,copper,M3,1.3438,True,37.87,431.95,2024-03-03T07:18:30
5798,LOT006,LOT006-W04,20,9,copper,M2,1.1531,True,37.87,431.95,2024-03-03T07:19:00
5799,LOT006,LOT006-W04,20,10,copper,M4,1.8178,True,37.87,431.95,2024-03-03T07:19:30
5800,LOT006,LOT006-W05,1,1,copper,M3,1.361,True,37.48,389.35,2024-03-03T07:20:00
5801,LOT006,LOT006-W05,1,2,tungsten,M3,1.8545,True,37.48,389.35,2024-03-03T07:20:30
5802,LOT006,LOT006-W05,1,3,tungsten,M4,2.2705,True,37.48,389.35,2024-03-03T07:21:00
5803,LOT006,LOT006-W05,1,4,copper,M2,1.0684,True,37.48,389.35,2024-03-03T07:21:30
5804,LOT006,LOT006-W05,1,5,tungsten,M4,2.0211,True,37.48,389.35,2024-03-03T07:22:00
5805,LOT006,LOT006-W05,1,6,tungsten,M1,0.9633,True,37.48,389.35,2024-03-03T07:22:30
5806,LOT006,LOT006-W05,1,7,copper,M2,1.1053,True,37.48,389.35,2024-03-03T07:23:00
5807,LOT006,LOT006-W05,1,8,copper,M3,1.2674,True,37.48,389.35,2024-03-03T07:23:30
5808,LOT006,LOT006-W05,1,9,copper,M2,1.2533,True,37.48,389.35,2024-03-03T07:24:00
5809,LOT006,LOT006-W05,1,10,tungsten,M3,1.6898,True,37.48,389.35,2024-03-03T07:24:30
5810,LOT006,LOT006-W05,2,1,copper,M2,1.0945,True,37.48,389.35,2024-03-03T07:25:00
5811,LOT006,LOT006-W05,2,2,copper,M1,0.7701,True,37.48,389.35,2024-03-03T07:25:30
5812,LOT006,LOT006-W05,2,3,copper,M3,1.3379,True,37.48,389.35,2024-03-03T07:26:00
5813,LOT006,LOT006-W05,2,4,copper,M4,1.76,True,37.48,389.35,2024-03-03T07:26:30
5814,LOT006,LOT006-W05,2,5,tungsten,M4,2.0391,True,37.48,389.35,2024-03-03T07:27:00
5815,LOT006,LOT006-W05,2,6,copper,M4,1.6176,True,37.48,389.35,2024-03-03T07:27:30
5816,LOT006,LOT006-W05,2,7,copper,M4,1.7263,True,37.48,389.35,2024-03-03T07:28:00
5817,LOT006,LOT006-W05,2,8,tungsten,M2,1.399,True,37.48,389.35,2024-03-03T07:28:30
5818,LOT006,LOT006-W05,2,9,copper,M2,1.1083,True,37.48,389.35,2024-03-03T07:29:00
5819,LOT006,LOT006-W05,2,10,copper,M2,0.984,True,37.48,389.35,2024-03-03T07:29:30
5820,LOT006,LOT006-W05,3,1,copper,M3,1.4519,True,37.48,389.35,2024-03-03T07:30:00
5821,LOT006,LOT006-W05,3,2,copper,M2,1.0478,True,37.48,389.35,2024-03-03T07:30:30
5822,LOT006,LOT006-W05,3,3,tungsten,M2,1.2962,True,37.48,389.35,2024-03-03T07:31:00
5823,LOT006,LOT006-W05,3,4,tungsten,M2,1.4768,True,37.48,389.35,2024-03-03T07:31:30
5824,LOT006,LOT006-W05,3,5,tungsten,M1,1.0173,True,37.48,389.35,2024-03-03T07:32:00
5825,LOT006,LOT006-W05,3,6,tungsten,M4,2.1313,True,37.48,389.35,2024-03-03T07:32:30
5826,LOT006,LOT006-W05,3,7,copper,M4,1.7294,True,37.48,389.35,2024-03-03T07:33:00
5827,LOT006,LOT006-W05,3,8,tungsten,M4,2.1593,True,37.48,389.35,2024-03-03T07:33:30
5828,LOT006,LOT006-W05,3,9,copper,M4,1.6955,True,37.48,389.35,2024-03-03T07:34:00
5829,LOT006,LOT006-W05,3,10,copper,M1,0.7344,True,37.48,389.35,2024-03-03T07:34:30
5830,LOT006,LOT006-W05,4,1,copper,M3,1.3704,True,37.48,389.35,2024-03-03T07:35:00
5831,LOT006,LOT006-W05,4,2,tungsten,M3,1.8319,True,37.48,389.35,2024-03-03T07:35:30
5832,LOT006,LOT006-W05,4,3,tungsten,M3,1.8084,True,37.48,389.35,2024-03-03T07:36:00
5833,LOT006,LOT006-W05,4,4,copper,M2,1.1421,True,37.48,389.35,2024-03-03T07:36:30
5834,LOT006,LOT006-W05,4,5,copper,M2,1.0696,True,37.48,389.35,2024-03-03T07:37:00
5835,LOT006,LOT006-W05,4,6,copper,M4,1.6851,True,37.48,389.35,2024-03-03T07:37:30
5836,LOT006,LOT006-W05,4,7,tungsten,M3,1.6668,True,37.48,389.35,2024-03-03T07:38:00
5837,LOT006,LOT006-W05,4,8,copper,M4,1.6702,True,37.48,389.35,2024-03-03T07:38:30
5838,LOT006,LOT006-W05,4,9,tungsten,M1,0.9528,True,37.48,389.35,2024-03-03T07:39:00
5839,LOT006,LOT006-W05,4,10,copper,M1,0.8428,True,37.48,389.35,2024-03-03T07:39:30
5840,LOT006,LOT006-W05,5,1,tungsten,M4,2.0145,True,37.48,389.35,2024-03-03T07:40:00
5841,LOT006,LOT006-W05,5,2,tungsten,M3,1.9254,True,37.48,389.35,2024-03-03T07:40:30
5842,LOT006,LOT006-W05,5,3,copper,M2,1.002,True,37.48,389.35,2024-03-03T07:41:00
5843,LOT006,LOT006-W05,5,4,copper,M2,1.1562,True,37.48,389.35,2024-03-03T07:41:30
5844,LOT006,LOT006-W05,5,5,tungsten,M4,2.1067,True,37.48,389.35,2024-03-03T07:42:00
5845,LOT006,LOT006-W05,5,6,tungsten,M1,0.9898,True,37.48,389.35,2024-03-03T07:42:30
5846,LOT006,LOT006-W05,5,7,copper,M1,0.8173,True,37.48,389.35,2024-03-03T07:43:00
5847,LOT006,LOT006-W05,5,8,tungsten,M2,1.2755,True,37.48,389.35,2024-03-03T07:43:30
5848,LOT006,LOT006-W05,5,9,copper,M1,0.8512,True,37.48,389.35,2024-03-03T07:44:00
5849,LOT006,LOT006-W05,5,10,tungsten,M1,0.8831,True,37.48,389.35,2024-03-03T07:44:30
5850,LOT006,LOT006-W05,6,1,tungsten,M1,1.0025,True,37.48,389.35,2024-03-03T07:45:00
5851,LOT006,LOT006-W05,6,2,copper,M2,1.0421,False,37.48,389.35,2024-03-03T07:45:30
5852,LOT006,LOT006-W05,6,3,copper,M3,1.3448,True,37.48,389.35,2024-03-03T07:46:00
5853,LOT006,LOT006-W05,6,4,tungsten,M4,2.1487,True,37.48,389.35,2024-03-03T07:46:30
5854,LOT006,LOT006-W05,6,5,copper,M2,1.1453,True,37.48,389.35,2024-03-03T07:47:00
5855,LOT006,LOT006-W05,6,6,copper,M2,1.1224,True,37.48,389.35,2024-03-03T07:47:30
5856,LOT006,LOT006-W05,6,7,copper,M2,1.091,True,37.48,389.35,2024-03-03T07:48:00
5857,LOT006,LOT006-W05,6,8,tungsten,M4,2.0343,True,37.48,389.35,2024-03-03T07:48:30
5858,LOT006,LOT006-W05,6,9,copper,M3,1.3372,True,37.48,389.35,2024-03-03T07:49:00
5859,LOT006,LOT006-W05,6,10,copper,M4,1.6124,True,37.48,389.35,2024-03-03T07:49:30
5860,LOT006,LOT006-W05,7,1,tungsten,M4,2.1141,True,37.48,389.35,2024-03-03T07:50:00
5861,LOT006,LOT006-W05,7,2,copper,M4,1.7423,True,37.48,389.35,2024-03-03T07:50:30
5862,LOT006,LOT006-W05,7,3,tungsten,M2,1.3562,True,37.48,389.35,2024-03-03T07:51:00
5863,LOT006,LOT006-W05,7,4,tungsten,M1,0.9186,True,37.48,389.35,2024-03-03T07:51:30
5864,LOT006,LOT006-W05,7,5,tungsten,M2,1.4744,True,37.48,389.35,2024-03-03T07:52:00
5865,LOT006,LOT006-W05,7,6,copper,M1,0.8545,True,37.48,389.35,2024-03-03T07:52:30
5866,LOT006,LOT006-W05,7,7,tungsten,M3,1.7425,True,37.48,389.35,2024-03-03T07:53:00
5867,LOT006,LOT006-W05,7,8,tungsten,M1,0.9786,True,37.48,389.35,2024-03-03T07:53:30
5868,LOT006,LOT006-W05,7,9,copper,M1,0.7594,True,37.48,389.35,2024-03-03T07:54:00
5869,LOT006,LOT006-W05,7,10,copper,M4,1.7985,True,37.48,389.35,2024-03-03T07:54:30
5870,LOT006,LOT006-W05,8,1,copper,M2,1.0925,True,37.48,389.35,2024-03-03T07:55:00
5871,LOT006,LOT006-W05,8,2,copper,M1,0.804,True,37.48,389.35,2024-03-03T07:55:30
5872,LOT006,LOT006-W05,8,3,copper,M3,1.5056,True,37.48,389.35,2024-03-03T07:56:00
5873,LOT006,LOT006-W05,8,4,copper,M1,0.7906,True,37.48,389.35,2024-03-03T07:56:30
5874,LOT006,LOT006-W05,8,5,tungsten,M4,2.1368,False,37.48,389.35,2024-03-03T07:57:00
5875,LOT006,LOT006-W05,8,6,copper,M3,1.4091,True,37.48,389.35,2024-03-03T07:57:30
5876,LOT006,LOT006-W05,8,7,tungsten,M1,1.051,True,37.48,389.35,2024-03-03T07:58:00
5877,LOT006,LOT006-W05,8,8,tungsten,M1,1.0142,True,37.48,389.35,2024-03-03T07:58:30
5878,LOT006,LOT006-W05,8,9,tungsten,M3,1.7294,True,37.48,389.35,2024-03-03T07:59:00
5879,LOT006,LOT006-W05,8,10,tungsten,M4,2.147,True,37.48,389.35,2024-03-03T07:59:30
5880,LOT006,LOT006-W05,9,1,copper,M3,1.3242,True,37.48,389.35,2024-03-03T08:00:00
5881,LOT006,LOT006-W05,9,2,copper,M2,1.0845,True,37.48,389.35,2024-03-03T08:00:30
5882,LOT006,LOT006-W05,9,3,tungsten,M3,1.8362,True,37.48,389.35,2024-03-03T08:01:00
5883,LOT006,LOT006-W05,9,4,copper,M2,1.1026,True,37.48,389.35,2024-03-03T08:01:30
5884,LOT006,LOT006-W05,9,5,tungsten,M1,1.0627,True,37.48,389.35,2024-03-03T08:02:00
5885,LOT006,LOT006-W05,9,6,copper,M2,1.1295,True,37.48,389.35,2024-03-03T08:02:30
5886,LOT006,LOT006-W05,9,7,tungsten,M1,0.9566,True,37.48,389.35,2024-03-03T08:03:00
5887,LOT006,LOT006-W05,9,8,copper,M3,1.3022,False,37.48,389.35,2024-03-03T08:03:30
5888,LOT006,LOT006-W05,9,9,copper,M3,1.4124,True,37.48,389.35,2024-03-03T08:04:00
5889,LOT006,LOT006-W05,9,10,tungsten,M1,0.9616,True,37.48,389.35,2024-03-03T08:04:30
5890,LOT006,LOT006-W05,10,1,copper,M1,0.7783,False,37.48,389.35,2024-03-03T08:05:00
5891,LOT006,LOT006-W05,10,2,tungsten,M3,1.7974,False,37.48,389.35,2024-03-03T08:05:30
5892,LOT006,LOT006-W05,10,3,copper,M1,0.8429,True,37.48,389.35,2024-03-03T08:06:00
5893,LOT006,LOT006-W05,10,4,copper,M3,1.4552,True,37.48,389.35,2024-03-03T08:06:30
5894,LOT006,LOT006-W05,10,5,copper,M4,1.761,True,37.48,389.35,2024-03-03T08:07:00
5895,LOT006,LOT006-W05,10,6,copper,M3,1.4243,True,37.48,389.35,2024-03-03T08:07:30
5896,LOT006,LOT006-W05,10,7,tungsten,M1,0.8881,True,37.48,389.35,2024-03-03T08:08:00
5897,LOT006,LOT006-W05,10,8,copper,M1,0.7987,True,37.48,389.35,2024-03-03T08:08:30
5898,LOT006,LOT006-W05,10,9,copper,M3,1.3387,True,37.48,389.35,2024-03-03T08:09:00
5899,LOT006,LOT006-W05,10,10,copper,M1,0.7786,True,37.48,389.35,2024-03-03T08:09:30
5900,LOT006,LOT006-W05,11,1,copper,M4,1.7217,True,37.48,389.35,2024-03-03T08:10:00
5901,LOT006,LOT006-W05,11,2,copper,M4,1.6613,True,37.48,389.35,2024-03-03T08:10:30
5902,LOT006,LOT006-W05,11,3,copper,M3,1.327,True,37.48,389.35,2024-03-03T08:11:00
5903,LOT006,LOT006-W05,11,4,tungsten,M2,1.2083,True,37.48,389.35,2024-03-03T08:11:30
5904,LOT006,LOT006-W05,11,5,copper,M2,1.1214,True,37.48,389.35,2024-03-03T08:12:00
5905,LOT006,LOT006-W05,11,6,copper,M4,1.7152,True,37.48,389.35,2024-03-03T08:12:30
5906,LOT006,LOT006-W05,11,7,copper,M4,1.6486,True,37.48,389.35,2024-03-03T08:13:00
5907,LOT006,LOT006-W05,11,8,copper,M3,1.507,True,37.48,389.35,2024-03-03T08:13:30
5908,LOT006,LOT006-W05,11,9,copper,M1,0.7521,True,37.48,389.35,2024-03-03T08:14:00
5909,LOT006,LOT006-W05,11,10,copper,M2,1.1681,True,37.48,389.35,2024-03-03T08:14:30
5910,LOT006,LOT006-W05,12,1,copper,M1,0.8195,True,37.48,389.35,2024-03-03T08:15:00
5911,LOT006,LOT006-W05,12,2,copper,M1,0.7984,True,37.48,389.35,2024-03-03T08:15:30
5912,LOT006,LOT006-W05,12,3,tungsten,M4,1.9025,True,37.48,389.35,2024-03-03T08:16:00
5913,LOT006,LOT006-W05,12,4,tungsten,M2,1.4261,False,37.48,389.35,2024-03-03T08:16:30
5914,LOT006,LOT006-W05,12,5,copper,M2,1.1863,True,37.48,389.35,2024-03-03T08:17:00
5915,LOT006,LOT006-W05,12,6,tungsten,M4,2.285,True,37.48,389.35,2024-03-03T08:17:30
5916,LOT006,LOT006-W05,12,7,copper,M4,1.6957,True,37.48,389.35,2024-03-03T08:18:00
5917,LOT006,LOT006-W05,12,8,copper,M2,1.1726,True,37.48,389.35,2024-03-03T08:18:30
5918,LOT006,LOT006-W05,12,9,copper,M1,0.763,True,37.48,389.35,2024-03-03T08:19:00
5919,LOT006,LOT006-W05,12,10,tungsten,M1,1.0457,True,37.48,389.35,2024-03-03T08:19:30
5920,LOT006,LOT006-W05,13,1,copper,M1,0.8079,False,37.48,389.35,2024-03-03T08:20:00
5921,LOT006,LOT006-W05,13,2,copper,M4,1.7717,True,37.48,389.35,2024-03-03T08:20:30
5922,LOT006,LOT006-W05,13,3,tungsten,M2,1.3839,True,37.48,389.35,2024-03-03T08:21:00
5923,LOT006,LOT006-W05,13,4,tungsten,M3,1.8059,True,37.48,389.35,2024-03-03T08:21:30
5924,LOT006,LOT006-W05,13,5,copper,M4,1.6543,True,37.48,389.35,2024-03-03T08:22:00
5925,LOT006,LOT006-W05,13,6,copper,M1,0.8464,True,37.48,389.35,2024-03-03T08:22:30
5926,LOT006,LOT006-W05,13,7,tungsten,M1,1.0574,True,37.48,389.35,2024-03-03T08:23:00
5927,LOT006,LOT006-W05,13,8,tungsten,M4,2.3308,True,37.48,389.35,2024-03-03T08:23:30
5928,LOT006,LOT006-W05,13,9,copper,M3,1.5693,True,37.48,389.35,2024-03-03T08:24:00
5929,LOT006,LOT006-W05,13,10,tungsten,M2,1.4632,True,37.48,389.35,2024-03-03T08:24:30
5930,LOT006,LOT006-W05,14,1,tungsten,M2,1.3661,True,37.48,389.35,2024-03-03T08:25:00
5931,LOT006,LOT006-W05,14,2,copper,M1,0.8477,True,37.48,389.35,2024-03-03T08:25:30
5932,LOT006,LOT006-W05,14,3,copper,M1,0.766,True,37.48,389.35,2024-03-03T08:26:00
5933,LOT006,LOT006-W05,14,4,tungsten,M2,1.3209,True,37.48,389.35,2024-03-03T08:26:30
5934,LOT006,LOT006-W05,14,5,tungsten,M1,0.9108,True,37.48,389.35,2024-03-03T08:27:00
5935,LOT006,LOT006-W05,14,6,copper,M1,0.799,True,37.48,389.35,2024-03-03T08:27:30
5936,LOT006,LOT006-W05,14,7,tungsten,M4,2.012,True,37.48,389.35,2024-03-03T08:28:00
5937,LOT006,LOT006-W05,14,8,tungsten,M1,0.9743,True,37.48,389.35,2024-03-03T08:28:30
5938,LOT006,LOT006-W05,14,9,tungsten,M1,1.0164,True,37.48,389.35,2024-03-03T08:29:00
5939,LOT006,LOT006-W05,14,10,copper,M3,1.3589,True,37.48,389.35,2024-03-03T08:29:30
5940,LOT006,LOT006-W05,15,1,tungsten,M2,1.2962,False,37.48,389.35,2024-03-03T08:30:00
5941,LOT006,LOT006-W05,15,2,tungsten,M4,2.1509,True,37.48,389.35,2024-03-03T08:30:30
5942,LOT006,LOT006-W05,15,3,tungsten,M2,1.29,True,37.48,389.35,2024-03-03T08:31:00
5943,LOT006,LOT006-W05,15,4,tungsten,M4,2.0486,True,37.48,389.35,2024-03-03T08:31:30
5944,LOT006,LOT006-W05,15,5,copper,M2,1.1061,True,37.48,389.35,2024-03-03T08:32:00
5945,LOT006,LOT006-W05,15,6,tungsten,M1,1.0521,True,37.48,389.35,2024-03-03T08:32:30
5946,LOT006,LOT006-W05,15,7,copper,M2,1.1665,True,37.48,389.35,2024-03-03T08:33:00
5947,LOT006,LOT006-W05,15,8,tungsten,M3,1.7885,True,37.48,389.35,2024-03-03T08:33:30
5948,LOT006,LOT006-W05,15,9,tungsten,M2,1.4624,False,37.48,389.35,2024-03-03T08:34:00
5949,LOT006,LOT006-W05,15,10,copper,M1,0.8439,True,37.48,389.35,2024-03-03T08:34:30
5950,LOT006,LOT006-W05,16,1,copper,M4,1.685,False,37.48,389.35,2024-03-03T08:35:00
5951,LOT006,LOT006-W05,16,2,copper,M3,1.4123,True,37.48,389.35,2024-03-03T08:35:30
5952,LOT006,LOT006-W05,16,3,tungsten,M4,2.0535,False,37.48,389.35,2024-03-03T08:36:00
5953,LOT006,LOT006-W05,16,4,tungsten,M4,2.1808,True,37.48,389.35,2024-03-03T08:36:30
5954,LOT006,LOT006-W05,16,5,tungsten,M3,1.8428,True,37.48,389.35,2024-03-03T08:37:00
5955,LOT006,LOT006-W05,16,6,tungsten,M2,1.3414,True,37.48,389.35,2024-03-03T08:37:30
5956,LOT006,LOT006-W05,16,7,tungsten,M2,1.4033,True,37.48,389.35,2024-03-03T08:38:00
5957,LOT006,LOT006-W05,16,8,tungsten,M1,0.9499,True,37.48,389.35,2024-03-03T08:38:30
5958,LOT006,LOT006-W05,16,9,copper,M4,1.6252,True,37.48,389.35,2024-03-03T08:39:00
5959,LOT006,LOT006-W05,16,10,tungsten,M4,2.043,True,37.48,389.35,2024-03-03T08:39:30
5960,LOT006,LOT006-W05,17,1,copper,M3,1.3267,True,37.48,389.35,2024-03-03T08:40:00
5961,LOT006,LOT006-W05,17,2,copper,M2,1.03,False,37.48,389.35,2024-03-03T08:40:30
5962,LOT006,LOT006-W05,17,3,tungsten,M1,1.0062,True,37.48,389.35,2024-03-03T08:41:00
5963,LOT006,LOT006-W05,17,4,copper,M3,1.4639,True,37.48,389.35,2024-03-03T08:41:30
5964,LOT006,LOT006-W05,17,5,tungsten,M1,1.0202,True,37.48,389.35,2024-03-03T08:42:00
5965,LOT006,LOT006-W05,17,6,tungsten,M2,1.2833,True,37.48,389.35,2024-03-03T08:42:30
5966,LOT006,LOT006-W05,17,7,tungsten,M4,2.0908,True,37.48,389.35,2024-03-03T08:43:00
5967,LOT006,LOT006-W05,17,8,tungsten,M4,2.3109,True,37.48,389.35,2024-03-03T08:43:30
5968,LOT006,LOT006-W05,17,9,copper,M3,1.353,True,37.48,389.35,2024-03-03T08:44:00
5969,LOT006,LOT006-W05,17,10,tungsten,M3,1.8025,True,37.48,389.35,2024-03-03T08:44:30
5970,LOT006,LOT006-W05,18,1,tungsten,M4,2.0867,True,37.48,389.35,2024-03-03T08:45:00
5971,LOT006,LOT006-W05,18,2,copper,M4,1.6855,True,37.48,389.35,2024-03-03T08:45:30
5972,LOT006,LOT006-W05,18,3,tungsten,M4,1.9665,True,37.48,389.35,2024-03-03T08:46:00
5973,LOT006,LOT006-W05,18,4,tungsten,M1,0.9595,False,37.48,389.35,2024-03-03T08:46:30
5974,LOT006,LOT006-W05,18,5,tungsten,M2,1.3503,True,37.48,389.35,2024-03-03T08:47:00
5975,LOT006,LOT006-W05,18,6,copper,M3,1.3285,True,37.48,389.35,2024-03-03T08:47:30
5976,LOT006,LOT006-W05,18,7,copper,M4,1.6487,True,37.48,389.35,2024-03-03T08:48:00
5977,LOT006,LOT006-W05,18,8,copper,M3,1.3666,True,37.48,389.35,2024-03-03T08:48:30
5978,LOT006,LOT006-W05,18,9,copper,M3,1.3908,True,37.48,389.35,2024-03-03T08:49:00
5979,LOT006,LOT006-W05,18,10,copper,M1,0.7467,True,37.48,389.35,2024-03-03T08:49:30
5980,LOT006,LOT006-W05,19,1,tungsten,M1,0.9998,True,37.48,389.35,2024-03-03T08:50:00
5981,LOT006,LOT006-W05,19,2,copper,M1,0.7546,True,37.48,389.35,2024-03-03T08:50:30
5982,LOT006,LOT006-W05,19,3,tungsten,M4,2.1776,True,37.48,389.35,2024-03-03T08:51:00
5983,LOT006,LOT006-W05,19,4,tungsten,M2,1.4503,True,37.48,389.35,2024-03-03T08:51:30
5984,LOT006,LOT006-W05,19,5,copper,M4,1.7472,True,37.48,389.35,2024-03-03T08:52:00
5985,LOT006,LOT006-W05,19,6,copper,M1,0.8252,False,37.48,389.35,2024-03-03T08:52:30
5986,LOT006,LOT006-W05,19,7,copper,M3,1.4677,True,37.48,389.35,2024-03-03T08:53:00
5987,LOT006,LOT006-W05,19,8,tungsten,M3,1.9897,True,37.48,389.35,2024-03-03T08:53:30
5988,LOT006,LOT006-W05,19,9,copper,M1,0.8015,True,37.48,389.35,2024-03-03T08:54:00
5989,LOT006,LOT006-W05,19,10,tungsten,M2,1.3864,True,37.48,389.35,2024-03-03T08:54:30
5990,LOT006,LOT006-W05,20,1,copper,M1,0.8471,True,37.48,389.35,2024-03-03T08:55:00
5991,LOT006,LOT006-W05,20,2,copper,M2,1.0996,True,37.48,389.35,2024-03-03T08:55:30
5992,LOT006,LOT006-W05,20,3,tungsten,M2,1.278,True,37.48,389.35,2024-03-03T08:56:00
5993,LOT006,LOT006-W05,20,4,tungsten,M1,1.004,True,37.48,389.35,2024-03-03T08:56:30
5994,LOT006,LOT006-W05,20,5,copper,M2,1.1583,True,37.48,389.35,2024-03-03T08:57:00
5995,LOT006,LOT006-W05,20,6,tungsten,M1,1.1345,True,37.48,389.35,2024-03-03T08:57:30
5996,LOT006,LOT006-W05,20,7,tungsten,M1,1.0122,True,37.48,389.35,2024-03-03T08:58:00
5997,LOT006,LOT006-W05,20,8,copper,M3,1.4421,True,37.48,389.35,2024-03-03T08:58:30
5998,LOT006,LOT006-W05,20,9,tungsten,M4,2.0088,True,37.48,389.35,2024-03-03T08:59:00
5999,LOT006,LOT006-W05,20,10,tungsten,M2,1.4163,True,37.48,389.35,2024-03-03T08:59:30
6000,LOT007,LOT007-W01,1,1,tungsten,M2,1.2612,True,37.55,394.77,2024-03-03T09:00:00
6001,LOT007,LOT007-W01,1,2,tungsten,M1,1.0604,True,37.55,394.77,2024-03-03T09:00:30
6002,LOT007,LOT007-W01,1,3,tungsten,M2,1.3924,True,37.55,394.77,2024-03-03T09:01:00
6003,LOT007,LOT007-W01,1,4,copper,M4,1.7348,True,37.55,394.77,2024-03-03T09:01:30
6004,LOT007,LOT007-W01,1,5,copper,M1,0.8674,True,37.55,394.77,2024-03-03T09:02:00
6005,LOT007,LOT007-W01,1,6,copper,M2,1.1109,False,37.55,394.77,2024-03-03T09:02:30
6006,LOT007,LOT007-W01,1,7,tungsten,M2,1.3626,True,37.55,394.77,2024-03-03T09:03:00
6007,LOT007,LOT007-W01,1,8,copper,M4,1.9072,True,37.55,394.77,2024-03-03T09:03:30
6008,LOT007,LOT007-W01,1,9,tungsten,M2,1.4387,True,37.55,394.77,2024-03-03T09:04:00
6009,LOT007,LOT007-W01,1,10,copper,M2,1.0358,True,37.55,394.77,2024-03-03T09:04:30
6010,LOT007,LOT007-W01,2,1,copper,M2,1.146,True,37.55,394.77,2024-03-03T09:05:00
6011,LOT007,LOT007-W01,2,2,copper,M4,1.7447,True,37.55,394.77,2024-03-03T09:05:30
6012,LOT007,LOT007-W01,2,3,tungsten,M4,2.2383,True,37.55,394.77,2024-03-03T09:06:00
6013,LOT007,LOT007-W01,2,4,tungsten,M3,1.77,True,37.55,394.77,2024-03-03T09:06:30
6014,LOT007,LOT007-W01,2,5,tungsten,M2,1.2631,True,37.55,394.77,2024-03-03T09:07:00
6015,LOT007,LOT007-W01,2,6,tungsten,M1,1.0254,True,37.55,394.77,2024-03-03T09:07:30
6016,LOT007,LOT007-W01,2,7,tungsten,M4,2.1663,True,37.55,394.77,2024-03-03T09:08:00
6017,LOT007,LOT007-W01,2,8,tungsten,M1,0.9331,True,37.55,394.77,2024-03-03T09:08:30
6018,LOT007,LOT007-W01,2,9,tungsten,M3,1.9283,True,37.55,394.77,2024-03-03T09:09:00
6019,LOT007,LOT007-W01,2,10,copper,M4,1.6413,True,37.55,394.77,2024-03-03T09:09:30
6020,LOT007,LOT007-W01,3,1,tungsten,M4,2.0873,True,37.55,394.77,2024-03-03T09:10:00
6021,LOT007,LOT007-W01,3,2,tungsten,M3,1.7352,True,37.55,394.77,2024-03-03T09:10:30
6022,LOT007,LOT007-W01,3,3,tungsten,M2,1.3761,True,37.55,394.77,2024-03-03T09:11:00
6023,LOT007,LOT007-W01,3,4,copper,M3,1.3883,True,37.55,394.77,2024-03-03T09:11:30
6024,LOT007,LOT007-W01,3,5,copper,M2,1.0102,True,37.55,394.77,2024-03-03T09:12:00
6025,LOT007,LOT007-W01,3,6,tungsten,M2,1.4127,True,37.55,394.77,2024-03-03T09:12:30
6026,LOT007,LOT007-W01,3,7,copper,M2,1.0836,True,37.55,394.77,2024-03-03T09:13:00
6027,LOT007,LOT007-W01,3,8,copper,M1,0.7503,True,37.55,394.77,2024-03-03T09:13:30
6028,LOT007,LOT007-W01,3,9,tungsten,M4,2.1554,True,37.55,394.77,2024-03-03T09:14:00
6029,LOT007,LOT007-W01,3,10,copper,M4,1.606,True,37.55,394.77,2024-03-03T09:14:30
6030,LOT007,LOT007-W01,4,1,copper,M2,1.1115,True,37.55,394.77,2024-03-03T09:15:00
6031,LOT007,LOT007-W01,4,2,tungsten,M2,1.4126,True,37.55,394.77,2024-03-03T09:15:30
6032,LOT007,LOT007-W01,4,3,tungsten,M2,1.5029,True,37.55,394.77,2024-03-03T09:16:00
6033,LOT007,LOT007-W01,4,4,copper,M1,0.8576,True,37.55,394.77,2024-03-03T09:16:30
6034,LOT007,LOT007-W01,4,5,tungsten,M1,1.079,True,37.55,394.77,2024-03-03T09:17:00
6035,LOT007,LOT007-W01,4,6,copper,M2,1.0024,False,37.55,394.77,2024-03-03T09:17:30
6036,LOT007,LOT007-W01,4,7,tungsten,M2,1.3072,True,37.55,394.77,2024-03-03T09:18:00
6037,LOT007,LOT007-W01,4,8,copper,M1,0.7879,True,37.55,394.77,2024-03-03T09:18:30
6038,LOT007,LOT007-W01,4,9,copper,M1,0.8023,False,37.55,394.77,2024-03-03T09:19:00
6039,LOT007,LOT007-W01,4,10,copper,M1,0.8321,True,37.55,394.77,2024-03-03T09:19:30
6040,LOT007,LOT007-W01,5,1,tungsten,M3,1.9115,True,37.55,394.77,2024-03-03T09:20:00
6041,LOT007,LOT007-W01,5,2,tungsten,M1,1.0046,True,37.55,394.77,2024-03-03T09:20:30
6042,LOT007,LOT007-W01,5,3,tungsten,M4,2.1253,True,37.55,394.77,2024-03-03T09:21:00
6043,LOT007,LOT007-W01,5,4,copper,M3,1.4154,True,37.55,394.77,2024-03-03T09:21:30
6044,LOT007,LOT007-W01,5,5,tungsten,M4,2.1517,True,37.55,394.77,2024-03-03T09:22:00
6045,LOT007,LOT007-W01,5,6,copper,M1,0.7655,True,37.55,394.77,2024-03-03T09:22:30
6046,LOT007,LOT007-W01,5,7,tungsten,M2,1.5284,False,37.55,394.77,2024-03-03T09:23:00
6047,LOT007,LOT007-W01,5,8,copper,M3,1.2537,True,37.55,394.77,2024-03-03T09:23:30
6048,LOT007,LOT007-W01,5,9,copper,M1,0.821,True,37.55,394.77,2024-03-03T09:24:00
6049,LOT007,LOT007-W01,5,10,tungsten,M2,1.5302,True,37.55,394.77,2024-03-03T09:24:30
6050,LOT007,LOT007-W01,6,1,copper,M4,1.8325,True,37.55,394.77,2024-03-03T09:25:00
6051,LOT007,LOT007-W01,6,2,tungsten,M4,2.0683,True,37.55,394.77,2024-03-03T09:25:30
6052,LOT007,LOT007-W01,6,3,copper,M2,1.047,True,37.55,394.77,2024-03-03T09:26:00
6053,LOT007,LOT007-W01,6,4,copper,M1,0.7947,True,37.55,394.77,2024-03-03T09:26:30
6054,LOT007,LOT007-W01,6,5,copper,M1,0.7751,True,37.55,394.77,2024-03-03T09:27:00
6055,LOT007,LOT007-W01,6,6,copper,M4,1.7006,True,37.55,394.77,2024-03-03T09:27:30
6056,LOT007,LOT007-W01,6,7,tungsten,M2,1.3855,True,37.55,394.77,2024-03-03T09:28:00
6057,LOT007,LOT007-W01,6,8,tungsten,M4,2.0666,True,37.55,394.77,2024-03-03T09:28:30
6058,LOT007,LOT007-W01,6,9,tungsten,M4,1.9676,True,37.55,394.77,2024-03-03T09:29:00
6059,LOT007,LOT007-W01,6,10,tungsten,M4,1.9572,True,37.55,394.77,2024-03-03T09:29:30
6060,LOT007,LOT007-W01,7,1,copper,M1,0.8078,True,37.55,394.77,2024-03-03T09:30:00
6061,LOT007,LOT007-W01,7,2,copper,M3,1.4414,True,37.55,394.77,2024-03-03T09:30:30
6062,LOT007,LOT007-W01,7,3,copper,M1,0.827,True,37.55,394.77,2024-03-03T09:31:00
6063,LOT007,LOT007-W01,7,4,copper,M2,1.0886,True,37.55,394.77,2024-03-03T09:31:30
6064,LOT007,LOT007-W01,7,5,tungsten,M3,1.624,True,37.55,394.77,2024-03-03T09:32:00
6065,LOT007,LOT007-W01,7,6,tungsten,M4,2.1157,True,37.55,394.77,2024-03-03T09:32:30
6066,LOT007,LOT007-W01,7,7,copper,M2,1.1109,True,37.55,394.77,2024-03-03T09:33:00
6067,LOT007,LOT007-W01,7,8,tungsten,M4,1.9983,True,37.55,394.77,2024-03-03T09:33:30
6068,LOT007,LOT007-W01,7,9,copper,M3,1.3596,True,37.55,394.77,2024-03-03T09:34:00
6069,LOT007,LOT007-W01,7,10,copper,M1,0.8312,True,37.55,394.77,2024-03-03T09:34:30
6070,LOT007,LOT007-W01,8,1,tungsten,M3,1.8277,True,37.55,394.77,2024-03-03T09:35:00
6071,LOT007,LOT007-W01,8,2,copper,M1,0.7864,True,37.55,394.77,2024-03-03T09:35:30
6072,LOT007,LOT007-W01,8,3,copper,M4,1.7411,True,37.55,394.77,2024-03-03T09:36:00
6073,LOT007,LOT007-W01,8,4,tungsten,M4,2.0699,True,37.55,394.77,2024-03-03T09:36:30
6074,LOT007,LOT007-W01,8,5,copper,M1,0.8567,True,37.55,394.77,2024-03-03T09:37:00
6075,LOT007,LOT007-W01,8,6,copper,M3,1.3339,True,37.55,394.77,2024-03-03T09:37:30
6076,LOT007,LOT007-W01,8,7,tungsten,M1,1.0079,True,37.55,394.77,2024-03-03T09:38:00
6077,LOT007,LOT007-W01,8,8,tungsten,M4,2.2509,True,37.55,394.77,2024-03-03T09:38:30
6078,LOT007,LOT007-W01,8,9,copper,M4,1.6084,True,37.55,394.77,2024-03-03T09:39:00
6079,LOT007,LOT007-W01,8,10,copper,M2,1.0842,True,37.55,394.77,2024-03-03T09:39:30
6080,LOT007,LOT007-W01,9,1,tungsten,M2,1.3765,True,37.55,394.77,2024-03-03T09:40:00
6081,LOT007,LOT007-W01,9,2,tungsten,M4,1.9813,True,37.55,394.77,2024-03-03T09:40:30
6082,LOT007,LOT007-W01,9,3,tungsten,M4,2.2346,True,37.55,394.77,2024-03-03T09:41:00
6083,LOT007,LOT007-W01,9,4,tungsten,M4,2.151,True,37.55,394.77,2024-03-03T09:41:30
6084,LOT007,LOT007-W01,9,5,copper,M3,1.392,True,37.55,394.77,2024-03-03T09:42:00
6085,LOT007,LOT007-W01,9,6,copper,M4,1.7365,True,37.55,394.77,2024-03-03T09:42:30
6086,LOT007,LOT007-W01,9,7,copper,M2,0.999,True,37.55,394.77,2024-03-03T09:43:00
6087,LOT007,LOT007-W01,9,8,copper,M1,0.8243,True,37.55,394.77,2024-03-03T09:43:30
6088,LOT007,LOT007-W01,9,9,copper,M2,1.0758,True,37.55,394.77,2024-03-03T09:44:00
6089,LOT007,LOT007-W01,9,10,tungsten,M1,0.9111,True,37.55,394.77,2024-03-03T09:44:30
6090,LOT007,LOT007-W01,10,1,copper,M1,0.7816,True,37.55,394.77,2024-03-03T09:45:00
6091,LOT007,LOT007-W01,10,2,tungsten,M2,1.4601,True,37.55,394.77,2024-03-03T09:45:30
6092,LOT007,LOT007-W01,10,3,tungsten,M1,0.9762,True,37.55,394.77,2024-03-03T09:46:00
6093,LOT007,LOT007-W01,10,4,copper,M2,1.2059,True,37.55,394.77,2024-03-03T09:46:30
6094,LOT007,LOT007-W01,10,5,copper,M2,1.1024,True,37.55,394.77,2024-03-03T09:47:00
6095,LOT007,LOT007-W01,10,6,copper,M3,1.4814,True,37.55,394.77,2024-03-03T09:47:30
6096,LOT007,LOT007-W01,10,7,tungsten,M2,1.4536,True,37.55,394.77,2024-03-03T09:48:00
6097,LOT007,LOT007-W01,10,8,copper,M4,1.7152,True,37.55,394.77,2024-03-03T09:48:30
6098,LOT007,LOT007-W01,10,9,copper,M4,1.6562,False,37.55,394.77,2024-03-03T09:49:00
6099,LOT007,LOT007-W01,10,10,tungsten,M1,1.0948,True,37.55,394.77,2024-03-03T09:49:30
6100,LOT007,LOT007-W01,11,1,copper,M2,1.0433,True,37.55,394.77,2024-03-03T09:50:00
6101,LOT007,LOT007-W01,11,2,copper,M2,1.1678,True,37.55,394.77,2024-03-03T09:50:30
6102,LOT007,LOT007-W01,11,3,copper,M3,1.3624,True,37.55,394.77,2024-03-03T09:51:00
6103,LOT007,LOT007-W01,11,4,copper,M3,1.2413,True,37.55,394.77,2024-03-03T09:51:30
6104,LOT007,LOT007-W01,11,5,tungsten,M4,2.1625,True,37.55,394.77,2024-03-03T09:52:00
6105,LOT007,LOT007-W01,11,6,copper,M3,1.3452,True,37.55,394.77,2024-03-03T09:52:30
6106,LOT007,LOT007-W01,11,7,tungsten,M2,1.3448,True,37.55,394.77,2024-03-03T09:53:00
6107,LOT007,LOT007-W01,11,8,copper,M2,1.2434,True,37.55,394.77,2024-03-03T09:53:30
6108,LOT007,LOT007-W01,11,9,copper,M3,1.4059,True,37.55,394.77,2024-03-03T09:54:00
6109,LOT007,LOT007-W01,11,10,copper,M2,1.0363,True,37.55,394.77,2024-03-03T09:54:30
6110,LOT007,LOT007-W01,12,1,copper,M2,1.1449,True,37.55,394.77,2024-03-03T09:55:00
6111,LOT007,LOT007-W01,12,2,tungsten,M4,1.9718,True,37.55,394.77,2024-03-03T09:55:30
6112,LOT007,LOT007-W01,12,3,copper,M4,1.7017,True,37.55,394.77,2024-03-03T09:56:00
6113,LOT007,LOT007-W01,12,4,copper,M4,1.5853,True,37.55,394.77,2024-03-03T09:56:30
6114,LOT007,LOT007-W01,12,5,tungsten,M3,1.8508,True,37.55,394.77,2024-03-03T09:57:00
6115,LOT007,LOT007-W01,12,6,copper,M2,1.1781,True,37.55,394.77,2024-03-03T09:57:30
6116,LOT007,LOT007-W01,12,7,tungsten,M2,1.3855,True,37.55,394.77,2024-03-03T09:58:00
6117,LOT007,LOT007-W01,12,8,tungsten,M3,1.9533,False,37.55,394.77,2024-03-03T09:58:30
6118,LOT007,LOT007-W01,12,9,tungsten,M2,1.3682,True,37.55,394.77,2024-03-03T09:59:00
6119,LOT007,LOT007-W01,12,10,tungsten,M2,1.4871,True,37.55,394.77,2024-03-03T09:59:30
6120,LOT007,LOT007-W01,13,1,copper,M4,1.9079,True,37.55,394.77,2024-03-03T10:00:00
6121,LOT007,LOT007-W01,13,2,copper,M1,0.7304,False,37.55,394.77,2024-03-03T10:00:30
6122,LOT007,LOT007-W01,13,3,copper,M1,0.753,True,37.55,394.77,2024-03-03T10:01:00
6123,LOT007,LOT007-W01,13,4,tungsten,M3,1.7955,True,37.55,394.77,2024-03-03T10:01:30
6124,LOT007,LOT007-W01,13,5,tungsten,M2,1.3939,True,37.55,394.77,2024-03-03T10:02:00
6125,LOT007,LOT007-W01,13,6,tungsten,M1,0.9646,True,37.55,394.77,2024-03-03T10:02:30
6126,LOT007,LOT007-W01,13,7,copper,M1,0.8007,True,37.55,394.77,2024-03-03T10:03:00
6127,LOT007,LOT007-W01,13,8,tungsten,M4,2.1334,True,37.55,394.77,2024-03-03T10:03:30
6128,LOT007,LOT007-W01,13,9,copper,M4,1.684,True,37.55,394.77,2024-03-03T10:04:00
6129,LOT007,LOT007-W01,13,10,copper,M1,0.8097,False,37.55,394.77,2024-03-03T10:04:30
6130,LOT007,LOT007-W01,14,1,copper,M2,1.0453,True,37.55,394.77,2024-03-03T10:05:00
6131,LOT007,LOT007-W01,14,2,copper,M1,0.7858,True,37.55,394.77,2024-03-03T10:05:30
6132,LOT007,LOT007-W01,14,3,tungsten,M2,1.4126,True,37.55,394.77,2024-03-03T10:06:00
6133,LOT007,LOT007-W01,14,4,copper,M4,1.6831,True,37.55,394.77,2024-03-03T10:06:30
6134,LOT007,LOT007-W01,14,5,tungsten,M1,0.8857,True,37.55,394.77,2024-03-03T10:07:00
6135,LOT007,LOT007-W01,14,6,copper,M2,1.1083,True,37.55,394.77,2024-03-03T10:07:30
6136,LOT007,LOT007-W01,14,7,tungsten,M1,0.9838,True,37.55,394.77,2024-03-03T10:08:00
6137,LOT007,LOT007-W01,14,8,copper,M3,1.3925,True,37.55,394.77,2024-03-03T10:08:30
6138,LOT007,LOT007-W01,14,9,copper,M3,1.2473,True,37.55,394.77,2024-03-03T10:09:00
6139,LOT007,LOT007-W01,14,10,copper,M4,1.6845,False,37.55,394.77,2024-03-03T10:09:30
6140,LOT007,LOT007-W01,15,1,tungsten,M1,1.0252,True,37.55,394.77,2024-03-03T10:10:00
6141,LOT007,LOT007-W01,15,2,copper,M3,1.4457,True,37.55,394.77,2024-03-03T10:10:30
6142,LOT007,LOT007-W01,15,3,tungsten,M4,2.0589,True,37.55,394.77,2024-03-03T10:11:00
6143,LOT007,LOT007-W01,15,4,copper,M2,1.1787,True,37.55,394.77,2024-03-03T10:11:30
6144,LOT007,LOT007-W01,15,5,copper,M4,1.6703,True,37.55,394.77,2024-03-03T10:12:00
6145,LOT007,LOT007-W01,15,6,tungsten,M4,1.9617,True,37.55,394.77,2024-03-03T10:12:30
6146,LOT007,LOT007-W01,15,7,tungsten,M2,1.5078,True,37.55,394.77,2024-03-03T10:13:00
6147,LOT007,LOT007-W01,15,8,tungsten,M4,2.2071,True,37.55,394.77,2024-03-03T10:13:30
6148,LOT007,LOT007-W01,15,9,copper,M1,0.8571,True,37.55,394.77,2024-03-03T10:14:00
6149,LOT007,LOT007-W01,15,10,copper,M3,1.3549,True,37.55,394.77,2024-03-03T10:14:30
6150,LOT007,LOT007-W01,16,1,tungsten,M1,0.9825,True,37.55,394.77,2024-03-03T10:15:00
6151,LOT007,LOT007-W01,16,2,tungsten,M1,0.9624,True,37.55,394.77,2024-03-03T10:15:30
6152,LOT007,LOT007-W01,16,3,tungsten,M1,0.9714,True,37.55,394.77,2024-03-03T10:16:00
6153,LOT007,LOT007-W01,16,4,copper,M2,1.0911,True,37.55,394.77,2024-03-03T10:16:30
6154,LOT007,LOT007-W01,16,5,copper,M2,1.1407,True,37.55,394.77,2024-03-03T10:17:00
6155,LOT007,LOT007-W01,16,6,tungsten,M1,1.0277,True,37.55,394.77,2024-03-03T10:17:30
6156,LOT007,LOT007-W01,16,7,tungsten,M1,0.9228,True,37.55,394.77,2024-03-03T10:18:00
6157,LOT007,LOT007-W01,16,8,copper,M2,1.1092,True,37.55,394.77,2024-03-03T10:18:30
6158,LOT007,LOT007-W01,16,9,copper,M3,1.392,True,37.55,394.77,2024-03-03T10:19:00
6159,LOT007,LOT007-W01,16,10,tungsten,M3,1.6994,True,37.55,394.77,2024-03-03T10:19:30
6160,LOT007,LOT007-W01,17,1,copper,M3,1.441,True,37.55,394.77,2024-03-03T10:20:00
6161,LOT007,LOT007-W01,17,2,tungsten,M1,0.9208,True,37.55,394.77,2024-03-03T10:20:30
6162,LOT007,LOT007-W01,17,3,tungsten,M1,1.0254,True,37.55,394.77,2024-03-03T10:21:00
6163,LOT007,LOT007-W01,17,4,copper,M2,1.1176,False,37.55,394.77,2024-03-03T10:21:30
6164,LOT007,LOT007-W01,17,5,copper,M2,1.0884,True,37.55,394.77,2024-03-03T10:22:00
6165,LOT007,LOT007-W01,17,6,tungsten,M4,2.1023,True,37.55,394.77,2024-03-03T10:22:30
6166,LOT007,LOT007-W01,17,7,copper,M4,1.7066,True,37.55,394.77,2024-03-03T10:23:00
6167,LOT007,LOT007-W01,17,8,tungsten,M4,2.0747,True,37.55,394.77,2024-03-03T10:23:30
6168,LOT007,LOT007-W01,17,9,tungsten,M4,1.9548,True,37.55,394.77,2024-03-03T10:24:00
6169,LOT007,LOT007-W01,17,10,copper,M2,1.1658,True,37.55,394.77,2024-03-03T10:24:30
6170,LOT007,LOT007-W01,18,1,tungsten,M4,2.0968,True,37.55,394.77,2024-03-03T10:25:00
6171,LOT007,LOT007-W01,18,2,copper,M3,1.3759,True,37.55,394.77,2024-03-03T10:25:30
6172,LOT007,LOT007-W01,18,3,copper,M3,1.3214,True,37.55,394.77,2024-03-03T10:26:00
6173,LOT007,LOT007-W01,18,4,tungsten,M1,0.9435,True,37.55,394.77,2024-03-03T10:26:30
6174,LOT007,LOT007-W01,18,5,tungsten,M4,2.1928,True,37.55,394.77,2024-03-03T10:27:00
6175,LOT007,LOT007-W01,18,6,copper,M4,1.6623,True,37.55,394.77,2024-03-03T10:27:30
6176,LOT007,LOT007-W01,18,7,tungsten,M4,1.9233,True,37.55,394.77,2024-03-03T10:28:00
6177,LOT007,LOT007-W01,18,8,copper,M3,1.3547,True,37.55,394.77,2024-03-03T10:28:30
6178,LOT007,LOT007-W01,18,9,copper,M2,1.1177,True,37.55,394.77,2024-03-03T10:29:00
6179,LOT007,LOT007-W01,18,10,copper,M4,1.662,True,37.55,394.77,2024-03-03T10:29:30
6180,LOT007,LOT007-W01,19,1,copper,M4,1.7905,True,37.55,394.77,2024-03-03T10:30:00
6181,LOT007,LOT007-W01,19,2,tungsten,M3,1.6578,False,37.55,394.77,2024-03-03T10:30:30
6182,LOT007,LOT007-W01,19,3,copper,M3,1.2702,True,37.55,394.77,2024-03-03T10:31:00
6183,LOT007,LOT007-W01,19,4,copper,M3,1.425,True,37.55,394.77,2024-03-03T10:31:30
6184,LOT007,LOT007-W01,19,5,copper,M4,1.7153,True,37.55,394.77,2024-03-03T10:32:00
6185,LOT007,LOT007-W01,19,6,tungsten,M1,0.9368,True,37.55,394.77,2024-03-03T10:32:30
6186,LOT007,LOT007-W01,19,7,copper,M4,1.7587,True,37.55,394.77,2024-03-03T10:33:00
6187,LOT007,LOT007-W01,19,8,copper,M3,1.5238,False,37.55,394.77,2024-03-03T10:33:30
6188,LOT007,LOT007-W01,19,9,tungsten,M3,1.7475,True,37.55,394.77,2024-03-03T10:34:00
6189,LOT007,LOT007-W01,19,10,copper,M1,0.8123,True,37.55,394.77,2024-03-03T10:34:30
6190,LOT007,LOT007-W01,20,1,tungsten,M3,1.7536,True,37.55,394.77,2024-03-03T10:35:00
6191,LOT007,LOT007-W01,20,2,copper,M3,1.4128,True,37.55,394.77,2024-03-03T10:35:30
6192,LOT007,LOT007-W01,20,3,tungsten,M4,2.0386,True,37.55,394.77,2024-03-03T10:36:00
6193,LOT007,LOT007-W01,20,4,tungsten,M3,1.8256,False,37.55,394.77,2024-03-03T10:36:30
6194,LOT007,LOT007-W01,20,5,tungsten,M2,1.3891,True,37.55,394.77,2024-03-03T10:37:00
6195,LOT007,LOT007-W01,20,6,tungsten,M1,1.0159,True,37.55,394.77,2024-03-03T10:37:30
6196,LOT007,LOT007-W01,20,7,tungsten,M4,2.1549,True,37.55,394.77,2024-03-03T10:38:00
6197,LOT007,LOT007-W01,20,8,copper,M3,1.3546,True,37.55,394.77,2024-03-03T10:38:30
6198,LOT007,LOT007-W01,20,9,copper,M3,1.4828,True,37.55,394.77,2024-03-03T10:39:00
6199,LOT007,LOT007-W01,20,10,copper,M1,0.8315,True,37.55,394.77,2024-03-03T10:39:30
6200,LOT007,LOT007-W02,1,1,tungsten,M2,1.3767,True,37.7,416.22,2024-03-03T10:40:00
6201,LOT007,LOT007-W02,1,2,copper,M3,1.339,True,37.7,416.22,2024-03-03T10:40:30
6202,LOT007,LOT007-W02,1,3,copper,M1,0.7422,True,37.7,416.22,2024-03-03T10:41:00
6203,LOT007,LOT007-W02,1,4,copper,M1,0.7931,True,37.7,416.22,2024-03-03T10:41:30
6204,LOT007,LOT007-W02,1,5,tungsten,M4,2.0529,True,37.7,416.22,2024-03-03T10:42:00
6205,LOT007,LOT007-W02,1,6,tungsten,M2,1.5016,True,37.7,416.22,2024-03-03T10:42:30
6206,LOT007,LOT007-W02,1,7,copper,M4,1.7176,True,37.7,416.22,2024-03-03T10:43:00
6207,LOT007,LOT007-W02,1,8,copper,M4,1.6298,True,37.7,416.22,2024-03-03T10:43:30
6208,LOT007,LOT007-W02,1,9,tungsten,M3,1.8734,True,37.7,416.22,2024-03-03T10:44:00
6209,LOT007,LOT007-W02,1,10,tungsten,M4,2.1966,True,37.7,416.22,2024-03-03T10:44:30
6210,LOT007,LOT007-W02,2,1,copper,M1,0.7913,True,37.7,416.22,2024-03-03T10:45:00
6211,LOT007,LOT007-W02,2,2,tungsten,M4,2.2077,True,37.7,416.22,2024-03-03T10:45:30
6212,LOT007,LOT007-W02,2,3,tungsten,M2,1.3151,True,37.7,416.22,2024-03-03T10:46:00
6213,LOT007,LOT007-W02,2,4,tungsten,M1,0.934,True,37.7,416.22,2024-03-03T10:46:30
6214,LOT007,LOT007-W02,2,5,tungsten,M1,0.997,True,37.7,416.22,2024-03-03T10:47:00
6215,LOT007,LOT007-W02,2,6,copper,M4,1.6644,True,37.7,416.22,2024-03-03T10:47:30
6216,LOT007,LOT007-W02,2,7,tungsten,M4,2.2136,True,37.7,416.22,2024-03-03T10:48:00
6217,LOT007,LOT007-W02,2,8,tungsten,M3,1.8352,True,37.7,416.22,2024-03-03T10:48:30
6218,LOT007,LOT007-W02,2,9,tungsten,M2,1.3811,True,37.7,416.22,2024-03-03T10:49:00
6219,LOT007,LOT007-W02,2,10,copper,M1,0.8474,True,37.7,416.22,2024-03-03T10:49:30
6220,LOT007,LOT007-W02,3,1,copper,M3,1.2716,True,37.7,416.22,2024-03-03T10:50:00
6221,LOT007,LOT007-W02,3,2,tungsten,M1,0.91,True,37.7,416.22,2024-03-03T10:50:30
6222,LOT007,LOT007-W02,3,3,copper,M1,0.7761,True,37.7,416.22,2024-03-03T10:51:00
6223,LOT007,LOT007-W02,3,4,copper,M4,1.5714,True,37.7,416.22,2024-03-03T10:51:30
6224,LOT007,LOT007-W02,3,5,tungsten,M1,0.9976,True,37.7,416.22,2024-03-03T10:52:00
6225,LOT007,LOT007-W02,3,6,copper,M1,0.7519,True,37.7,416.22,2024-03-03T10:52:30
6226,LOT007,LOT007-W02,3,7,tungsten,M3,1.7087,True,37.7,416.22,2024-03-03T10:53:00
6227,LOT007,LOT007-W02,3,8,tungsten,M4,2.1635,True,37.7,416.22,2024-03-03T10:53:30
6228,LOT007,LOT007-W02,3,9,copper,M3,1.3515,True,37.7,416.22,2024-03-03T10:54:00
6229,LOT007,LOT007-W02,3,10,copper,M2,1.1465,True,37.7,416.22,2024-03-03T10:54:30
6230,LOT007,LOT007-W02,4,1,tungsten,M4,2.1829,True,37.7,416.22,2024-03-03T10:55:00
6231,LOT007,LOT007-W02,4,2,copper,M2,1.0372,True,37.7,416.22,2024-03-03T10:55:30
6232,LOT007,LOT007-W02,4,3,tungsten,M1,0.9265,True,37.7,416.22,2024-03-03T10:56:00
6233,LOT007,LOT007-W02,4,4,tungsten,M3,1.7577,True,37.7,416.22,2024-03-03T10:56:30
6234,LOT007,LOT007-W02,4,5,copper,M4,1.7556,True,37.7,416.22,2024-03-03T10:57:00
6235,LOT007,LOT007-W02,4,6,copper,M1,0.8212,True,37.7,416.22,2024-03-03T10:57:30
6236,LOT007,LOT007-W02,4,7,copper,M3,1.4015,True,37.7,416.22,2024-03-03T10:58:00
6237,LOT007,LOT007-W02,4,8,tungsten,M1,0.9954,True,37.7,416.22,2024-03-03T10:58:30
6238,LOT007,LOT007-W02,4,9,tungsten,M4,2.1306,True,37.7,416.22,2024-03-03T10:59:00
6239,LOT007,LOT007-W02,4,10,copper,M1,0.7808,True,37.7,416.22,2024-03-03T10:59:30
6240,LOT007,LOT007-W02,5,1,tungsten,M2,1.6242,True,37.7,416.22,2024-03-03T11:00:00
6241,LOT007,LOT007-W02,5,2,copper,M3,1.4049,True,37.7,416.22,2024-03-03T11:00:30
6242,LOT007,LOT007-W02,5,3,tungsten,M3,1.8135,True,37.7,416.22,2024-03-03T11:01:00
6243,LOT007,LOT007-W02,5,4,tungsten,M3,1.8501,True,37.7,416.22,2024-03-03T11:01:30
6244,LOT007,LOT007-W02,5,5,tungsten,M1,0.9708,True,37.7,416.22,2024-03-03T11:02:00
6245,LOT007,LOT007-W02,5,6,copper,M4,1.7648,True,37.7,416.22,2024-03-03T11:02:30
6246,LOT007,LOT007-W02,5,7,copper,M2,1.11,True,37.7,416.22,2024-03-03T11:03:00
6247,LOT007,LOT007-W02,5,8,copper,M3,1.3485,True,37.7,416.22,2024-03-03T11:03:30
6248,LOT007,LOT007-W02,5,9,copper,M3,1.4031,True,37.7,416.22,2024-03-03T11:04:00
6249,LOT007,LOT007-W02,5,10,tungsten,M1,0.9409,True,37.7,416.22,2024-03-03T11:04:30
6250,LOT007,LOT007-W02,6,1,copper,M4,1.5797,True,37.7,416.22,2024-03-03T11:05:00
6251,LOT007,LOT007-W02,6,2,tungsten,M3,1.7482,True,37.7,416.22,2024-03-03T11:05:30
6252,LOT007,LOT007-W02,6,3,copper,M3,1.3559,True,37.7,416.22,2024-03-03T11:06:00
6253,LOT007,LOT007-W02,6,4,tungsten,M3,1.7272,True,37.7,416.22,2024-03-03T11:06:30
6254,LOT007,LOT007-W02,6,5,tungsten,M3,1.896,True,37.7,416.22,2024-03-03T11:07:00
6255,LOT007,LOT007-W02,6,6,tungsten,M2,1.3528,True,37.7,416.22,2024-03-03T11:07:30
6256,LOT007,LOT007-W02,6,7,copper,M2,1.139,True,37.7,416.22,2024-03-03T11:08:00
6257,LOT007,LOT007-W02,6,8,copper,M4,1.8413,True,37.7,416.22,2024-03-03T11:08:30
6258,LOT007,LOT007-W02,6,9,tungsten,M4,2.0039,True,37.7,416.22,2024-03-03T11:09:00
6259,LOT007,LOT007-W02,6,10,copper,M1,0.801,False,37.7,416.22,2024-03-03T11:09:30
6260,LOT007,LOT007-W02,7,1,tungsten,M2,1.4242,True,37.7,416.22,2024-03-03T11:10:00
6261,LOT007,LOT007-W02,7,2,tungsten,M3,1.6292,True,37.7,416.22,2024-03-03T11:10:30
6262,LOT007,LOT007-W02,7,3,copper,M2,1.054,True,37.7,416.22,2024-03-03T11:11:00
6263,LOT007,LOT007-W02,7,4,tungsten,M4,2.0301,True,37.7,416.22,2024-03-03T11:11:30
6264,LOT007,LOT007-W02,7,5,tungsten,M4,2.227,True,37.7,416.22,2024-03-03T11:12:00
6265,LOT007,LOT007-W02,7,6,copper,M4,1.7499,True,37.7,416.22,2024-03-03T11:12:30
6266,LOT007,LOT007-W02,7,7,copper,M4,1.8521,True,37.7,416.22,2024-03-03T11:13:00
6267,LOT007,LOT007-W02,7,8,copper,M4,1.7162,True,37.7,416.22,2024-03-03T11:13:30
6268,LOT007,LOT007-W02,7,9,copper,M1,0.9064,True,37.7,416.22,2024-03-03T11:14:00
6269,LOT007,LOT007-W02,7,10,copper,M1,0.7419,True,37.7,416.22,2024-03-03T11:14:30
6270,LOT007,LOT007-W02,8,1,copper,M1,0.8219,True,37.7,416.22,2024-03-03T11:15:00
6271,LOT007,LOT007-W02,8,2,copper,M2,1.0469,True,37.7,416.22,2024-03-03T11:15:30
6272,LOT007,LOT007-W02,8,3,copper,M3,1.4732,True,37.7,416.22,2024-03-03T11:16:00
6273,LOT007,LOT007-W02,8,4,tungsten,M4,1.9525,True,37.7,416.22,2024-03-03T11:16:30
6274,LOT007,LOT007-W02,8,5,tungsten,M3,1.6636,True,37.7,416.22,2024-03-03T11:17:00
6275,LOT007,LOT007-W02,8,6,copper,M2,1.019,True,37.7,416.22,2024-03-03T11:17:30
6276,LOT007,LOT007-W02,8,7,tungsten,M1,1.0743,True,37.7,416.22,2024-03-03T11:18:00
6277,LOT007,LOT007-W02,8,8,copper,M4,1.7285,True,37.7,416.22,2024-03-03T11:18:30
6278,LOT007,LOT007-W02,8,9,copper,M3,1.419,True,37.7,416.22,2024-03-03T11:19:00
6279,LOT007,LOT007-W02,8,10,copper,M1,0.8333,True,37.7,416.22,2024-03-03T11:19:30
6280,LOT007,LOT007-W02,9,1,tungsten,M4,2.172,True,37.7,416.22,2024-03-03T11:20:00
6281,LOT007,LOT007-W02,9,2,tungsten,M2,1.5683,True,37.7,416.22,2024-03-03T11:20:30
6282,LOT007,LOT007-W02,9,3,copper,M2,1.1297,True,37.7,416.22,2024-03-03T11:21:00
6283,LOT007,LOT007-W02,9,4,tungsten,M1,1.0409,True,37.7,416.22,2024-03-03T11:21:30
6284,LOT007,LOT007-W02,9,5,copper,M1,0.7979,True,37.7,416.22,2024-03-03T11:22:00
6285,LOT007,LOT007-W02,9,6,tungsten,M2,1.433,True,37.7,416.22,2024-03-03T11:22:30
6286,LOT007,LOT007-W02,9,7,tungsten,M2,1.3405,True,37.7,416.22,2024-03-03T11:23:00
6287,LOT007,LOT007-W02,9,8,copper,M2,1.1016,True,37.7,416.22,2024-03-03T11:23:30
6288,LOT007,LOT007-W02,9,9,copper,M2,1.222,True,37.7,416.22,2024-03-03T11:24:00
6289,LOT007,LOT007-W02,9,10,tungsten,M2,1.459,True,37.7,416.22,2024-03-03T11:24:30
6290,LOT007,LOT007-W02,10,1,copper,M1,0.8532,True,37.7,416.22,2024-03-03T11:25:00
6291,LOT007,LOT007-W02,10,2,tungsten,M4,2.121,True,37.7,416.22,2024-03-03T11:25:30
6292,LOT007,LOT007-W02,10,3,tungsten,M2,1.4525,True,37.7,416.22,2024-03-03T11:26:00
6293,LOT007,LOT007-W02,10,4,tungsten,M3,1.7401,True,37.7,416.22,2024-03-03T11:26:30
6294,LOT007,LOT007-W02,10,5,tungsten,M2,1.4491,True,37.7,416.22,2024-03-03T11:27:00
6295,LOT007,LOT007-W02,10,6,copper,M1,0.753,True,37.7,416.22,2024-03-03T11:27:30
6296,LOT007,LOT007-W02,10,7,copper,M4,1.8154,True,37.7,416.22,2024-03-03T11:28:00
6297,LOT007,LOT007-W02,10,8,copper,M4,1.6861,True,37.7,416.22,2024-03-03T11:28:30
6298,LOT007,LOT007-W02,10,9,tungsten,M1,0.9826,True,37.7,416.22,2024-03-03T11:29:00
6299,LOT007,LOT007-W02,10,10,copper,M3,1.3179,True,37.7,416.22,2024-03-03T11:29:30
6300,LOT007,LOT007-W02,11,1,copper,M4,1.6575,True,37.7,416.22,2024-03-03T11:30:00
6301,LOT007,LOT007-W02,11,2,copper,M3,1.4057,True,37.7,416.22,2024-03-03T11:30:30
6302,LOT007,LOT007-W02,11,3,tungsten,M1,1.0258,True,37.7,416.22,2024-03-03T11:31:00
6303,LOT007,LOT007-W02,11,4,tungsten,M4,2.0914,True,37.7,416.22,2024-03-03T11:31:30
6304,LOT007,LOT007-W02,11,5,tungsten,M4,2.0888,True,37.7,416.22,2024-03-03T11:32:00
6305,LOT007,LOT007-W02,11,6,copper,M4,1.7192,False,37.7,416.22,2024-03-03T11:32:30
6306,LOT007,LOT007-W02,11,7,copper,M3,1.4697,True,37.7,416.22,2024-03-03T11:33:00
6307,LOT007,LOT007-W02,11,8,tungsten,M1,0.9762,True,37.7,416.22,2024-03-03T11:33:30
6308,LOT007,LOT007-W02,11,9,tungsten,M1,0.9982,True,37.7,416.22,2024-03-03T11:34:00
6309,LOT007,LOT007-W02,11,10,copper,M1,0.8323,True,37.7,416.22,2024-03-03T11:34:30
6310,LOT007,LOT007-W02,12,1,copper,M3,1.451,True,37.7,416.22,2024-03-03T11:35:00
6311,LOT007,LOT007-W02,12,2,tungsten,M2,1.2647,True,37.7,416.22,2024-03-03T11:35:30
6312,LOT007,LOT007-W02,12,3,tungsten,M2,1.3804,True,37.7,416.22,2024-03-03T11:36:00
6313,LOT007,LOT007-W02,12,4,copper,M2,1.186,True,37.7,416.22,2024-03-03T11:36:30
6314,LOT007,LOT007-W02,12,5,tungsten,M3,1.7734,False,37.7,416.22,2024-03-03T11:37:00
6315,LOT007,LOT007-W02,12,6,copper,M2,1.0663,True,37.7,416.22,2024-03-03T11:37:30
6316,LOT007,LOT007-W02,12,7,copper,M3,1.4125,True,37.7,416.22,2024-03-03T11:38:00
6317,LOT007,LOT007-W02,12,8,copper,M1,0.8505,True,37.7,416.22,2024-03-03T11:38:30
6318,LOT007,LOT007-W02,12,9,tungsten,M3,1.8048,True,37.7,416.22,2024-03-03T11:39:00
6319,LOT007,LOT007-W02,12,10,copper,M1,0.7736,True,37.7,416.22,2024-03-03T11:39:30
6320,LOT007,LOT007-W02,13,1,tungsten,M2,1.4441,True,37.7,416.22,2024-03-03T11:40:00
6321,LOT007,LOT007-W02,13,2,tungsten,M2,1.4975,True,37.7,416.22,2024-03-03T11:40:30
6322,LOT007,LOT007-W02,13,3,tungsten,M2,1.356,True,37.7,416.22,2024-03-03T11:41:00
6323,LOT007,LOT007-W02,13,4,tungsten,M4,1.8783,True,37.7,416.22,2024-03-03T11:41:30
6324,LOT007,LOT007-W02,13,5,tungsten,M2,1.3437,True,37.7,416.22,2024-03-03T11:42:00
6325,LOT007,LOT007-W02,13,6,copper,M1,0.7964,False,37.7,416.22,2024-03-03T11:42:30
6326,LOT007,LOT007-W02,13,7,copper,M4,1.75,True,37.7,416.22,2024-03-03T11:43:00
6327,LOT007,LOT007-W02,13,8,copper,M2,1.029,True,37.7,416.22,2024-03-03T11:43:30
6328,LOT007,LOT007-W02,13,9,copper,M3,1.4651,True,37.7,416.22,2024-03-03T11:44:00
6329,LOT007,LOT007-W02,13,10,copper,M1,0.8248,True,37.7,416.22,2024-03-03T11:44:30
6330,LOT007,LOT007-W02,14,1,tungsten,M1,1.0692,True,37.7,416.22,2024-03-03T11:45:00
6331,LOT007,LOT007-W02,14,2,tungsten,M3,1.8344,True,37.7,416.22,2024-03-03T11:45:30
6332,LOT007,LOT007-W02,14,3,copper,M4,1.632,True,37.7,416.22,2024-03-03T11:46:00
6333,LOT007,LOT007-W02,14,4,copper,M2,1.0804,True,37.7,416.22,2024-03-03T11:46:30
6334,LOT007,LOT007-W02,14,5,copper,M1,0.8098,True,37.7,416.22,2024-03-03T11:47:00
6335,LOT007,LOT007-W02,14,6,tungsten,M1,1.0689,True,37.7,416.22,2024-03-03T11:47:30
6336,LOT007,LOT007-W02,14,7,tungsten,M1,1.0641,True,37.7,416.22,2024-03-03T11:48:00
6337,LOT007,LOT007-W02,14,8,tungsten,M3,1.954,True,37.7,416.22,2024-03-03T11:48:30
6338,LOT007,LOT007-W02,14,9,tungsten,M4,2.1663,True,37.7,416.22,2024-03-03T11:49:00
6339,LOT007,LOT007-W02,14,10,copper,M3,1.5068,True,37.7,416.22,2024-03-03T11:49:30
6340,LOT007,LOT007-W02,15,1,tungsten,M3,1.7164,False,37.7,416.22,2024-03-03T11:50:00
6341,LOT007,LOT007-W02,15,2,tungsten,M4,2.1502,True,37.7,416.22,2024-03-03T11:50:30
6342,LOT007,LOT007-W02,15,3,tungsten,M1,0.9994,True,37.7,416.22,2024-03-03T11:51:00
6343,LOT007,LOT007-W02,15,4,copper,M1,0.851,True,37.7,416.22,2024-03-03T11:51:30
6344,LOT007,LOT007-W02,15,5,tungsten,M2,1.4785,True,37.7,416.22,2024-03-03T11:52:00
6345,LOT007,LOT007-W02,15,6,copper,M4,1.5557,True,37.7,416.22,2024-03-03T11:52:30
6346,LOT007,LOT007-W02,15,7,copper,M4,1.7331,True,37.7,416.22,2024-03-03T11:53:00
6347,LOT007,LOT007-W02,15,8,copper,M2,1.1084,True,37.7,416.22,2024-03-03T11:53:30
6348,LOT007,LOT007-W02,15,9,copper,M4,1.7576,True,37.7,416.22,2024-03-03T11:54:00
6349,LOT007,LOT007-W02,15,10,copper,M1,0.8185,True,37.7,416.22,2024-03-03T11:54:30
6350,LOT007,LOT007-W02,16,1,tungsten,M1,0.9649,True,37.7,416.22,2024-03-03T11:55:00
6351,LOT007,LOT007-W02,16,2,copper,M4,1.7483,True,37.7,416.22,2024-03-03T11:55:30
6352,LOT007,LOT007-W02,16,3,copper,M2,1.1042,True,37.7,416.22,2024-03-03T11:56:00
6353,LOT007,LOT007-W02,16,4,tungsten,M1,1.0292,True,37.7,416.22,2024-03-03T11:56:30
6354,LOT007,LOT007-W02,16,5,tungsten,M1,0.9992,True,37.7,416.22,2024-03-03T11:57:00
6355,LOT007,LOT007-W02,16,6,copper,M2,1.0736,True,37.7,416.22,2024-03-03T11:57:30
6356,LOT007,LOT007-W02,16,7,copper,M1,0.862,True,37.7,416.22,2024-03-03T11:58:00
6357,LOT007,LOT007-W02,16,8,tungsten,M4,1.9855,True,37.7,416.22,2024-03-03T11:58:30
6358,LOT007,LOT007-W02,16,9,copper,M2,1.0824,True,37.7,416.22,2024-03-03T11:59:00
6359,LOT007,LOT007-W02,16,10,copper,M3,1.4075,True,37.7,416.22,2024-03-03T11:59:30
6360,LOT007,LOT007-W02,17,1,copper,M1,0.815,True,37.7,416.22,2024-03-03T12:00:00
6361,LOT007,LOT007-W02,17,2,copper,M2,1.1266,True,37.7,416.22,2024-03-03T12:00:30
6362,LOT007,LOT007-W02,17,3,copper,M3,1.3703,True,37.7,416.22,2024-03-03T12:01:00
6363,LOT007,LOT007-W02,17,4,tungsten,M3,1.9583,True,37.7,416.22,2024-03-03T12:01:30
6364,LOT007,LOT007-W02,17,5,tungsten,M2,1.4342,True,37.7,416.22,2024-03-03T12:02:00
6365,LOT007,LOT007-W02,17,6,copper,M4,1.7789,True,37.7,416.22,2024-03-03T12:02:30
6366,LOT007,LOT007-W02,17,7,copper,M4,1.7114,True,37.7,416.22,2024-03-03T12:03:00
6367,LOT007,LOT007-W02,17,8,tungsten,M3,1.7896,True,37.7,416.22,2024-03-03T12:03:30
6368,LOT007,LOT007-W02,17,9,copper,M3,1.4834,True,37.7,416.22,2024-03-03T12:04:00
6369,LOT007,LOT007-W02,17,10,copper,M1,0.7312,True,37.7,416.22,2024-03-03T12:04:30
6370,LOT007,LOT007-W02,18,1,tungsten,M2,1.39,True,37.7,416.22,2024-03-03T12:05:00
6371,LOT007,LOT007-W02,18,2,tungsten,M4,2.2054,True,37.7,416.22,2024-03-03T12:05:30
6372,LOT007,LOT007-W02,18,3,copper,M4,1.7264,True,37.7,416.22,2024-03-03T12:06:00
6373,LOT007,LOT007-W02,18,4,tungsten,M2,1.4759,True,37.7,416.22,2024-03-03T12:06:30
6374,LOT007,LOT007-W02,18,5,tungsten,M4,2.0076,True,37.7,416.22,2024-03-03T12:07:00
6375,LOT007,LOT007-W02,18,6,tungsten,M1,1.0274,True,37.7,416.22,2024-03-03T12:07:30
6376,LOT007,LOT007-W02,18,7,copper,M2,1.0757,True,37.7,416.22,2024-03-03T12:08:00
6377,LOT007,LOT007-W02,18,8,tungsten,M4,2.0097,True,37.7,416.22,2024-03-03T12:08:30
6378,LOT007,LOT007-W02,18,9,tungsten,M4,2.1323,True,37.7,416.22,2024-03-03T12:09:00
6379,LOT007,LOT007-W02,18,10,tungsten,M1,1.0366,True,37.7,416.22,2024-03-03T12:09:30
6380,LOT007,LOT007-W02,19,1,copper,M4,1.6449,True,37.7,416.22,2024-03-03T12:10:00
6381,LOT007,LOT007-W02,19,2,copper,M1,0.8356,True,37.7,416.22,2024-03-03T12:10:30
6382,LOT007,LOT007-W02,19,3,copper,M3,1.4446,True,37.7,416.22,2024-03-03T12:11:00
6383,LOT007,LOT007-W02,19,4,tungsten,M1,1.0271,True,37.7,416.22,2024-03-03T12:11:30
6384,LOT007,LOT007-W02,19,5,tungsten,M1,1.0058,True,37.7,416.22,2024-03-03T12:12:00
6385,LOT007,LOT007-W02,19,6,copper,M4,1.6871,True,37.7,416.22,2024-03-03T12:12:30
6386,LOT007,LOT007-W02,19,7,tungsten,M1,0.9797,True,37.7,416.22,2024-03-03T12:13:00
6387,LOT007,LOT007-W02,19,8,copper,M3,1.3426,True,37.7,416.22,2024-03-03T12:13:30
6388,LOT007,LOT007-W02,19,9,tungsten,M3,1.7083,True,37.7,416.22,2024-03-03T12:14:00
6389,LOT007,LOT007-W02,19,10,copper,M2,1.0651,True,37.7,416.22,2024-03-03T12:14:30
6390,LOT007,LOT007-W02,20,1,tungsten,M1,1.0036,True,37.7,416.22,2024-03-03T12:15:00
6391,LOT007,LOT007-W02,20,2,tungsten,M1,1.0503,True,37.7,416.22,2024-03-03T12:15:30
6392,LOT007,LOT007-W02,20,3,copper,M4,1.6207,True,37.7,416.22,2024-03-03T12:16:00
6393,LOT007,LOT007-W02,20,4,tungsten,M1,0.9336,True,37.7,416.22,2024-03-03T12:16:30
6394,LOT007,LOT007-W02,20,5,copper,M2,1.1129,True,37.7,416.22,2024-03-03T12:17:00
6395,LOT007,LOT007-W02,20,6,copper,M2,1.1934,True,37.7,416.22,2024-03-03T12:17:30
6396,LOT007,LOT007-W02,20,7,tungsten,M4,2.1045,True,37.7,416.22,2024-03-03T12:18:00
6397,LOT007,LOT007-W02,20,8,copper,M1,0.7905,True,37.7,416.22,2024-03-03T12:18:30
6398,LOT007,LOT007-W02,20,9,tungsten,M2,1.3836,True,37.7,416.22,2024-03-03T12:19:00
6399,LOT007,LOT007-W02,20,10,copper,M4,1.682,True,37.7,416.22,2024-03-03T12:19:30
6400,LOT007,LOT007-W03,1,1,tungsten,M4,2.2437,True,37.7,397.81,2024-03-03T12:20:00
6401,LOT007,LOT007-W03,1,2,tungsten,M1,0.9561,True,37.7,397.81,2024-03-03T12:20:30
6402,LOT007,LOT007-W03,1,3,tungsten,M1,0.9828,True,37.7,397.81,2024-03-03T12:21:00
6403,LOT007,LOT007-W03,1,4,tungsten,M2,1.5031,True,37.7,397.81,2024-03-03T12:21:30
6404,LOT007,LOT007-W03,1,5,tungsten,M2,1.4189,True,37.7,397.81,2024-03-03T12:22:00
6405,LOT007,LOT007-W03,1,6,copper,M2,1.1707,True,37.7,397.81,2024-03-03T12:22:30
6406,LOT007,LOT007-W03,1,7,copper,M4,1.7176,True,37.7,397.81,2024-03-03T12:23:00
6407,LOT007,LOT007-W03,1,8,copper,M1,0.7354,False,37.7,397.81,2024-03-03T12:23:30
6408,LOT007,LOT007-W03,1,9,copper,M1,0.8521,True,37.7,397.81,2024-03-03T12:24:00
6409,LOT007,LOT007-W03,1,10,tungsten,M3,1.667,True,37.7,397.81,2024-03-03T12:24:30
6410,LOT007,LOT007-W03,2,1,tungsten,M2,1.3804,True,37.7,397.81,2024-03-03T12:25:00
6411,LOT007,LOT007-W03,2,2,copper,M1,0.7584,False,37.7,397.81,2024-03-03T12:25:30
6412,LOT007,LOT007-W03,2,3,copper,M2,1.2088,True,37.7,397.81,2024-03-03T12:26:00
6413,LOT007,LOT007-W03,2,4,copper,M1,0.8533,True,37.7,397.81,2024-03-03T12:26:30
6414,LOT007,LOT007-W03,2,5,tungsten,M4,2.0241,True,37.7,397.81,2024-03-03T12:27:00
6415,LOT007,LOT007-W03,2,6,copper,M1,0.7855,True,37.7,397.81,2024-03-03T12:27:30
6416,LOT007,LOT007-W03,2,7,tungsten,M1,1.1186,True,37.7,397.81,2024-03-03T12:28:00
6417,LOT007,LOT007-W03,2,8,tungsten,M2,1.4438,True,37.7,397.81,2024-03-03T12:28:30
6418,LOT007,LOT007-W03,2,9,copper,M3,1.325,True,37.7,397.81,2024-03-03T12:29:00
6419,LOT007,LOT007-W03,2,10,tungsten,M2,1.4216,True,37.7,397.81,2024-03-03T12:29:30
6420,LOT007,LOT007-W03,3,1,tungsten,M3,1.8328,True,37.7,397.81,2024-03-03T12:30:00
6421,LOT007,LOT007-W03,3,2,tungsten,M4,2.0225,True,37.7,397.81,2024-03-03T12:30:30
6422,LOT007,LOT007-W03,3,3,copper,M3,1.4177,True,37.7,397.81,2024-03-03T12:31:00
6423,LOT007,LOT007-W03,3,4,tungsten,M1,0.9411,True,37.7,397.81,2024-03-03T12:31:30
6424,LOT007,LOT007-W03,3,5,copper,M1,0.7547,True,37.7,397.81,2024-03-03T12:32:00
6425,LOT007,LOT007-W03,3,6,tungsten,M4,1.9336,True,37.7,397.81,2024-03-03T12:32:30
6426,LOT007,LOT007-W03,3,7,tungsten,M4,2.1766,True,37.7,397.81,2024-03-03T12:33:00
6427,LOT007,LOT007-W03,3,8,copper,M4,1.7733,True,37.7,397.81,2024-03-03T12:33:30
6428,LOT007,LOT007-W03,3,9,tungsten,M2,1.4551,True,37.7,397.81,2024-03-03T12:34:00
6429,LOT007,LOT007-W03,3,10,tungsten,M2,1.4906,True,37.7,397.81,2024-03-03T12:34:30
6430,LOT007,LOT007-W03,4,1,copper,M1,0.7958,True,37.7,397.81,2024-03-03T12:35:00
6431,LOT007,LOT007-W03,4,2,copper,M1,0.7659,True,37.7,397.81,2024-03-03T12:35:30
6432,LOT007,LOT007-W03,4,3,copper,M4,1.7795,True,37.7,397.81,2024-03-03T12:36:00
6433,LOT007,LOT007-W03,4,4,copper,M3,1.3427,True,37.7,397.81,2024-03-03T12:36:30
6434,LOT007,LOT007-W03,4,5,copper,M2,1.1864,True,37.7,397.81,2024-03-03T12:37:00
6435,LOT007,LOT007-W03,4,6,tungsten,M3,1.8734,True,37.7,397.81,2024-03-03T12:37:30
6436,LOT007,LOT007-W03,4,7,tungsten,M4,2.1031,True,37.7,397.81,2024-03-03T12:38:00
6437,LOT007,LOT007-W03,4,8,tungsten,M4,2.2621,True,37.7,397.81,2024-03-03T12:38:30
6438,LOT007,LOT007-W03,4,9,copper,M3,1.2115,True,37.7,397.81,2024-03-03T12:39:00
6439,LOT007,LOT007-W03,4,10,tungsten,M4,2.0773,True,37.7,397.81,2024-03-03T12:39:30
6440,LOT007,LOT007-W03,5,1,tungsten,M2,1.3626,True,37.7,397.81,2024-03-03T12:40:00
6441,LOT007,LOT007-W03,5,2,tungsten,M3,1.7367,True,37.7,397.81,2024-03-03T12:40:30
6442,LOT007,LOT007-W03,5,3,copper,M4,1.5084,True,37.7,397.81,2024-03-03T12:41:00
6443,LOT007,LOT007-W03,5,4,tungsten,M3,1.881,True,37.7,397.81,2024-03-03T12:41:30
6444,LOT007,LOT007-W03,5,5,copper,M2,1.0974,True,37.7,397.81,2024-03-03T12:42:00
6445,LOT007,LOT007-W03,5,6,tungsten,M2,1.3541,True,37.7,397.81,2024-03-03T12:42:30
6446,LOT007,LOT007-W03,5,7,copper,M1,0.7228,True,37.7,397.81,2024-03-03T12:43:00
6447,LOT007,LOT007-W03,5,8,tungsten,M1,0.9089,True,37.7,397.81,2024-03-03T12:43:30
6448,LOT007,LOT007-W03,5,9,tungsten,M2,1.5285,True,37.7,397.81,2024-03-03T12:44:00
6449,LOT007,LOT007-W03,5,10,copper,M3,1.448,True,37.7,397.81,2024-03-03T12:44:30
6450,LOT007,LOT007-W03,6,1,tungsten,M3,1.798,True,37.7,397.81,2024-03-03T12:45:00
6451,LOT007,LOT007-W03,6,2,copper,M2,1.1512,False,37.7,397.81,2024-03-03T12:45:30
6452,LOT007,LOT007-W03,6,3,tungsten,M3,1.8297,True,37.7,397.81,2024-03-03T12:46:00
6453,LOT007,LOT007-W03,6,4,tungsten,M1,0.9857,True,37.7,397.81,2024-03-03T12:46:30
6454,LOT007,LOT007-W03,6,5,tungsten,M1,0.8873,True,37.7,397.81,2024-03-03T12:47:00
6455,LOT007,LOT007-W03,6,6,copper,M4,1.7215,True,37.7,397.81,2024-03-03T12:47:30
6456,LOT007,LOT007-W03,6,7,tungsten,M4,2.0251,True,37.7,397.81,2024-03-03T12:48:00
6457,LOT007,LOT007-W03,6,8,copper,M1,0.7866,True,37.7,397.81,2024-03-03T12:48:30
6458,LOT007,LOT007-W03,6,9,copper,M1,0.8347,True,37.7,397.81,2024-03-03T12:49:00
6459,LOT007,LOT007-W03,6,10,copper,M2,1.0865,True,37.7,397.81,2024-03-03T12:49:30
6460,LOT007,LOT007-W03,7,1,copper,M3,1.445,True,37.7,397.81,2024-03-03T12:50:00
6461,LOT007,LOT007-W03,7,2,tungsten,M3,2.0248,True,37.7,397.81,2024-03-03T12:50:30
6462,LOT007,LOT007-W03,7,3,copper,M3,1.3941,True,37.7,397.81,2024-03-03T12:51:00
6463,LOT007,LOT007-W03,7,4,tungsten,M1,1.0851,True,37.7,397.81,2024-03-03T12:51:30
6464,LOT007,LOT007-W03,7,5,copper,M2,1.0646,True,37.7,397.81,2024-03-03T12:52:00
6465,LOT007,LOT007-W03,7,6,tungsten,M3,1.8269,True,37.7,397.81,2024-03-03T12:52:30
6466,LOT007,LOT007-W03,7,7,tungsten,M4,1.992,True,37.7,397.81,2024-03-03T12:53:00
6467,LOT007,LOT007-W03,7,8,tungsten,M4,2.044,True,37.7,397.81,2024-03-03T12:53:30
6468,LOT007,LOT007-W03,7,9,copper,M1,0.8965,True,37.7,397.81,2024-03-03T12:54:00
6469,LOT007,LOT007-W03,7,10,copper,M2,1.0972,True,37.7,397.81,2024-03-03T12:54:30
6470,LOT007,LOT007-W03,8,1,copper,M2,1.0529,True,37.7,397.81,2024-03-03T12:55:00
6471,LOT007,LOT007-W03,8,2,copper,M4,1.6627,True,37.7,397.81,2024-03-03T12:55:30
6472,LOT007,LOT007-W03,8,3,copper,M4,1.4122,True,37.7,397.81,2024-03-03T12:56:00
6473,LOT007,LOT007-W03,8,4,tungsten,M4,2.1773,True,37.7,397.81,2024-03-03T12:56:30
6474,LOT007,LOT007-W03,8,5,copper,M1,0.7896,True,37.7,397.81,2024-03-03T12:57:00
6475,LOT007,LOT007-W03,8,6,tungsten,M3,1.764,True,37.7,397.81,2024-03-03T12:57:30
6476,LOT007,LOT007-W03,8,7,tungsten,M4,2.0828,True,37.7,397.81,2024-03-03T12:58:00
6477,LOT007,LOT007-W03,8,8,copper,M2,1.0816,True,37.7,397.81,2024-03-03T12:58:30
6478,LOT007,LOT007-W03,8,9,copper,M1,0.7048,True,37.7,397.81,2024-03-03T12:59:00
6479,LOT007,LOT007-W03,8,10,tungsten,M4,2.0141,True,37.7,397.81,2024-03-03T12:59:30
6480,LOT007,LOT007-W03,9,1,copper,M3,1.4295,True,37.7,397.81,2024-03-03T13:00:00
6481,LOT007,LOT007-W03,9,2,tungsten,M1,1.009,True,37.7,397.81,2024-03-03T13:00:30
6482,LOT007,LOT007-W03,9,3,tungsten,M3,1.7506,True,37.7,397.81,2024-03-03T13:01:00
6483,LOT007,LOT007-W03,9,4,tungsten,M4,2.0377,True,37.7,397.81,2024-03-03T13:01:30
6484,LOT007,LOT007-W03,9,5,tungsten,M2,1.2985,False,37.7,397.81,2024-03-03T13:02:00
6485,LOT007,LOT007-W03,9,6,copper,M4,1.65,True,37.7,397.81,2024-03-03T13:02:30
6486,LOT007,LOT007-W03,9,7,copper,M1,0.7819,True,37.7,397.81,2024-03-03T13:03:00
6487,LOT007,LOT007-W03,9,8,copper,M3,1.4246,True,37.7,397.81,2024-03-03T13:03:30
6488,LOT007,LOT007-W03,9,9,copper,M2,1.1601,True,37.7,397.81,2024-03-03T13:04:00
6489,LOT007,LOT007-W03,9,10,copper,M2,1.1471,True,37.7,397.81,2024-03-03T13:04:30
6490,LOT007,LOT007-W03,10,1,tungsten,M3,1.9541,True,37.7,397.81,2024-03-03T13:05:00
6491,LOT007,LOT007-W03,10,2,tungsten,M1,0.9728,True,37.7,397.81,2024-03-03T13:05:30
6492,LOT007,LOT007-W03,10,3,tungsten,M4,2.2428,True,37.7,397.81,2024-03-03T13:06:00
6493,LOT007,LOT007-W03,10,4,copper,M4,1.6783,True,37.7,397.81,2024-03-03T13:06:30
6494,LOT007,LOT007-W03,10,5,tungsten,M2,1.4637,True,37.7,397.81,2024-03-03T13:07:00
6495,LOT007,LOT007-W03,10,6,tungsten,M1,1.0856,True,37.7,397.81,2024-03-03T13:07:30
6496,LOT007,LOT007-W03,10,7,copper,M1,0.7395,True,37.7,397.81,2024-03-03T13:08:00
6497,LOT007,LOT007-W03,10,8,tungsten,M1,1.0437,True,37.7,397.81,2024-03-03T13:08:30
6498,LOT007,LOT007-W03,10,9,copper,M4,1.7443,True,37.7,397.81,2024-03-03T13:09:00
6499,LOT007,LOT007-W03,10,10,tungsten,M3,1.7479,True,37.7,397.81,2024-03-03T13:09:30
6500,LOT007,LOT007-W03,11,1,copper,M2,1.2022,False,37.7,397.81,2024-03-03T13:10:00
6501,LOT007,LOT007-W03,11,2,tungsten,M1,1.0472,True,37.7,397.81,2024-03-03T13:10:30
6502,LOT007,LOT007-W03,11,3,tungsten,M1,1.0038,True,37.7,397.81,2024-03-03T13:11:00
6503,LOT007,LOT007-W03,11,4,tungsten,M3,1.7693,True,37.7,397.81,2024-03-03T13:11:30
6504,LOT007,LOT007-W03,11,5,tungsten,M3,1.6978,True,37.7,397.81,2024-03-03T13:12:00
6505,LOT007,LOT007-W03,11,6,copper,M3,1.5314,True,37.7,397.81,2024-03-03T13:12:30
6506,LOT007,LOT007-W03,11,7,copper,M4,1.7314,True,37.7,397.81,2024-03-03T13:13:00
6507,LOT007,LOT007-W03,11,8,copper,M4,1.704,False,37.7,397.81,2024-03-03T13:13:30
6508,LOT007,LOT007-W03,11,9,copper,M4,1.575,True,37.7,397.81,2024-03-03T13:14:00
6509,LOT007,LOT007-W03,11,10,tungsten,M3,1.8666,True,37.7,397.81,2024-03-03T13:14:30
6510,LOT007,LOT007-W03,12,1,tungsten,M4,2.1232,True,37.7,397.81,2024-03-03T13:15:00
6511,LOT007,LOT007-W03,12,2,tungsten,M2,1.3485,True,37.7,397.81,2024-03-03T13:15:30
6512,LOT007,LOT007-W03,12,3,tungsten,M4,2.2258,True,37.7,397.81,2024-03-03T13:16:00
6513,LOT007,LOT007-W03,12,4,tungsten,M2,1.2465,True,37.7,397.81,2024-03-03T13:16:30
6514,LOT007,LOT007-W03,12,5,tungsten,M4,2.265,True,37.7,397.81,2024-03-03T13:17:00
6515,LOT007,LOT007-W03,12,6,tungsten,M1,1.0072,True,37.7,397.81,2024-03-03T13:17:30
6516,LOT007,LOT007-W03,12,7,tungsten,M4,2.1654,True,37.7,397.81,2024-03-03T13:18:00
6517,LOT007,LOT007-W03,12,8,tungsten,M4,1.9727,True,37.7,397.81,2024-03-03T13:18:30
6518,LOT007,LOT007-W03,12,9,copper,M2,1.0648,True,37.7,397.81,2024-03-03T13:19:00
6519,LOT007,LOT007-W03,12,10,tungsten,M3,1.9222,True,37.7,397.81,2024-03-03T13:19:30
6520,LOT007,LOT007-W03,13,1,tungsten,M4,2.021,True,37.7,397.81,2024-03-03T13:20:00
6521,LOT007,LOT007-W03,13,2,tungsten,M4,2.235,True,37.7,397.81,2024-03-03T13:20:30
6522,LOT007,LOT007-W03,13,3,copper,M4,1.671,True,37.7,397.81,2024-03-03T13:21:00
6523,LOT007,LOT007-W03,13,4,copper,M2,1.1582,True,37.7,397.81,2024-03-03T13:21:30
6524,LOT007,LOT007-W03,13,5,copper,M1,0.8267,True,37.7,397.81,2024-03-03T13:22:00
6525,LOT007,LOT007-W03,13,6,tungsten,M4,2.2601,True,37.7,397.81,2024-03-03T13:22:30
6526,LOT007,LOT007-W03,13,7,copper,M4,1.7389,True,37.7,397.81,2024-03-03T13:23:00
6527,LOT007,LOT007-W03,13,8,tungsten,M2,1.4174,True,37.7,397.81,2024-03-03T13:23:30
6528,LOT007,LOT007-W03,13,9,tungsten,M2,1.3268,True,37.7,397.81,2024-03-03T13:24:00
6529,LOT007,LOT007-W03,13,10,copper,M1,0.8232,True,37.7,397.81,2024-03-03T13:24:30
6530,LOT007,LOT007-W03,14,1,tungsten,M3,1.821,True,37.7,397.81,2024-03-03T13:25:00
6531,LOT007,LOT007-W03,14,2,copper,M4,1.5948,True,37.7,397.81,2024-03-03T13:25:30
6532,LOT007,LOT007-W03,14,3,copper,M3,1.4164,True,37.7,397.81,2024-03-03T13:26:00
6533,LOT007,LOT007-W03,14,4,copper,M4,1.6916,True,37.7,397.81,2024-03-03T13:26:30
6534,LOT007,LOT007-W03,14,5,copper,M2,1.1609,True,37.7,397.81,2024-03-03T13:27:00
6535,LOT007,LOT007-W03,14,6,tungsten,M3,1.6964,True,37.7,397.81,2024-03-03T13:27:30
6536,LOT007,LOT007-W03,14,7,tungsten,M3,1.8913,True,37.7,397.81,2024-03-03T13:28:00
6537,LOT007,LOT007-W03,14,8,copper,M3,1.3873,True,37.7,397.81,2024-03-03T13:28:30
6538,LOT007,LOT007-W03,14,9,copper,M4,1.5992,True,37.7,397.81,2024-03-03T13:29:00
6539,LOT007,LOT007-W03,14,10,tungsten,M2,1.4882,True,37.7,397.81,2024-03-03T13:29:30
6540,LOT007,LOT007-W03,15,1,tungsten,M1,1.0095,True,37.7,397.81,2024-03-03T13:30:00
6541,LOT007,LOT007-W03,15,2,tungsten,M3,1.9457,True,37.7,397.81,2024-03-03T13:30:30
6542,LOT007,LOT007-W03,15,3,tungsten,M3,1.877,True,37.7,397.81,2024-03-03T13:31:00
6543,LOT007,LOT007-W03,15,4,copper,M1,0.8391,True,37.7,397.81,2024-03-03T13:31:30
6544,LOT007,LOT007-W03,15,5,copper,M4,1.6275,True,37.7,397.81,2024-03-03T13:32:00
6545,LOT007,LOT007-W03,15,6,copper,M4,1.6974,True,37.7,397.81,2024-03-03T13:32:30
6546,LOT007,LOT007-W03,15,7,tungsten,M4,2.01,False,37.7,397.81,2024-03-03T13:33:00
6547,LOT007,LOT007-W03,15,8,copper,M2,1.0766,True,37.7,397.81,2024-03-03T13:33:30
6548,LOT007,LOT007-W03,15,9,tungsten,M2,1.2585,True,37.7,397.81,2024-03-03T13:34:00
6549,LOT007,LOT007-W03,15,10,copper,M4,1.7452,True,37.7,397.81,2024-03-03T13:34:30
6550,LOT007,LOT007-W03,16,1,copper,M3,1.4056,True,37.7,397.81,2024-03-03T13:35:00
6551,LOT007,LOT007-W03,16,2,tungsten,M3,1.7196,True,37.7,397.81,2024-03-03T13:35:30
6552,LOT007,LOT007-W03,16,3,tungsten,M4,2.3609,True,37.7,397.81,2024-03-03T13:36:00
6553,LOT007,LOT007-W03,16,4,copper,M2,1.0624,False,37.7,397.81,2024-03-03T13:36:30
6554,LOT007,LOT007-W03,16,5,copper,M3,1.4196,True,37.7,397.81,2024-03-03T13:37:00
6555,LOT007,LOT007-W03,16,6,copper,M2,1.0664,True,37.7,397.81,2024-03-03T13:37:30
6556,LOT007,LOT007-W03,16,7,copper,M1,0.7696,True,37.7,397.81,2024-03-03T13:38:00
6557,LOT007,LOT007-W03,16,8,tungsten,M3,1.7573,True,37.7,397.81,2024-03-03T13:38:30
6558,LOT007,LOT007-W03,16,9,tungsten,M4,2.2262,True,37.7,397.81,2024-03-03T13:39:00
6559,LOT007,LOT007-W03,16,10,copper,M4,1.5563,True,37.7,397.81,2024-03-03T13:39:30
6560,LOT007,LOT007-W03,17,1,tungsten,M4,2.1054,True,37.7,397.81,2024-03-03T13:40:00
6561,LOT007,LOT007-W03,17,2,tungsten,M1,0.9544,True,37.7,397.81,2024-03-03T13:40:30
6562,LOT007,LOT007-W03,17,3,tungsten,M3,1.7772,True,37.7,397.81,2024-03-03T13:41:00
6563,LOT007,LOT007-W03,17,4,copper,M3,1.4368,True,37.7,397.81,2024-03-03T13:41:30
6564,LOT007,LOT007-W03,17,5,copper,M2,1.0502,True,37.7,397.81,2024-03-03T13:42:00
6565,LOT007,LOT007-W03,17,6,tungsten,M3,1.8747,True,37.7,397.81,2024-03-03T13:42:30
6566,LOT007,LOT007-W03,17,7,copper,M1,0.7642,True,37.7,397.81,2024-03-03T13:43:00
6567,LOT007,LOT007-W03,17,8,tungsten,M2,1.4905,True,37.7,397.81,2024-03-03T13:43:30
6568,LOT007,LOT007-W03,17,9,tungsten,M3,1.7405,True,37.7,397.81,2024-03-03T13:44:00
6569,LOT007,LOT007-W03,17,10,tungsten,M1,0.9613,True,37.7,397.81,2024-03-03T13:44:30
6570,LOT007,LOT007-W03,18,1,copper,M4,1.7609,True,37.7,397.81,2024-03-03T13:45:00
6571,LOT007,LOT007-W03,18,2,copper,M2,1.0108,True,37.7,397.81,2024-03-03T13:45:30
6572,LOT007,LOT007-W03,18,3,tungsten,M1,0.9994,True,37.7,397.81,2024-03-03T13:46:00
6573,LOT007,LOT007-W03,18,4,copper,M4,1.7369,False,37.7,397.81,2024-03-03T13:46:30
6574,LOT007,LOT007-W03,18,5,tungsten,M4,2.172,False,37.7,397.81,2024-03-03T13:47:00
6575,LOT007,LOT007-W03,18,6,copper,M2,1.0536,True,37.7,397.81,2024-03-03T13:47:30
6576,LOT007,LOT007-W03,18,7,tungsten,M3,1.8614,True,37.7,397.81,2024-03-03T13:48:00
6577,LOT007,LOT007-W03,18,8,tungsten,M1,0.9838,True,37.7,397.81,2024-03-03T13:48:30
6578,LOT007,LOT007-W03,18,9,copper,M1,0.8176,True,37.7,397.81,2024-03-03T13:49:00
6579,LOT007,LOT007-W03,18,10,tungsten,M1,1.1613,True,37.7,397.81,2024-03-03T13:49:30
6580,LOT007,LOT007-W03,19,1,copper,M3,1.3164,True,37.7,397.81,2024-03-03T13:50:00
6581,LOT007,LOT007-W03,19,2,tungsten,M3,1.8029,True,37.7,397.81,2024-03-03T13:50:30
6582,LOT007,LOT007-W03,19,3,tungsten,M4,1.8848,True,37.7,397.81,2024-03-03T13:51:00
6583,LOT007,LOT007-W03,19,4,tungsten,M3,1.7568,False,37.7,397.81,2024-03-03T13:51:30
6584,LOT007,LOT007-W03,19,5,tungsten,M1,0.9593,True,37.7,397.81,2024-03-03T13:52:00
6585,LOT007,LOT007-W03,19,6,copper,M2,1.2133,True,37.7,397.81,2024-03-03T13:52:30
6586,LOT007,LOT007-W03,19,7,copper,M2,1.1142,True,37.7,397.81,2024-03-03T13:53:00
6587,LOT007,LOT007-W03,19,8,copper,M4,1.7741,True,37.7,397.81,2024-03-03T13:53:30
6588,LOT007,LOT007-W03,19,9,tungsten,M2,1.3326,True,37.7,397.81,2024-03-03T13:54:00
6589,LOT007,LOT007-W03,19,10,copper,M2,1.1598,True,37.7,397.81,2024-03-03T13:54:30
6590,LOT007,LOT007-W03,20,1,tungsten,M1,1.0664,True,37.7,397.81,2024-03-03T13:55:00
6591,LOT007,LOT007-W03,20,2,copper,M1,0.7584,True,37.7,397.81,2024-03-03T13:55:30
6592,LOT007,LOT007-W03,20,3,tungsten,M1,0.9619,True,37.7,397.81,2024-03-03T13:56:00
6593,LOT007,LOT007-W03,20,4,tungsten,M4,2.2382,True,37.7,397.81,2024-03-03T13:56:30
6594,LOT007,LOT007-W03,20,5,tungsten,M3,1.7938,True,37.7,397.81,2024-03-03T13:57:00
6595,LOT007,LOT007-W03,20,6,tungsten,M3,1.9938,True,37.7,397.81,2024-03-03T13:57:30
6596,LOT007,LOT007-W03,20,7,copper,M3,1.3645,True,37.7,397.81,2024-03-03T13:58:00
6597,LOT007,LOT007-W03,20,8,tungsten,M3,1.8281,True,37.7,397.81,2024-03-03T13:58:30
6598,LOT007,LOT007-W03,20,9,copper,M4,1.7091,True,37.7,397.81,2024-03-03T13:59:00
6599,LOT007,LOT007-W03,20,10,tungsten,M2,1.3896,True,37.7,397.81,2024-03-03T13:59:30
6600,LOT007,LOT007-W04,1,1,copper,M2,1.0892,True,37.42,412.36,2024-03-03T14:00:00
6601,LOT007,LOT007-W04,1,2,tungsten,M1,0.9746,True,37.42,412.36,2024-03-03T14:00:30
6602,LOT007,LOT007-W04,1,3,tungsten,M4,2.0741,True,37.42,412.36,2024-03-03T14:01:00
6603,LOT007,LOT007-W04,1,4,copper,M2,1.0655,True,37.42,412.36,2024-03-03T14:01:30
6604,LOT007,LOT007-W04,1,5,copper,M3,1.4343,True,37.42,412.36,2024-03-03T14:02:00
6605,LOT007,LOT007-W04,1,6,copper,M4,1.71,True,37.42,412.36,2024-03-03T14:02:30
6606,LOT007,LOT007-W04,1,7,copper,M4,1.715,True,37.42,412.36,2024-03-03T14:03:00
6607,LOT007,LOT007-W04,1,8,tungsten,M1,1.0245,True,37.42,412.36,2024-03-03T14:03:30
6608,LOT007,LOT007-W04,1,9,copper,M3,1.37,True,37.42,412.36,2024-03-03T14:04:00
6609,LOT007,LOT007-W04,1,10,tungsten,M4,2.2963,True,37.42,412.36,2024-03-03T14:04:30
6610,LOT007,LOT007-W04,2,1,copper,M4,1.6881,True,37.42,412.36,2024-03-03T14:05:00
6611,LOT007,LOT007-W04,2,2,tungsten,M4,2.1621,True,37.42,412.36,2024-03-03T14:05:30
6612,LOT007,LOT007-W04,2,3,copper,M1,0.8372,True,37.42,412.36,2024-03-03T14:06:00
6613,LOT007,LOT007-W04,2,4,copper,M2,1.1546,True,37.42,412.36,2024-03-03T14:06:30
6614,LOT007,LOT007-W04,2,5,tungsten,M4,2.1854,True,37.42,412.36,2024-03-03T14:07:00
6615,LOT007,LOT007-W04,2,6,copper,M3,1.3993,True,37.42,412.36,2024-03-03T14:07:30
6616,LOT007,LOT007-W04,2,7,copper,M4,1.7948,True,37.42,412.36,2024-03-03T14:08:00
6617,LOT007,LOT007-W04,2,8,copper,M4,1.6204,True,37.42,412.36,2024-03-03T14:08:30
6618,LOT007,LOT007-W04,2,9,copper,M3,1.3544,True,37.42,412.36,2024-03-03T14:09:00
6619,LOT007,LOT007-W04,2,10,copper,M3,1.2811,True,37.42,412.36,2024-03-03T14:09:30
6620,LOT007,LOT007-W04,3,1,tungsten,M1,0.9162,True,37.42,412.36,2024-03-03T14:10:00
6621,LOT007,LOT007-W04,3,2,tungsten,M4,2.2474,True,37.42,412.36,2024-03-03T14:10:30
6622,LOT007,LOT007-W04,3,3,copper,M3,1.4356,True,37.42,412.36,2024-03-03T14:11:00
6623,LOT007,LOT007-W04,3,4,copper,M4,1.7169,True,37.42,412.36,2024-03-03T14:11:30
6624,LOT007,LOT007-W04,3,5,copper,M1,0.8102,True,37.42,412.36,2024-03-03T14:12:00
6625,LOT007,LOT007-W04,3,6,tungsten,M4,2.2731,True,37.42,412.36,2024-03-03T14:12:30
6626,LOT007,LOT007-W04,3,7,copper,M4,1.8055,True,37.42,412.36,2024-03-03T14:13:00
6627,LOT007,LOT007-W04,3,8,copper,M2,1.1516,True,37.42,412.36,2024-03-03T14:13:30
6628,LOT007,LOT007-W04,3,9,copper,M2,1.1221,True,37.42,412.36,2024-03-03T14:14:00
6629,LOT007,LOT007-W04,3,10,tungsten,M1,0.9629,True,37.42,412.36,2024-03-03T14:14:30
6630,LOT007,LOT007-W04,4,1,tungsten,M4,1.9446,True,37.42,412.36,2024-03-03T14:15:00
6631,LOT007,LOT007-W04,4,2,copper,M1,0.8333,True,37.42,412.36,2024-03-03T14:15:30
6632,LOT007,LOT007-W04,4,3,copper,M3,1.5282,True,37.42,412.36,2024-03-03T14:16:00
6633,LOT007,LOT007-W04,4,4,copper,M1,0.7955,True,37.42,412.36,2024-03-03T14:16:30
6634,LOT007,LOT007-W04,4,5,tungsten,M2,1.3901,True,37.42,412.36,2024-03-03T14:17:00
6635,LOT007,LOT007-W04,4,6,copper,M1,0.7908,True,37.42,412.36,2024-03-03T14:17:30
6636,LOT007,LOT007-W04,4,7,copper,M3,1.4015,True,37.42,412.36,2024-03-03T14:18:00
6637,LOT007,LOT007-W04,4,8,tungsten,M3,1.9942,True,37.42,412.36,2024-03-03T14:18:30
6638,LOT007,LOT007-W04,4,9,tungsten,M4,2.0523,True,37.42,412.36,2024-03-03T14:19:00
6639,LOT007,LOT007-W04,4,10,tungsten,M1,0.9722,True,37.42,412.36,2024-03-03T14:19:30
6640,LOT007,LOT007-W04,5,1,copper,M2,1.1129,True,37.42,412.36,2024-03-03T14:20:00
6641,LOT007,LOT007-W04,5,2,tungsten,M1,1.0353,True,37.42,412.36,2024-03-03T14:20:30
6642,LOT007,LOT007-W04,5,3,tungsten,M2,1.4579,True,37.42,412.36,2024-03-03T14:21:00
6643,LOT007,LOT007-W04,5,4,tungsten,M3,1.9954,True,37.42,412.36,2024-03-03T14:21:30
6644,LOT007,LOT007-W04,5,5,tungsten,M3,1.8982,True,37.42,412.36,2024-03-03T14:22:00
6645,LOT007,LOT007-W04,5,6,tungsten,M4,2.0499,True,37.42,412.36,2024-03-03T14:22:30
6646,LOT007,LOT007-W04,5,7,copper,M3,1.4326,True,37.42,412.36,2024-03-03T14:23:00
6647,LOT007,LOT007-W04,5,8,copper,M4,1.5914,True,37.42,412.36,2024-03-03T14:23:30
6648,LOT007,LOT007-W04,5,9,copper,M4,1.8447,True,37.42,412.36,2024-03-03T14:24:00
6649,LOT007,LOT007-W04,5,10,copper,M3,1.5236,True,37.42,412.36,2024-03-03T14:24:30
6650,LOT007,LOT007-W04,6,1,copper,M2,1.0957,True,37.42,412.36,2024-03-03T14:25:00
6651,LOT007,LOT007-W04,6,2,copper,M2,1.0962,True,37.42,412.36,2024-03-03T14:25:30
6652,LOT007,LOT007-W04,6,3,copper,M2,1.0541,True,37.42,412.36,2024-03-03T14:26:00
6653,LOT007,LOT007-W04,6,4,copper,M2,1.2228,True,37.42,412.36,2024-03-03T14:26:30
6654,LOT007,LOT007-W04,6,5,tungsten,M2,1.447,True,37.42,412.36,2024-03-03T14:27:00
6655,LOT007,LOT007-W04,6,6,copper,M4,1.6058,True,37.42,412.36,2024-03-03T14:27:30
6656,LOT007,LOT007-W04,6,7,tungsten,M4,2.0334,True,37.42,412.36,2024-03-03T14:28:00
6657,LOT007,LOT007-W04,6,8,tungsten,M2,1.2981,False,37.42,412.36,2024-03-03T14:28:30
6658,LOT007,LOT007-W04,6,9,tungsten,M1,0.9737,True,37.42,412.36,2024-03-03T14:29:00
6659,LOT007,LOT007-W04,6,10,copper,M4,1.6987,True,37.42,412.36,2024-03-03T14:29:30
6660,LOT007,LOT007-W04,7,1,copper,M4,1.6979,True,37.42,412.36,2024-03-03T14:30:00
6661,LOT007,LOT007-W04,7,2,copper,M4,1.5979,True,37.42,412.36,2024-03-03T14:30:30
6662,LOT007,LOT007-W04,7,3,copper,M1,0.8185,True,37.42,412.36,2024-03-03T14:31:00
6663,LOT007,LOT007-W04,7,4,tungsten,M3,1.8261,True,37.42,412.36,2024-03-03T14:31:30
6664,LOT007,LOT007-W04,7,5,tungsten,M1,0.961,True,37.42,412.36,2024-03-03T14:32:00
6665,LOT007,LOT007-W04,7,6,copper,M3,1.4599,True,37.42,412.36,2024-03-03T14:32:30
6666,LOT007,LOT007-W04,7,7,tungsten,M2,1.3065,True,37.42,412.36,2024-03-03T14:33:00
6667,LOT007,LOT007-W04,7,8,copper,M2,1.123,True,37.42,412.36,2024-03-03T14:33:30
6668,LOT007,LOT007-W04,7,9,tungsten,M1,0.9844,True,37.42,412.36,2024-03-03T14:34:00
6669,LOT007,LOT007-W04,7,10,copper,M3,1.2766,True,37.42,412.36,2024-03-03T14:34:30
6670,LOT007,LOT007-W04,8,1,tungsten,M1,0.956,True,37.42,412.36,2024-03-03T14:35:00
6671,LOT007,LOT007-W04,8,2,tungsten,M3,1.6595,True,37.42,412.36,2024-03-03T14:35:30
6672,LOT007,LOT007-W04,8,3,tungsten,M2,1.3576,True,37.42,412.36,2024-03-03T14:36:00
6673,LOT007,LOT007-W04,8,4,copper,M4,1.5199,True,37.42,412.36,2024-03-03T14:36:30
6674,LOT007,LOT007-W04,8,5,copper,M2,1.0331,True,37.42,412.36,2024-03-03T14:37:00
6675,LOT007,LOT007-W04,8,6,tungsten,M4,2.0895,True,37.42,412.36,2024-03-03T14:37:30
6676,LOT007,LOT007-W04,8,7,tungsten,M4,2.0239,True,37.42,412.36,2024-03-03T14:38:00
6677,LOT007,LOT007-W04,8,8,tungsten,M3,1.891,True,37.42,412.36,2024-03-03T14:38:30
6678,LOT007,LOT007-W04,8,9,copper,M4,1.6132,True,37.42,412.36,2024-03-03T14:39:00
6679,LOT007,LOT007-W04,8,10,copper,M2,0.9883,True,37.42,412.36,2024-03-03T14:39:30
6680,LOT007,LOT007-W04,9,1,copper,M2,1.1064,True,37.42,412.36,2024-03-03T14:40:00
6681,LOT007,LOT007-W04,9,2,copper,M3,1.5275,True,37.42,412.36,2024-03-03T14:40:30
6682,LOT007,LOT007-W04,9,3,copper,M2,1.1539,True,37.42,412.36,2024-03-03T14:41:00
6683,LOT007,LOT007-W04,9,4,tungsten,M3,1.901,True,37.42,412.36,2024-03-03T14:41:30
6684,LOT007,LOT007-W04,9,5,tungsten,M4,2.0516,True,37.42,412.36,2024-03-03T14:42:00
6685,LOT007,LOT007-W04,9,6,copper,M1,0.8077,True,37.42,412.36,2024-03-03T14:42:30
6686,LOT007,LOT007-W04,9,7,copper,M1,0.7808,True,37.42,412.36,2024-03-03T14:43:00
6687,LOT007,LOT007-W04,9,8,copper,M4,1.7066,True,37.42,412.36,2024-03-03T14:43:30
6688,LOT007,LOT007-W04,9,9,copper,M3,1.5497,True,37.42,412.36,2024-03-03T14:44:00
6689,LOT007,LOT007-W04,9,10,copper,M2,1.0612,True,37.42,412.36,2024-03-03T14:44:30
6690,LOT007,LOT007-W04,10,1,tungsten,M2,1.2463,True,37.42,412.36,2024-03-03T14:45:00
6691,LOT007,LOT007-W04,10,2,tungsten,M3,1.8836,True,37.42,412.36,2024-03-03T14:45:30
6692,LOT007,LOT007-W04,10,3,tungsten,M2,1.4271,True,37.42,412.36,2024-03-03T14:46:00
6693,LOT007,LOT007-W04,10,4,tungsten,M1,0.9403,True,37.42,412.36,2024-03-03T14:46:30
6694,LOT007,LOT007-W04,10,5,tungsten,M1,0.9976,True,37.42,412.36,2024-03-03T14:47:00
6695,LOT007,LOT007-W04,10,6,copper,M3,1.3093,True,37.42,412.36,2024-03-03T14:47:30
6696,LOT007,LOT007-W04,10,7,copper,M1,0.8048,True,37.42,412.36,2024-03-03T14:48:00
6697,LOT007,LOT007-W04,10,8,tungsten,M1,0.9899,True,37.42,412.36,2024-03-03T14:48:30
6698,LOT007,LOT007-W04,10,9,copper,M2,1.1024,True,37.42,412.36,2024-03-03T14:49:00
6699,LOT007,LOT007-W04,10,10,tungsten,M3,1.8192,True,37.42,412.36,2024-03-03T14:49:30
6700,LOT007,LOT007-W04,11,1,tungsten,M4,2.2197,True,37.42,412.36,2024-03-03T14:50:00
6701,LOT007,LOT007-W04,11,2,tungsten,M2,1.3468,True,37.42,412.36,2024-03-03T14:50:30
6702,LOT007,LOT007-W04,11,3,tungsten,M3,1.8853,True,37.42,412.36,2024-03-03T14:51:00
6703,LOT007,LOT007-W04,11,4,tungsten,M2,1.3624,True,37.42,412.36,2024-03-03T14:51:30
6704,LOT007,LOT007-W04,11,5,tungsten,M3,1.7391,True,37.42,412.36,2024-03-03T14:52:00
6705,LOT007,LOT007-W04,11,6,copper,M3,1.3766,True,37.42,412.36,2024-03-03T14:52:30
6706,LOT007,LOT007-W04,11,7,copper,M2,1.1185,True,37.42,412.36,2024-03-03T14:53:00
6707,LOT007,LOT007-W04,11,8,tungsten,M1,1.0073,True,37.42,412.36,2024-03-03T14:53:30
6708,LOT007,LOT007-W04,11,9,copper,M2,1.1128,True,37.42,412.36,2024-03-03T14:54:00
6709,LOT007,LOT007-W04,11,10,tungsten,M2,1.4789,True,37.42,412.36,2024-03-03T14:54:30
6710,LOT007,LOT007-W04,12,1,tungsten,M2,1.2807,True,37.42,412.36,2024-03-03T14:55:00
6711,LOT007,LOT007-W04,12,2,copper,M4,1.7707,False,37.42,412.36,2024-03-03T14:55:30
6712,LOT007,LOT007-W04,12,3,tungsten,M3,1.6606,True,37.42,412.36,2024-03-03T14:56:00
6713,LOT007,LOT007-W04,12,4,copper,M2,1.1485,True,37.42,412.36,2024-03-03T14:56:30
6714,LOT007,LOT007-W04,12,5,tungsten,M1,0.9525,True,37.42,412.36,2024-03-03T14:57:00
6715,LOT007,LOT007-W04,12,6,copper,M1,0.7878,True,37.42,412.36,2024-03-03T14:57:30
6716,LOT007,LOT007-W04,12,7,copper,M3,1.2741,True,37.42,412.36,2024-03-03T14:58:00
6717,LOT007,LOT007-W04,12,8,tungsten,M2,1.3825,True,37.42,412.36,2024-03-03T14:58:30
6718,LOT007,LOT007-W04,12,9,tungsten,M2,1.5375,True,37.42,412.36,2024-03-03T14:59:00
6719,LOT007,LOT007-W04,12,10,copper,M2,1.1415,True,37.42,412.36,2024-03-03T14:59:30
6720,LOT007,LOT007-W04,13,1,copper,M3,1.4902,True,37.42,412.36,2024-03-03T15:00:00
6721,LOT007,LOT007-W04,13,2,tungsten,M1,0.9469,True,37.42,412.36,2024-03-03T15:00:30
6722,LOT007,LOT007-W04,13,3,tungsten,M4,2.126,True,37.42,412.36,2024-03-03T15:01:00
6723,LOT007,LOT007-W04,13,4,tungsten,M1,0.9315,True,37.42,412.36,2024-03-03T15:01:30
6724,LOT007,LOT007-W04,13,5,tungsten,M2,1.482,True,37.42,412.36,2024-03-03T15:02:00
6725,LOT007,LOT007-W04,13,6,tungsten,M4,2.1723,True,37.42,412.36,2024-03-03T15:02:30
6726,LOT007,LOT007-W04,13,7,tungsten,M1,1.1411,True,37.42,412.36,2024-03-03T15:03:00
6727,LOT007,LOT007-W04,13,8,copper,M1,0.8126,True,37.42,412.36,2024-03-03T15:03:30
6728,LOT007,LOT007-W04,13,9,tungsten,M1,1.0464,True,37.42,412.36,2024-03-03T15:04:00
6729,LOT007,LOT007-W04,13,10,tungsten,M2,1.4323,True,37.42,412.36,2024-03-03T15:04:30
6730,LOT007,LOT007-W04,14,1,tungsten,M1,0.9634,True,37.42,412.36,2024-03-03T15:05:00
6731,LOT007,LOT007-W04,14,2,tungsten,M2,1.3656,True,37.42,412.36,2024-03-03T15:05:30
6732,LOT007,LOT007-W04,14,3,tungsten,M3,1.7441,True,37.42,412.36,2024-03-03T15:06:00
6733,LOT007,LOT007-W04,14,4,copper,M1,0.7907,True,37.42,412.36,2024-03-03T15:06:30
6734,LOT007,LOT007-W04,14,5,copper,M3,1.3353,True,37.42,412.36,2024-03-03T15:07:00
6735,LOT007,LOT007-W04,14,6,copper,M2,1.1299,True,37.42,412.36,2024-03-03T15:07:30
6736,LOT007,LOT007-W04,14,7,copper,M2,1.0774,True,37.42,412.36,2024-03-03T15:08:00
6737,LOT007,LOT007-W04,14,8,tungsten,M3,1.7556,True,37.42,412.36,2024-03-03T15:08:30
6738,LOT007,LOT007-W04,14,9,tungsten,M4,1.9558,True,37.42,412.36,2024-03-03T15:09:00
6739,LOT007,LOT007-W04,14,10,tungsten,M3,1.8966,True,37.42,412.36,2024-03-03T15:09:30
6740,LOT007,LOT007-W04,15,1,tungsten,M3,1.8261,False,37.42,412.36,2024-03-03T15:10:00
6741,LOT007,LOT007-W04,15,2,tungsten,M1,1.026,True,37.42,412.36,2024-03-03T15:10:30
6742,LOT007,LOT007-W04,15,3,tungsten,M1,0.9684,True,37.42,412.36,2024-03-03T15:11:00
6743,LOT007,LOT007-W04,15,4,tungsten,M4,2.2161,True,37.42,412.36,2024-03-03T15:11:30
6744,LOT007,LOT007-W04,15,5,copper,M4,1.6176,True,37.42,412.36,2024-03-03T15:12:00
6745,LOT007,LOT007-W04,15,6,tungsten,M4,1.9045,True,37.42,412.36,2024-03-03T15:12:30
6746,LOT007,LOT007-W04,15,7,tungsten,M4,2.302,True,37.42,412.36,2024-03-03T15:13:00
6747,LOT007,LOT007-W04,15,8,tungsten,M1,1.1193,True,37.42,412.36,2024-03-03T15:13:30
6748,LOT007,LOT007-W04,15,9,tungsten,M3,1.7375,True,37.42,412.36,2024-03-03T15:14:00
6749,LOT007,LOT007-W04,15,10,copper,M3,1.3612,True,37.42,412.36,2024-03-03T15:14:30
6750,LOT007,LOT007-W04,16,1,copper,M2,1.1247,True,37.42,412.36,2024-03-03T15:15:00
6751,LOT007,LOT007-W04,16,2,tungsten,M3,1.9266,True,37.42,412.36,2024-03-03T15:15:30
6752,LOT007,LOT007-W04,16,3,copper,M3,1.3528,True,37.42,412.36,2024-03-03T15:16:00
6753,LOT007,LOT007-W04,16,4,tungsten,M4,2.2664,True,37.42,412.36,2024-03-03T15:16:30
6754,LOT007,LOT007-W04,16,5,tungsten,M2,1.3452,True,37.42,412.36,2024-03-03T15:17:00
6755,LOT007,LOT007-W04,16,6,tungsten,M3,1.7655,True,37.42,412.36,2024-03-03T15:17:30
6756,LOT007,LOT007-W04,16,7,copper,M2,1.0364,True,37.42,412.36,2024-03-03T15:18:00
6757,LOT007,LOT007-W04,16,8,tungsten,M4,2.0736,True,37.42,412.36,2024-03-03T15:18:30
6758,LOT007,LOT007-W04,16,9,copper,M1,0.862,True,37.42,412.36,2024-03-03T15:19:00
6759,LOT007,LOT007-W04,16,10,tungsten,M4,1.7362,True,37.42,412.36,2024-03-03T15:19:30
6760,LOT007,LOT007-W04,17,1,copper,M4,1.8051,True,37.42,412.36,2024-03-03T15:20:00
6761,LOT007,LOT007-W04,17,2,tungsten,M4,2.1304,True,37.42,412.36,2024-03-03T15:20:30
6762,LOT007,LOT007-W04,17,3,tungsten,M3,1.7635,True,37.42,412.36,2024-03-03T15:21:00
6763,LOT007,LOT007-W04,17,4,copper,M1,0.8306,True,37.42,412.36,2024-03-03T15:21:30
6764,LOT007,LOT007-W04,17,5,copper,M4,1.6484,True,37.42,412.36,2024-03-03T15:22:00
6765,LOT007,LOT007-W04,17,6,copper,M4,1.5956,True,37.42,412.36,2024-03-03T15:22:30
6766,LOT007,LOT007-W04,17,7,tungsten,M4,2.0926,True,37.42,412.36,2024-03-03T15:23:00
6767,LOT007,LOT007-W04,17,8,copper,M2,1.0211,True,37.42,412.36,2024-03-03T15:23:30
6768,LOT007,LOT007-W04,17,9,copper,M4,1.7284,True,37.42,412.36,2024-03-03T15:24:00
6769,LOT007,LOT007-W04,17,10,copper,M4,1.6372,True,37.42,412.36,2024-03-03T15:24:30
6770,LOT007,LOT007-W04,18,1,copper,M4,1.7917,True,37.42,412.36,2024-03-03T15:25:00
6771,LOT007,LOT007-W04,18,2,tungsten,M4,2.3169,True,37.42,412.36,2024-03-03T15:25:30
6772,LOT007,LOT007-W04,18,3,copper,M3,1.5018,True,37.42,412.36,2024-03-03T15:26:00
6773,LOT007,LOT007-W04,18,4,copper,M3,1.2092,True,37.42,412.36,2024-03-03T15:26:30
6774,LOT007,LOT007-W04,18,5,copper,M2,1.1312,True,37.42,412.36,2024-03-03T15:27:00
6775,LOT007,LOT007-W04,18,6,tungsten,M1,1.0445,True,37.42,412.36,2024-03-03T15:27:30
6776,LOT007,LOT007-W04,18,7,tungsten,M4,2.0922,True,37.42,412.36,2024-03-03T15:28:00
6777,LOT007,LOT007-W04,18,8,copper,M2,1.084,True,37.42,412.36,2024-03-03T15:28:30
6778,LOT007,LOT007-W04,18,9,tungsten,M1,0.9362,True,37.42,412.36,2024-03-03T15:29:00
6779,LOT007,LOT007-W04,18,10,tungsten,M4,2.0677,True,37.42,412.36,2024-03-03T15:29:30
6780,LOT007,LOT007-W04,19,1,copper,M1,0.8095,True,37.42,412.36,2024-03-03T15:30:00
6781,LOT007,LOT007-W04,19,2,copper,M3,1.3698,True,37.42,412.36,2024-03-03T15:30:30
6782,LOT007,LOT007-W04,19,3,tungsten,M2,1.4055,True,37.42,412.36,2024-03-03T15:31:00
6783,LOT007,LOT007-W04,19,4,copper,M3,1.4706,True,37.42,412.36,2024-03-03T15:31:30
6784,LOT007,LOT007-W04,19,5,copper,M3,1.5654,True,37.42,412.36,2024-03-03T15:32:00
6785,LOT007,LOT007-W04,19,6,copper,M3,1.3728,True,37.42,412.36,2024-03-03T15:32:30
6786,LOT007,LOT007-W04,19,7,copper,M1,0.8027,True,37.42,412.36,2024-03-03T15:33:00
6787,LOT007,LOT007-W04,19,8,tungsten,M1,1.0398,True,37.42,412.36,2024-03-03T15:33:30
6788,LOT007,LOT007-W04,19,9,tungsten,M4,2.0168,True,37.42,412.36,2024-03-03T15:34:00
6789,LOT007,LOT007-W04,19,10,tungsten,M1,0.9759,True,37.42,412.36,2024-03-03T15:34:30
6790,LOT007,LOT007-W04,20,1,copper,M2,1.1938,True,37.42,412.36,2024-03-03T15:35:00
6791,LOT007,LOT007-W04,20,2,copper,M3,1.2728,True,37.42,412.36,2024-03-03T15:35:30
6792,LOT007,LOT007-W04,20,3,copper,M1,0.7092,True,37.42,412.36,2024-03-03T15:36:00
6793,LOT007,LOT007-W04,20,4,copper,M3,1.3348,True,37.42,412.36,2024-03-03T15:36:30
6794,LOT007,LOT007-W04,20,5,tungsten,M2,1.35,True,37.42,412.36,2024-03-03T15:37:00
6795,LOT007,LOT007-W04,20,6,copper,M1,0.8896,True,37.42,412.36,2024-03-03T15:37:30
6796,LOT007,LOT007-W04,20,7,copper,M2,1.2512,True,37.42,412.36,2024-03-03T15:38:00
6797,LOT007,LOT007-W04,20,8,copper,M2,1.0319,True,37.42,412.36,2024-03-03T15:38:30
6798,LOT007,LOT007-W04,20,9,tungsten,M4,2.1282,False,37.42,412.36,2024-03-03T15:39:00
6799,LOT007,LOT007-W04,20,10,copper,M1,0.7826,True,37.42,412.36,2024-03-03T15:39:30
6800,LOT007,LOT007-W05,1,1,copper,M3,1.5597,True,37.07,402.71,2024-03-03T15:40:00
6801,LOT007,LOT007-W05,1,2,copper,M4,1.6313,True,37.07,402.71,2024-03-03T15:40:30
6802,LOT007,LOT007-W05,1,3,copper,M2,1.1613,True,37.07,402.71,2024-03-03T15:41:00
6803,LOT007,LOT007-W05,1,4,copper,M2,1.1703,True,37.07,402.71,2024-03-03T15:41:30
6804,LOT007,LOT007-W05,1,5,copper,M3,1.5302,True,37.07,402.71,2024-03-03T15:42:00
6805,LOT007,LOT007-W05,1,6,tungsten,M1,1.0768,True,37.07,402.71,2024-03-03T15:42:30
6806,LOT007,LOT007-W05,1,7,copper,M3,1.4173,True,37.07,402.71,2024-03-03T15:43:00
6807,LOT007,LOT007-W05,1,8,tungsten,M4,2.0658,True,37.07,402.71,2024-03-03T15:43:30
6808,LOT007,LOT007-W05,1,9,tungsten,M4,2.1279,True,37.07,402.71,2024-03-03T15:44:00
6809,LOT007,LOT007-W05,1,10,copper,M3,1.4281,True,37.07,402.71,2024-03-03T15:44:30
6810,LOT007,LOT007-W05,2,1,copper,M2,1.0689,True,37.07,402.71,2024-03-03T15:45:00
6811,LOT007,LOT007-W05,2,2,tungsten,M4,2.0874,True,37.07,402.71,2024-03-03T15:45:30
6812,LOT007,LOT007-W05,2,3,tungsten,M1,0.9643,True,37.07,402.71,2024-03-03T15:46:00
6813,LOT007,LOT007-W05,2,4,tungsten,M3,1.7792,True,37.07,402.71,2024-03-03T15:46:30
6814,LOT007,LOT007-W05,2,5,copper,M1,0.8679,True,37.07,402.71,2024-03-03T15:47:00
6815,LOT007,LOT007-W05,2,6,copper,M1,0.7563,True,37.07,402.71,2024-03-03T15:47:30
6816,LOT007,LOT007-W05,2,7,copper,M3,1.458,True,37.07,402.71,2024-03-03T15:48:00
6817,LOT007,LOT007-W05,2,8,copper,M3,1.4362,True,37.07,402.71,2024-03-03T15:48:30
6818,LOT007,LOT007-W05,2,9,tungsten,M4,2.1171,True,37.07,402.71,2024-03-03T15:49:00
6819,LOT007,LOT007-W05,2,10,tungsten,M3,1.7625,True,37.07,402.71,2024-03-03T15:49:30
6820,LOT007,LOT007-W05,3,1,copper,M2,1.0438,True,37.07,402.71,2024-03-03T15:50:00
6821,LOT007,LOT007-W05,3,2,copper,M3,1.3983,True,37.07,402.71,2024-03-03T15:50:30
6822,LOT007,LOT007-W05,3,3,tungsten,M3,1.7343,True,37.07,402.71,2024-03-03T15:51:00
6823,LOT007,LOT007-W05,3,4,tungsten,M2,1.5107,True,37.07,402.71,2024-03-03T15:51:30
6824,LOT007,LOT007-W05,3,5,tungsten,M3,1.9175,True,37.07,402.71,2024-03-03T15:52:00
6825,LOT007,LOT007-W05,3,6,copper,M2,1.1396,True,37.07,402.71,2024-03-03T15:52:30
6826,LOT007,LOT007-W05,3,7,tungsten,M3,1.7882,True,37.07,402.71,2024-03-03T15:53:00
6827,LOT007,LOT007-W05,3,8,tungsten,M1,0.9653,True,37.07,402.71,2024-03-03T15:53:30
6828,LOT007,LOT007-W05,3,9,tungsten,M2,1.4557,True,37.07,402.71,2024-03-03T15:54:00
6829,LOT007,LOT007-W05,3,10,copper,M4,1.6847,True,37.07,402.71,2024-03-03T15:54:30
6830,LOT007,LOT007-W05,4,1,copper,M3,1.2918,True,37.07,402.71,2024-03-03T15:55:00
6831,LOT007,LOT007-W05,4,2,tungsten,M3,1.8679,True,37.07,402.71,2024-03-03T15:55:30
6832,LOT007,LOT007-W05,4,3,tungsten,M4,2.0831,True,37.07,402.71,2024-03-03T15:56:00
6833,LOT007,LOT007-W05,4,4,tungsten,M2,1.4482,True,37.07,402.71,2024-03-03T15:56:30
6834,LOT007,LOT007-W05,4,5,tungsten,M3,1.7635,True,37.07,402.71,2024-03-03T15:57:00
6835,LOT007,LOT007-W05,4,6,copper,M4,1.6338,True,37.07,402.71,2024-03-03T15:57:30
6836,LOT007,LOT007-W05,4,7,copper,M2,1.09,True,37.07,402.71,2024-03-03T15:58:00
6837,LOT007,LOT007-W05,4,8,tungsten,M4,2.0429,True,37.07,402.71,2024-03-03T15:58:30
6838,LOT007,LOT007-W05,4,9,copper,M3,1.4594,True,37.07,402.71,2024-03-03T15:59:00
6839,LOT007,LOT007-W05,4,10,tungsten,M1,0.9312,True,37.07,402.71,2024-03-03T15:59:30
6840,LOT007,LOT007-W05,5,1,tungsten,M1,1.0121,True,37.07,402.71,2024-03-03T16:00:00
6841,LOT007,LOT007-W05,5,2,copper,M1,0.7963,True,37.07,402.71,2024-03-03T16:00:30
6842,LOT007,LOT007-W05,5,3,tungsten,M4,2.2015,True,37.07,402.71,2024-03-03T16:01:00
6843,LOT007,LOT007-W05,5,4,copper,M1,0.8212,True,37.07,402.71,2024-03-03T16:01:30
6844,LOT007,LOT007-W05,5,5,tungsten,M2,1.3424,True,37.07,402.71,2024-03-03T16:02:00
6845,LOT007,LOT007-W05,5,6,tungsten,M2,1.3419,True,37.07,402.71,2024-03-03T16:02:30
6846,LOT007,LOT007-W05,5,7,copper,M1,0.8329,True,37.07,402.71,2024-03-03T16:03:00
6847,LOT007,LOT007-W05,5,8,tungsten,M2,1.3154,True,37.07,402.71,2024-03-03T16:03:30
6848,LOT007,LOT007-W05,5,9,copper,M3,1.2596,True,37.07,402.71,2024-03-03T16:04:00
6849,LOT007,LOT007-W05,5,10,tungsten,M4,2.188,True,37.07,402.71,2024-03-03T16:04:30
6850,LOT007,LOT007-W05,6,1,copper,M3,1.4547,True,37.07,402.71,2024-03-03T16:05:00
6851,LOT007,LOT007-W05,6,2,copper,M4,1.7737,True,37.07,402.71,2024-03-03T16:05:30
6852,LOT007,LOT007-W05,6,3,copper,M4,1.6267,True,37.07,402.71,2024-03-03T16:06:00
6853,LOT007,LOT007-W05,6,4,copper,M3,1.4154,True,37.07,402.71,2024-03-03T16:06:30
6854,LOT007,LOT007-W05,6,5,copper,M2,1.1056,True,37.07,402.71,2024-03-03T16:07:00
6855,LOT007,LOT007-W05,6,6,copper,M3,1.452,True,37.07,402.71,2024-03-03T16:07:30
6856,LOT007,LOT007-W05,6,7,copper,M2,1.1419,True,37.07,402.71,2024-03-03T16:08:00
6857,LOT007,LOT007-W05,6,8,copper,M3,1.5174,True,37.07,402.71,2024-03-03T16:08:30
6858,LOT007,LOT007-W05,6,9,copper,M4,1.781,True,37.07,402.71,2024-03-03T16:09:00
6859,LOT007,LOT007-W05,6,10,tungsten,M4,2.0714,True,37.07,402.71,2024-03-03T16:09:30
6860,LOT007,LOT007-W05,7,1,copper,M3,1.5267,True,37.07,402.71,2024-03-03T16:10:00
6861,LOT007,LOT007-W05,7,2,copper,M4,1.8584,True,37.07,402.71,2024-03-03T16:10:30
6862,LOT007,LOT007-W05,7,3,tungsten,M1,1.0053,True,37.07,402.71,2024-03-03T16:11:00
6863,LOT007,LOT007-W05,7,4,tungsten,M4,2.1712,True,37.07,402.71,2024-03-03T16:11:30
6864,LOT007,LOT007-W05,7,5,copper,M1,0.8005,True,37.07,402.71,2024-03-03T16:12:00
6865,LOT007,LOT007-W05,7,6,tungsten,M2,1.4416,True,37.07,402.71,2024-03-03T16:12:30
6866,LOT007,LOT007-W05,7,7,tungsten,M4,1.9117,True,37.07,402.71,2024-03-03T16:13:00
6867,LOT007,LOT007-W05,7,8,copper,M2,1.1069,True,37.07,402.71,2024-03-03T16:13:30
6868,LOT007,LOT007-W05,7,9,copper,M1,0.8471,True,37.07,402.71,2024-03-03T16:14:00
6869,LOT007,LOT007-W05,7,10,copper,M4,1.7352,True,37.07,402.71,2024-03-03T16:14:30
6870,LOT007,LOT007-W05,8,1,tungsten,M4,2.2256,True,37.07,402.71,2024-03-03T16:15:00
6871,LOT007,LOT007-W05,8,2,tungsten,M2,1.2944,True,37.07,402.71,2024-03-03T16:15:30
6872,LOT007,LOT007-W05,8,3,copper,M2,1.085,True,37.07,402.71,2024-03-03T16:16:00
6873,LOT007,LOT007-W05,8,4,tungsten,M3,1.9894,True,37.07,402.71,2024-03-03T16:16:30
6874,LOT007,LOT007-W05,8,5,tungsten,M4,2.1966,True,37.07,402.71,2024-03-03T16:17:00
6875,LOT007,LOT007-W05,8,6,copper,M4,1.6936,True,37.07,402.71,2024-03-03T16:17:30
6876,LOT007,LOT007-W05,8,7,copper,M4,1.4925,False,37.07,402.71,2024-03-03T16:18:00
6877,LOT007,LOT007-W05,8,8,tungsten,M3,1.7699,True,37.07,402.71,2024-03-03T16:18:30
6878,LOT007,LOT007-W05,8,9,tungsten,M1,1.0948,True,37.07,402.71,2024-03-03T16:19:00
6879,LOT007,LOT007-W05,8,10,tungsten,M2,1.312,True,37.07,402.71,2024-03-03T16:19:30
6880,LOT007,LOT007-W05,9,1,copper,M4,1.6495,True,37.07,402.71,2024-03-03T16:20:00
6881,LOT007,LOT007-W05,9,2,tungsten,M4,1.9477,True,37.07,402.71,2024-03-03T16:20:30
6882,LOT007,LOT007-W05,9,3,tungsten,M4,2.1417,True,37.07,402.71,2024-03-03T16:21:00
6883,LOT007,LOT007-W05,9,4,copper,M2,1.0838,True,37.07,402.71,2024-03-03T16:21:30
6884,LOT007,LOT007-W05,9,5,copper,M2,1.3025,True,37.07,402.71,2024-03-03T16:22:00
6885,LOT007,LOT007-W05,9,6,tungsten,M2,1.4696,True,37.07,402.71,2024-03-03T16:22:30
6886,LOT007,LOT007-W05,9,7,copper,M1,0.7561,True,37.07,402.71,2024-03-03T16:23:00
6887,LOT007,LOT007-W05,9,8,copper,M2,1.0701,True,37.07,402.71,2024-03-03T16:23:30
6888,LOT007,LOT007-W05,9,9,copper,M3,1.4276,True,37.07,402.71,2024-03-03T16:24:00
6889,LOT007,LOT007-W05,9,10,copper,M4,1.5897,True,37.07,402.71,2024-03-03T16:24:30
6890,LOT007,LOT007-W05,10,1,tungsten,M1,1.042,True,37.07,402.71,2024-03-03T16:25:00
6891,LOT007,LOT007-W05,10,2,tungsten,M4,2.254,True,37.07,402.71,2024-03-03T16:25:30
6892,LOT007,LOT007-W05,10,3,tungsten,M2,1.2493,True,37.07,402.71,2024-03-03T16:26:00
6893,LOT007,LOT007-W05,10,4,tungsten,M1,0.9889,False,37.07,402.71,2024-03-03T16:26:30
6894,LOT007,LOT007-W05,10,5,tungsten,M1,0.9873,True,37.07,402.71,2024-03-03T16:27:00
6895,LOT007,LOT007-W05,10,6,tungsten,M4,2.1762,True,37.07,402.71,2024-03-03T16:27:30
6896,LOT007,LOT007-W05,10,7,tungsten,M1,1.0862,True,37.07,402.71,2024-03-03T16:28:00
6897,LOT007,LOT007-W05,10,8,copper,M3,1.459,True,37.07,402.71,2024-03-03T16:28:30
6898,LOT007,LOT007-W05,10,9,tungsten,M2,1.3215,True,37.07,402.71,2024-03-03T16:29:00
6899,LOT007,LOT007-W05,10,10,copper,M2,1.0914,True,37.07,402.71,2024-03-03T16:29:30
6900,LOT007,LOT007-W05,11,1,copper,M2,1.1141,True,37.07,402.71,2024-03-03T16:30:00
6901,LOT007,LOT007-W05,11,2,copper,M1,0.8023,True,37.07,402.71,2024-03-03T16:30:30
6902,LOT007,LOT007-W05,11,3,tungsten,M1,1.0472,True,37.07,402.71,2024-03-03T16:31:00
6903,LOT007,LOT007-W05,11,4,copper,M2,1.1007,True,37.07,402.71,2024-03-03T16:31:30
6904,LOT007,LOT007-W05,11,5,tungsten,M2,1.4785,True,37.07,402.71,2024-03-03T16:32:00
6905,LOT007,LOT007-W05,11,6,tungsten,M3,1.8744,True,37.07,402.71,2024-03-03T16:32:30
6906,LOT007,LOT007-W05,11,7,copper,M2,1.076,True,37.07,402.71,2024-03-03T16:33:00
6907,LOT007,LOT007-W05,11,8,tungsten,M3,1.6087,True,37.07,402.71,2024-03-03T16:33:30
6908,LOT007,LOT007-W05,11,9,tungsten,M1,0.9957,False,37.07,402.71,2024-03-03T16:34:00
6909,LOT007,LOT007-W05,11,10,tungsten,M2,1.308,True,37.07,402.71,2024-03-03T16:34:30
6910,LOT007,LOT007-W05,12,1,tungsten,M4,1.8853,True,37.07,402.71,2024-03-03T16:35:00
6911,LOT007,LOT007-W05,12,2,tungsten,M4,2.1745,True,37.07,402.71,2024-03-03T16:35:30
6912,LOT007,LOT007-W05,12,3,copper,M2,1.1394,True,37.07,402.71,2024-03-03T16:36:00
6913,LOT007,LOT007-W05,12,4,copper,M4,1.5889,True,37.07,402.71,2024-03-03T16:36:30
6914,LOT007,LOT007-W05,12,5,copper,M3,1.4529,True,37.07,402.71,2024-03-03T16:37:00
6915,LOT007,LOT007-W05,12,6,tungsten,M4,2.2145,True,37.07,402.71,2024-03-03T16:37:30
6916,LOT007,LOT007-W05,12,7,copper,M1,0.7754,True,37.07,402.71,2024-03-03T16:38:00
6917,LOT007,LOT007-W05,12,8,tungsten,M3,1.9172,True,37.07,402.71,2024-03-03T16:38:30
6918,LOT007,LOT007-W05,12,9,tungsten,M3,1.7612,True,37.07,402.71,2024-03-03T16:39:00
6919,LOT007,LOT007-W05,12,10,tungsten,M2,1.2658,True,37.07,402.71,2024-03-03T16:39:30
6920,LOT007,LOT007-W05,13,1,tungsten,M1,0.9636,True,37.07,402.71,2024-03-03T16:40:00
6921,LOT007,LOT007-W05,13,2,tungsten,M3,1.7778,True,37.07,402.71,2024-03-03T16:40:30
6922,LOT007,LOT007-W05,13,3,tungsten,M1,1.0028,True,37.07,402.71,2024-03-03T16:41:00
6923,LOT007,LOT007-W05,13,4,tungsten,M3,1.734,True,37.07,402.71,2024-03-03T16:41:30
6924,LOT007,LOT007-W05,13,5,copper,M2,1.0933,True,37.07,402.71,2024-03-03T16:42:00
6925,LOT007,LOT007-W05,13,6,copper,M4,1.6852,True,37.07,402.71,2024-03-03T16:42:30
6926,LOT007,LOT007-W05,13,7,tungsten,M3,1.7558,True,37.07,402.71,2024-03-03T16:43:00
6927,LOT007,LOT007-W05,13,8,tungsten,M2,1.4174,True,37.07,402.71,2024-03-03T16:43:30
6928,LOT007,LOT007-W05,13,9,copper,M4,1.6792,True,37.07,402.71,2024-03-03T16:44:00
6929,LOT007,LOT007-W05,13,10,copper,M4,1.613,True,37.07,402.71,2024-03-03T16:44:30
6930,LOT007,LOT007-W05,14,1,tungsten,M1,0.9317,True,37.07,402.71,2024-03-03T16:45:00
6931,LOT007,LOT007-W05,14,2,tungsten,M3,1.9169,True,37.07,402.71,2024-03-03T16:45:30
6932,LOT007,LOT007-W05,14,3,tungsten,M2,1.3367,True,37.07,402.71,2024-03-03T16:46:00
6933,LOT007,LOT007-W05,14,4,copper,M3,1.4519,True,37.07,402.71,2024-03-03T16:46:30
6934,LOT007,LOT007-W05,14,5,tungsten,M3,1.8411,True,37.07,402.71,2024-03-03T16:47:00
6935,LOT007,LOT007-W05,14,6,copper,M3,1.4374,True,37.07,402.71,2024-03-03T16:47:30
6936,LOT007,LOT007-W05,14,7,tungsten,M2,1.4627,True,37.07,402.71,2024-03-03T16:48:00
6937,LOT007,LOT007-W05,14,8,copper,M2,1.1507,True,37.07,402.71,2024-03-03T16:48:30
6938,LOT007,LOT007-W05,14,9,tungsten,M2,1.3888,True,37.07,402.71,2024-03-03T16:49:00
6939,LOT007,LOT007-W05,14,10,copper,M2,1.1166,True,37.07,402.71,2024-03-03T16:49:30
6940,LOT007,LOT007-W05,15,1,tungsten,M3,1.8074,True,37.07,402.71,2024-03-03T16:50:00
6941,LOT007,LOT007-W05,15,2,tungsten,M4,2.0465,True,37.07,402.71,2024-03-03T16:50:30
6942,LOT007,LOT007-W05,15,3,copper,M1,0.8273,True,37.07,402.71,2024-03-03T16:51:00
6943,LOT007,LOT007-W05,15,4,copper,M4,1.7056,True,37.07,402.71,2024-03-03T16:51:30
6944,LOT007,LOT007-W05,15,5,copper,M1,0.7988,True,37.07,402.71,2024-03-03T16:52:00
6945,LOT007,LOT007-W05,15,6,copper,M2,1.0736,True,37.07,402.71,2024-03-03T16:52:30
6946,LOT007,LOT007-W05,15,7,tungsten,M1,0.9544,True,37.07,402.71,2024-03-03T16:53:00
6947,LOT007,LOT007-W05,15,8,tungsten,M4,2.139,True,37.07,402.71,2024-03-03T16:53:30
6948,LOT007,LOT007-W05,15,9,tungsten,M2,1.261,True,37.07,402.71,2024-03-03T16:54:00
6949,LOT007,LOT007-W05,15,10,tungsten,M4,2.1707,True,37.07,402.71,2024-03-03T16:54:30
6950,LOT007,LOT007-W05,16,1,copper,M1,0.77,True,37.07,402.71,2024-03-03T16:55:00
6951,LOT007,LOT007-W05,16,2,copper,M3,1.2815,True,37.07,402.71,2024-03-03T16:55:30
6952,LOT007,LOT007-W05,16,3,tungsten,M2,1.4035,True,37.07,402.71,2024-03-03T16:56:00
6953,LOT007,LOT007-W05,16,4,copper,M3,1.448,True,37.07,402.71,2024-03-03T16:56:30
6954,LOT007,LOT007-W05,16,5,copper,M1,0.7367,True,37.07,402.71,2024-03-03T16:57:00
6955,LOT007,LOT007-W05,16,6,copper,M1,0.8325,True,37.07,402.71,2024-03-03T16:57:30
6956,LOT007,LOT007-W05,16,7,tungsten,M2,1.3491,True,37.07,402.71,2024-03-03T16:58:00
6957,LOT007,LOT007-W05,16,8,tungsten,M1,1.0776,True,37.07,402.71,2024-03-03T16:58:30
6958,LOT007,LOT007-W05,16,9,tungsten,M2,1.3377,True,37.07,402.71,2024-03-03T16:59:00
6959,LOT007,LOT007-W05,16,10,tungsten,M3,1.8792,False,37.07,402.71,2024-03-03T16:59:30
6960,LOT007,LOT007-W05,17,1,tungsten,M3,1.8499,True,37.07,402.71,2024-03-03T17:00:00
6961,LOT007,LOT007-W05,17,2,tungsten,M3,1.7907,True,37.07,402.71,2024-03-03T17:00:30
6962,LOT007,LOT007-W05,17,3,tungsten,M1,1.0461,True,37.07,402.71,2024-03-03T17:01:00
6963,LOT007,LOT007-W05,17,4,copper,M4,1.5821,True,37.07,402.71,2024-03-03T17:01:30
6964,LOT007,LOT007-W05,17,5,tungsten,M3,1.8713,True,37.07,402.71,2024-03-03T17:02:00
6965,LOT007,LOT007-W05,17,6,tungsten,M3,1.7815,True,37.07,402.71,2024-03-03T17:02:30
6966,LOT007,LOT007-W05,17,7,tungsten,M1,1.0491,True,37.07,402.71,2024-03-03T17:03:00
6967,LOT007,LOT007-W05,17,8,copper,M3,1.3617,True,37.07,402.71,2024-03-03T17:03:30
6968,LOT007,LOT007-W05,17,9,tungsten,M2,1.3921,True,37.07,402.71,2024-03-03T17:04:00
6969,LOT007,LOT007-W05,17,10,tungsten,M4,2.1583,True,37.07,402.71,2024-03-03T17:04:30
6970,LOT007,LOT007-W05,18,1,copper,M4,1.6743,True,37.07,402.71,2024-03-03T17:05:00
6971,LOT007,LOT007-W05,18,2,tungsten,M3,1.7716,True,37.07,402.71,2024-03-03T17:05:30
6972,LOT007,LOT007-W05,18,3,tungsten,M3,1.7119,True,37.07,402.71,2024-03-03T17:06:00
6973,LOT007,LOT007-W05,18,4,copper,M4,1.8137,True,37.07,402.71,2024-03-03T17:06:30
6974,LOT007,LOT007-W05,18,5,copper,M1,0.794,True,37.07,402.71,2024-03-03T17:07:00
6975,LOT007,LOT007-W05,18,6,copper,M4,1.7005,False,37.07,402.71,2024-03-03T17:07:30
6976,LOT007,LOT007-W05,18,7,copper,M1,0.7436,True,37.07,402.71,2024-03-03T17:08:00
6977,LOT007,LOT007-W05,18,8,tungsten,M2,1.4661,True,37.07,402.71,2024-03-03T17:08:30
6978,LOT007,LOT007-W05,18,9,copper,M4,1.6509,True,37.07,402.71,2024-03-03T17:09:00
6979,LOT007,LOT007-W05,18,10,tungsten,M3,1.7637,True,37.07,402.71,2024-03-03T17:09:30
6980,LOT007,LOT007-W05,19,1,copper,M1,0.7389,True,37.07,402.71,2024-03-03T17:10:00
6981,LOT007,LOT007-W05,19,2,tungsten,M4,2.1872,True,37.07,402.71,2024-03-03T17:10:30
6982,LOT007,LOT007-W05,19,3,tungsten,M4,2.0807,True,37.07,402.71,2024-03-03T17:11:00
6983,LOT007,LOT007-W05,19,4,copper,M2,1.1213,True,37.07,402.71,2024-03-03T17:11:30
6984,LOT007,LOT007-W05,19,5,tungsten,M1,0.9998,True,37.07,402.71,2024-03-03T17:12:00
6985,LOT007,LOT007-W05,19,6,copper,M2,1.0787,True,37.07,402.71,2024-03-03T17:12:30
6986,LOT007,LOT007-W05,19,7,tungsten,M3,1.8451,True,37.07,402.71,2024-03-03T17:13:00
6987,LOT007,LOT007-W05,19,8,copper,M1,0.7745,True,37.07,402.71,2024-03-03T17:13:30
6988,LOT007,LOT007-W05,19,9,copper,M1,0.837,True,37.07,402.71,2024-03-03T17:14:00
6989,LOT007,LOT007-W05,19,10,copper,M1,0.8237,True,37.07,402.71,2024-03-03T17:14:30
6990,LOT007,LOT007-W05,20,1,tungsten,M4,2.2206,True,37.07,402.71,2024-03-03T17:15:00
6991,LOT007,LOT007-W05,20,2,copper,M3,1.3264,True,37.07,402.71,2024-03-03T17:15:30
6992,LOT007,LOT007-W05,20,3,copper,M3,1.331,True,37.07,402.71,2024-03-03T17:16:00
6993,LOT007,LOT007-W05,20,4,copper,M3,1.3811,True,37.07,402.71,2024-03-03T17:16:30
6994,LOT007,LOT007-W05,20,5,copper,M1,0.7545,True,37.07,402.71,2024-03-03T17:17:00
6995,LOT007,LOT007-W05,20,6,copper,M1,0.7971,True,37.07,402.71,2024-03-03T17:17:30
6996,LOT007,LOT007-W05,20,7,copper,M3,1.4661,True,37.07,402.71,2024-03-03T17:18:00
6997,LOT007,LOT007-W05,20,8,tungsten,M2,1.5143,True,37.07,402.71,2024-03-03T17:18:30
6998,LOT007,LOT007-W05,20,9,tungsten,M2,1.4301,True,37.07,402.71,2024-03-03T17:19:00
6999,LOT007,LOT007-W05,20,10,copper,M2,1.0769,True,37.07,402.71,2024-03-03T17:19:30
7000,LOT008,LOT008-W01,1,1,copper,M2,1.0888,True,37.47,402.51,2024-03-03T17:20:00
7001,LOT008,LOT008-W01,1,2,copper,M4,1.6548,True,37.47,402.51,2024-03-03T17:20:30
7002,LOT008,LOT008-W01,1,3,copper,M3,1.439,True,37.47,402.51,2024-03-03T17:21:00
7003,LOT008,LOT008-W01,1,4,copper,M1,0.8431,True,37.47,402.51,2024-03-03T17:21:30
7004,LOT008,LOT008-W01,1,5,copper,M2,1.1569,True,37.47,402.51,2024-03-03T17:22:00
7005,LOT008,LOT008-W01,1,6,tungsten,M1,0.9897,False,37.47,402.51,2024-03-03T17:22:30
7006,LOT008,LOT008-W01,1,7,copper,M3,1.4081,True,37.47,402.51,2024-03-03T17:23:00
7007,LOT008,LOT008-W01,1,8,tungsten,M1,0.988,True,37.47,402.51,2024-03-03T17:23:30
7008,LOT008,LOT008-W01,1,9,copper,M3,1.4388,True,37.47,402.51,2024-03-03T17:24:00
7009,LOT008,LOT008-W01,1,10,tungsten,M1,1.1674,True,37.47,402.51,2024-03-03T17:24:30
7010,LOT008,LOT008-W01,2,1,copper,M4,1.7217,True,37.47,402.51,2024-03-03T17:25:00
7011,LOT008,LOT008-W01,2,2,copper,M2,1.1152,True,37.47,402.51,2024-03-03T17:25:30
7012,LOT008,LOT008-W01,2,3,tungsten,M1,1.0051,True,37.47,402.51,2024-03-03T17:26:00
7013,LOT008,LOT008-W01,2,4,copper,M4,1.6349,True,37.47,402.51,2024-03-03T17:26:30
7014,LOT008,LOT008-W01,2,5,tungsten,M2,1.3909,True,37.47,402.51,2024-03-03T17:27:00
7015,LOT008,LOT008-W01,2,6,copper,M1,0.7768,True,37.47,402.51,2024-03-03T17:27:30
7016,LOT008,LOT008-W01,2,7,copper,M1,0.773,True,37.47,402.51,2024-03-03T17:28:00
7017,LOT008,LOT008-W01,2,8,copper,M3,1.3811,True,37.47,402.51,2024-03-03T17:28:30
7018,LOT008,LOT008-W01,2,9,copper,M3,1.3131,True,37.47,402.51,2024-03-03T17:29:00
7019,LOT008,LOT008-W01,2,10,copper,M4,1.6299,True,37.47,402.51,2024-03-03T17:29:30
7020,LOT008,LOT008-W01,3,1,copper,M4,1.6718,True,37.47,402.51,2024-03-03T17:30:00
7021,LOT008,LOT008-W01,3,2,copper,M2,1.1369,True,37.47,402.51,2024-03-03T17:30:30
7022,LOT008,LOT008-W01,3,3,copper,M2,1.0513,True,37.47,402.51,2024-03-03T17:31:00
7023,LOT008,LOT008-W01,3,4,copper,M3,1.5449,True,37.47,402.51,2024-03-03T17:31:30
7024,LOT008,LOT008-W01,3,5,tungsten,M2,1.4615,True,37.47,402.51,2024-03-03T17:32:00
7025,LOT008,LOT008-W01,3,6,tungsten,M2,1.5298,True,37.47,402.51,2024-03-03T17:32:30
7026,LOT008,LOT008-W01,3,7,tungsten,M2,1.411,False,37.47,402.51,2024-03-03T17:33:00
7027,LOT008,LOT008-W01,3,8,tungsten,M3,1.8417,True,37.47,402.51,2024-03-03T17:33:30
7028,LOT008,LOT008-W01,3,9,tungsten,M4,2.1479,True,37.47,402.51,2024-03-03T17:34:00
7029,LOT008,LOT008-W01,3,10,tungsten,M2,1.3533,True,37.47,402.51,2024-03-03T17:34:30
7030,LOT008,LOT008-W01,4,1,tungsten,M1,1.0199,True,37.47,402.51,2024-03-03T17:35:00
7031,LOT008,LOT008-W01,4,2,copper,M4,1.6648,True,37.47,402.51,2024-03-03T17:35:30
7032,LOT008,LOT008-W01,4,3,tungsten,M3,1.8186,True,37.47,402.51,2024-03-03T17:36:00
7033,LOT008,LOT008-W01,4,4,copper,M4,1.7271,True,37.47,402.51,2024-03-03T17:36:30
7034,LOT008,LOT008-W01,4,5,copper,M4,1.5999,True,37.47,402.51,2024-03-03T17:37:00
7035,LOT008,LOT008-W01,4,6,tungsten,M2,1.4717,True,37.47,402.51,2024-03-03T17:37:30
7036,LOT008,LOT008-W01,4,7,copper,M1,0.7824,True,37.47,402.51,2024-03-03T17:38:00
7037,LOT008,LOT008-W01,4,8,tungsten,M4,2.211,True,37.47,402.51,2024-03-03T17:38:30
7038,LOT008,LOT008-W01,4,9,tungsten,M4,2.1684,True,37.47,402.51,2024-03-03T17:39:00
7039,LOT008,LOT008-W01,4,10,tungsten,M2,1.3282,True,37.47,402.51,2024-03-03T17:39:30
7040,LOT008,LOT008-W01,5,1,tungsten,M2,1.4188,True,37.47,402.51,2024-03-03T17:40:00
7041,LOT008,LOT008-W01,5,2,copper,M2,1.0914,True,37.47,402.51,2024-03-03T17:40:30
7042,LOT008,LOT008-W01,5,3,tungsten,M2,1.4478,True,37.47,402.51,2024-03-03T17:41:00
7043,LOT008,LOT008-W01,5,4,tungsten,M1,1.0138,True,37.47,402.51,2024-03-03T17:41:30
7044,LOT008,LOT008-W01,5,5,tungsten,M1,0.962,True,37.47,402.51,2024-03-03T17:42:00
7045,LOT008,LOT008-W01,5,6,tungsten,M3,1.8837,True,37.47,402.51,2024-03-03T17:42:30
7046,LOT008,LOT008-W01,5,7,copper,M4,1.6557,True,37.47,402.51,2024-03-03T17:43:00
7047,LOT008,LOT008-W01,5,8,copper,M4,1.551,True,37.47,402.51,2024-03-03T17:43:30
7048,LOT008,LOT008-W01,5,9,copper,M3,1.3676,True,37.47,402.51,2024-03-03T17:44:00
7049,LOT008,LOT008-W01,5,10,tungsten,M2,1.3588,True,37.47,402.51,2024-03-03T17:44:30
7050,LOT008,LOT008-W01,6,1,tungsten,M3,1.7575,True,37.47,402.51,2024-03-03T17:45:00
7051,LOT008,LOT008-W01,6,2,copper,M4,1.6799,True,37.47,402.51,2024-03-03T17:45:30
7052,LOT008,LOT008-W01,6,3,tungsten,M4,2.0459,True,37.47,402.51,2024-03-03T17:46:00
7053,LOT008,LOT008-W01,6,4,tungsten,M4,2.0463,True,37.47,402.51,2024-03-03T17:46:30
7054,LOT008,LOT008-W01,6,5,tungsten,M1,0.9952,True,37.47,402.51,2024-03-03T17:47:00
7055,LOT008,LOT008-W01,6,6,copper,M1,0.7654,True,37.47,402.51,2024-03-03T17:47:30
7056,LOT008,LOT008-W01,6,7,copper,M3,1.4132,True,37.47,402.51,2024-03-03T17:48:00
7057,LOT008,LOT008-W01,6,8,tungsten,M1,1.0448,True,37.47,402.51,2024-03-03T17:48:30
7058,LOT008,LOT008-W01,6,9,copper,M4,1.6942,True,37.47,402.51,2024-03-03T17:49:00
7059,LOT008,LOT008-W01,6,10,copper,M2,1.1561,True,37.47,402.51,2024-03-03T17:49:30
7060,LOT008,LOT008-W01,7,1,copper,M2,1.136,True,37.47,402.51,2024-03-03T17:50:00
7061,LOT008,LOT008-W01,7,2,copper,M4,1.8075,True,37.47,402.51,2024-03-03T17:50:30
7062,LOT008,LOT008-W01,7,3,copper,M1,0.6782,True,37.47,402.51,2024-03-03T17:51:00
7063,LOT008,LOT008-W01,7,4,tungsten,M2,1.4362,True,37.47,402.51,2024-03-03T17:51:30
7064,LOT008,LOT008-W01,7,5,tungsten,M3,1.7631,True,37.47,402.51,2024-03-03T17:52:00
7065,LOT008,LOT008-W01,7,6,tungsten,M1,1.0161,True,37.47,402.51,2024-03-03T17:52:30
7066,LOT008,LOT008-W01,7,7,copper,M3,1.3015,True,37.47,402.51,2024-03-03T17:53:00
7067,LOT008,LOT008-W01,7,8,tungsten,M1,0.949,True,37.47,402.51,2024-03-03T17:53:30
7068,LOT008,LOT008-W01,7,9,copper,M2,1.1649,True,37.47,402.51,2024-03-03T17:54:00
7069,LOT008,LOT008-W01,7,10,tungsten,M2,1.4367,True,37.47,402.51,2024-03-03T17:54:30
7070,LOT008,LOT008-W01,8,1,tungsten,M3,1.8239,True,37.47,402.51,2024-03-03T17:55:00
7071,LOT008,LOT008-W01,8,2,tungsten,M1,1.0233,True,37.47,402.51,2024-03-03T17:55:30
7072,LOT008,LOT008-W01,8,3,copper,M3,1.3851,True,37.47,402.51,2024-03-03T17:56:00
7073,LOT008,LOT008-W01,8,4,tungsten,M4,2.163,True,37.47,402.51,2024-03-03T17:56:30
7074,LOT008,LOT008-W01,8,5,copper,M3,1.3579,True,37.47,402.51,2024-03-03T17:57:00
7075,LOT008,LOT008-W01,8,6,copper,M3,1.3569,False,37.47,402.51,2024-03-03T17:57:30
7076,LOT008,LOT008-W01,8,7,tungsten,M4,2.1004,True,37.47,402.51,2024-03-03T17:58:00
7077,LOT008,LOT008-W01,8,8,copper,M4,1.7229,True,37.47,402.51,2024-03-03T17:58:30
7078,LOT008,LOT008-W01,8,9,tungsten,M3,1.9042,True,37.47,402.51,2024-03-03T17:59:00
7079,LOT008,LOT008-W01,8,10,tungsten,M4,2.0844,True,37.47,402.51,2024-03-03T17:59:30
7080,LOT008,LOT008-W01,9,1,tungsten,M3,1.8036,True,37.47,402.51,2024-03-03T18:00:00
7081,LOT008,LOT008-W01,9,2,tungsten,M1,0.9814,True,37.47,402.51,2024-03-03T18:00:30
7082,LOT008,LOT008-W01,9,3,tungsten,M4,2.1691,True,37.47,402.51,2024-03-03T18:01:00
7083,LOT008,LOT008-W01,9,4,copper,M1,0.8705,True,37.47,402.51,2024-03-03T18:01:30
7084,LOT008,LOT008-W01,9,5,tungsten,M2,1.3484,True,37.47,402.51,2024-03-03T18:02:00
7085,LOT008,LOT008-W01,9,6,tungsten,M2,1.3768,True,37.47,402.51,2024-03-03T18:02:30
7086,LOT008,LOT008-W01,9,7,copper,M4,1.6787,True,37.47,402.51,2024-03-03T18:03:00
7087,LOT008,LOT008-W01,9,8,copper,M1,0.8112,True,37.47,402.51,2024-03-03T18:03:30
7088,LOT008,LOT008-W01,9,9,copper,M4,1.6409,True,37.47,402.51,2024-03-03T18:04:00
7089,LOT008,LOT008-W01,9,10,copper,M1,0.812,True,37.47,402.51,2024-03-03T18:04:30
7090,LOT008,LOT008-W01,10,1,copper,M3,1.495,True,37.47,402.51,2024-03-03T18:05:00
7091,LOT008,LOT008-W01,10,2,copper,M3,1.43,True,37.47,402.51,2024-03-03T18:05:30
7092,LOT008,LOT008-W01,10,3,tungsten,M3,1.8382,True,37.47,402.51,2024-03-03T18:06:00
7093,LOT008,LOT008-W01,10,4,tungsten,M2,1.3245,True,37.47,402.51,2024-03-03T18:06:30
7094,LOT008,LOT008-W01,10,5,copper,M1,0.7145,True,37.47,402.51,2024-03-03T18:07:00
7095,LOT008,LOT008-W01,10,6,tungsten,M3,1.9477,True,37.47,402.51,2024-03-03T18:07:30
7096,LOT008,LOT008-W01,10,7,tungsten,M3,1.7705,True,37.47,402.51,2024-03-03T18:08:00
7097,LOT008,LOT008-W01,10,8,copper,M1,0.7627,True,37.47,402.51,2024-03-03T18:08:30
7098,LOT008,LOT008-W01,10,9,tungsten,M1,1.0216,True,37.47,402.51,2024-03-03T18:09:00
7099,LOT008,LOT008-W01,10,10,tungsten,M3,1.9755,True,37.47,402.51,2024-03-03T18:09:30
7100,LOT008,LOT008-W01,11,1,tungsten,M3,1.6752,True,37.47,402.51,2024-03-03T18:10:00
7101,LOT008,LOT008-W01,11,2,copper,M3,1.3491,True,37.47,402.51,2024-03-03T18:10:30
7102,LOT008,LOT008-W01,11,3,tungsten,M2,1.4209,True,37.47,402.51,2024-03-03T18:11:00
7103,LOT008,LOT008-W01,11,4,copper,M4,1.6702,True,37.47,402.51,2024-03-03T18:11:30
7104,LOT008,LOT008-W01,11,5,tungsten,M4,1.898,True,37.47,402.51,2024-03-03T18:12:00
7105,LOT008,LOT008-W01,11,6,copper,M3,1.3763,True,37.47,402.51,2024-03-03T18:12:30
7106,LOT008,LOT008-W01,11,7,copper,M3,1.4195,True,37.47,402.51,2024-03-03T18:13:00
7107,LOT008,LOT008-W01,11,8,tungsten,M3,1.8368,True,37.47,402.51,2024-03-03T18:13:30
7108,LOT008,LOT008-W01,11,9,copper,M2,1.1001,True,37.47,402.51,2024-03-03T18:14:00
7109,LOT008,LOT008-W01,11,10,copper,M1,0.8108,True,37.47,402.51,2024-03-03T18:14:30
7110,LOT008,LOT008-W01,12,1,tungsten,M1,1.1335,True,37.47,402.51,2024-03-03T18:15:00
7111,LOT008,LOT008-W01,12,2,tungsten,M3,1.9158,True,37.47,402.51,2024-03-03T18:15:30
7112,LOT008,LOT008-W01,12,3,copper,M3,1.335,True,37.47,402.51,2024-03-03T18:16:00
7113,LOT008,LOT008-W01,12,4,tungsten,M1,0.987,True,37.47,402.51,2024-03-03T18:16:30
7114,LOT008,LOT008-W01,12,5,tungsten,M1,0.922,True,37.47,402.51,2024-03-03T18:17:00
7115,LOT008,LOT008-W01,12,6,copper,M3,1.4584,True,37.47,402.51,2024-03-03T18:17:30
7116,LOT008,LOT008-W01,12,7,copper,M4,1.6588,True,37.47,402.51,2024-03-03T18:18:00
7117,LOT008,LOT008-W01,12,8,copper,M1,0.8146,True,37.47,402.51,2024-03-03T18:18:30
7118,LOT008,LOT008-W01,12,9,copper,M3,1.3384,True,37.47,402.51,2024-03-03T18:19:00
7119,LOT008,LOT008-W01,12,10,copper,M1,0.7481,True,37.47,402.51,2024-03-03T18:19:30
7120,LOT008,LOT008-W01,13,1,tungsten,M2,1.2898,True,37.47,402.51,2024-03-03T18:20:00
7121,LOT008,LOT008-W01,13,2,tungsten,M4,1.9443,True,37.47,402.51,2024-03-03T18:20:30
7122,LOT008,LOT008-W01,13,3,tungsten,M1,1.0173,True,37.47,402.51,2024-03-03T18:21:00
7123,LOT008,LOT008-W01,13,4,tungsten,M2,1.3545,True,37.47,402.51,2024-03-03T18:21:30
7124,LOT008,LOT008-W01,13,5,copper,M4,1.716,True,37.47,402.51,2024-03-03T18:22:00
7125,LOT008,LOT008-W01,13,6,copper,M2,1.1289,True,37.47,402.51,2024-03-03T18:22:30
7126,LOT008,LOT008-W01,13,7,tungsten,M1,0.9239,True,37.47,402.51,2024-03-03T18:23:00
7127,LOT008,LOT008-W01,13,8,tungsten,M4,2.3937,True,37.47,402.51,2024-03-03T18:23:30
7128,LOT008,LOT008-W01,13,9,copper,M3,1.4426,True,37.47,402.51,2024-03-03T18:24:00
7129,LOT008,LOT008-W01,13,10,tungsten,M3,1.7424,True,37.47,402.51,2024-03-03T18:24:30
7130,LOT008,LOT008-W01,14,1,copper,M2,1.1385,True,37.47,402.51,2024-03-03T18:25:00
7131,LOT008,LOT008-W01,14,2,copper,M3,1.5184,True,37.47,402.51,2024-03-03T18:25:30
7132,LOT008,LOT008-W01,14,3,copper,M2,1.1315,True,37.47,402.51,2024-03-03T18:26:00
7133,LOT008,LOT008-W01,14,4,copper,M1,0.7677,True,37.47,402.51,2024-03-03T18:26:30
7134,LOT008,LOT008-W01,14,5,copper,M4,1.5917,True,37.47,402.51,2024-03-03T18:27:00
7135,LOT008,LOT008-W01,14,6,tungsten,M1,1.0035,True,37.47,402.51,2024-03-03T18:27:30
7136,LOT008,LOT008-W01,14,7,tungsten,M3,1.6951,True,37.47,402.51,2024-03-03T18:28:00
7137,LOT008,LOT008-W01,14,8,tungsten,M1,1.0809,True,37.47,402.51,2024-03-03T18:28:30
7138,LOT008,LOT008-W01,14,9,tungsten,M1,1.0707,True,37.47,402.51,2024-03-03T18:29:00
7139,LOT008,LOT008-W01,14,10,copper,M3,1.4238,True,37.47,402.51,2024-03-03T18:29:30
7140,LOT008,LOT008-W01,15,1,tungsten,M3,1.6611,True,37.47,402.51,2024-03-03T18:30:00
7141,LOT008,LOT008-W01,15,2,tungsten,M4,2.223,True,37.47,402.51,2024-03-03T18:30:30
7142,LOT008,LOT008-W01,15,3,tungsten,M2,1.4274,True,37.47,402.51,2024-03-03T18:31:00
7143,LOT008,LOT008-W01,15,4,copper,M1,0.8079,True,37.47,402.51,2024-03-03T18:31:30
7144,LOT008,LOT008-W01,15,5,tungsten,M3,1.8493,True,37.47,402.51,2024-03-03T18:32:00
7145,LOT008,LOT008-W01,15,6,tungsten,M4,2.1143,True,37.47,402.51,2024-03-03T18:32:30
7146,LOT008,LOT008-W01,15,7,tungsten,M3,1.8696,True,37.47,402.51,2024-03-03T18:33:00
7147,LOT008,LOT008-W01,15,8,tungsten,M1,1.0598,True,37.47,402.51,2024-03-03T18:33:30
7148,LOT008,LOT008-W01,15,9,copper,M1,0.8945,True,37.47,402.51,2024-03-03T18:34:00
7149,LOT008,LOT008-W01,15,10,tungsten,M4,2.0406,True,37.47,402.51,2024-03-03T18:34:30
7150,LOT008,LOT008-W01,16,1,copper,M3,1.3299,True,37.47,402.51,2024-03-03T18:35:00
7151,LOT008,LOT008-W01,16,2,tungsten,M3,1.6487,True,37.47,402.51,2024-03-03T18:35:30
7152,LOT008,LOT008-W01,16,3,tungsten,M1,0.9983,True,37.47,402.51,2024-03-03T18:36:00
7153,LOT008,LOT008-W01,16,4,copper,M1,0.8222,True,37.47,402.51,2024-03-03T18:36:30
7154,LOT008,LOT008-W01,16,5,copper,M2,1.1187,True,37.47,402.51,2024-03-03T18:37:00
7155,LOT008,LOT008-W01,16,6,copper,M2,1.0712,True,37.47,402.51,2024-03-03T18:37:30
7156,LOT008,LOT008-W01,16,7,tungsten,M1,1.0312,True,37.47,402.51,2024-03-03T18:38:00
7157,LOT008,LOT008-W01,16,8,tungsten,M4,2.0832,True,37.47,402.51,2024-03-03T18:38:30
7158,LOT008,LOT008-W01,16,9,copper,M4,1.5931,False,37.47,402.51,2024-03-03T18:39:00
7159,LOT008,LOT008-W01,16,10,tungsten,M2,1.3913,True,37.47,402.51,2024-03-03T18:39:30
7160,LOT008,LOT008-W01,17,1,copper,M3,1.4398,True,37.47,402.51,2024-03-03T18:40:00
7161,LOT008,LOT008-W01,17,2,copper,M2,1.0259,True,37.47,402.51,2024-03-03T18:40:30
7162,LOT008,LOT008-W01,17,3,copper,M2,1.1901,True,37.47,402.51,2024-03-03T18:41:00
7163,LOT008,LOT008-W01,17,4,copper,M3,1.3225,True,37.47,402.51,2024-03-03T18:41:30
7164,LOT008,LOT008-W01,17,5,copper,M1,0.8348,True,37.47,402.51,2024-03-03T18:42:00
7165,LOT008,LOT008-W01,17,6,copper,M3,1.4076,True,37.47,402.51,2024-03-03T18:42:30
7166,LOT008,LOT008-W01,17,7,tungsten,M3,1.7566,True,37.47,402.51,2024-03-03T18:43:00
7167,LOT008,LOT008-W01,17,8,tungsten,M2,1.4162,True,37.47,402.51,2024-03-03T18:43:30
7168,LOT008,LOT008-W01,17,9,copper,M2,1.088,True,37.47,402.51,2024-03-03T18:44:00
7169,LOT008,LOT008-W01,17,10,copper,M3,1.3899,True,37.47,402.51,2024-03-03T18:44:30
7170,LOT008,LOT008-W01,18,1,tungsten,M3,1.7886,True,37.47,402.51,2024-03-03T18:45:00
7171,LOT008,LOT008-W01,18,2,copper,M2,1.1544,True,37.47,402.51,2024-03-03T18:45:30
7172,LOT008,LOT008-W01,18,3,copper,M3,1.499,True,37.47,402.51,2024-03-03T18:46:00
7173,LOT008,LOT008-W01,18,4,tungsten,M4,2.2691,True,37.47,402.51,2024-03-03T18:46:30
7174,LOT008,LOT008-W01,18,5,copper,M1,0.7138,True,37.47,402.51,2024-03-03T18:47:00
7175,LOT008,LOT008-W01,18,6,copper,M4,1.7349,True,37.47,402.51,2024-03-03T18:47:30
7176,LOT008,LOT008-W01,18,7,tungsten,M1,0.9719,True,37.47,402.51,2024-03-03T18:48:00
7177,LOT008,LOT008-W01,18,8,copper,M2,1.0595,True,37.47,402.51,2024-03-03T18:48:30
7178,LOT008,LOT008-W01,18,9,copper,M3,1.325,True,37.47,402.51,2024-03-03T18:49:00
7179,LOT008,LOT008-W01,18,10,tungsten,M2,1.5052,True,37.47,402.51,2024-03-03T18:49:30
7180,LOT008,LOT008-W01,19,1,tungsten,M4,2.0484,True,37.47,402.51,2024-03-03T18:50:00
7181,LOT008,LOT008-W01,19,2,tungsten,M1,1.0429,True,37.47,402.51,2024-03-03T18:50:30
7182,LOT008,LOT008-W01,19,3,copper,M1,0.8245,True,37.47,402.51,2024-03-03T18:51:00
7183,LOT008,LOT008-W01,19,4,copper,M1,0.7827,True,37.47,402.51,2024-03-03T18:51:30
7184,LOT008,LOT008-W01,19,5,copper,M2,1.0668,True,37.47,402.51,2024-03-03T18:52:00
7185,LOT008,LOT008-W01,19,6,tungsten,M4,2.0204,True,37.47,402.51,2024-03-03T18:52:30
7186,LOT008,LOT008-W01,19,7,copper,M1,0.8068,False,37.47,402.51,2024-03-03T18:53:00
7187,LOT008,LOT008-W01,19,8,tungsten,M4,2.074,True,37.47,402.51,2024-03-03T18:53:30
7188,LOT008,LOT008-W01,19,9,tungsten,M4,2.1394,True,37.47,402.51,2024-03-03T18:54:00
7189,LOT008,LOT008-W01,19,10,copper,M3,1.3609,True,37.47,402.51,2024-03-03T18:54:30
7190,LOT008,LOT008-W01,20,1,copper,M3,1.3147,True,37.47,402.51,2024-03-03T18:55:00
7191,LOT008,LOT008-W01,20,2,tungsten,M1,0.9678,True,37.47,402.51,2024-03-03T18:55:30
7192,LOT008,LOT008-W01,20,3,tungsten,M2,1.322,True,37.47,402.51,2024-03-03T18:56:00
7193,LOT008,LOT008-W01,20,4,tungsten,M3,1.7753,True,37.47,402.51,2024-03-03T18:56:30
7194,LOT008,LOT008-W01,20,5,tungsten,M1,0.9377,True,37.47,402.51,2024-03-03T18:57:00
7195,LOT008,LOT008-W01,20,6,tungsten,M4,2.3733,True,37.47,402.51,2024-03-03T18:57:30
7196,LOT008,LOT008-W01,20,7,tungsten,M1,0.9734,True,37.47,402.51,2024-03-03T18:58:00
7197,LOT008,LOT008-W01,20,8,copper,M2,1.082,True,37.47,402.51,2024-03-03T18:58:30
7198,LOT008,LOT008-W01,20,9,tungsten,M3,1.7469,True,37.47,402.51,2024-03-03T18:59:00
7199,LOT008,LOT008-W01,20,10,copper,M1,0.7087,True,37.47,402.51,2024-03-03T18:59:30
7200,LOT008,LOT008-W02,1,1,tungsten,M2,1.627,True,37.81,441.93,2024-03-03T19:00:00
7201,LOT008,LOT008-W02,1,2,tungsten,M1,1.1877,True,37.81,441.93,2024-03-03T19:00:30
7202,LOT008,LOT008-W02,1,3,tungsten,M2,1.7244,True,37.81,441.93,2024-03-03T19:01:00
7203,LOT008,LOT008-W02,1,4,copper,M4,1.652,True,37.81,441.93,2024-03-03T19:01:30
7204,LOT008,LOT008-W02,1,5,tungsten,M1,1.2168,True,37.81,441.93,2024-03-03T19:02:00
7205,LOT008,LOT008-W02,1,6,copper,M1,0.8765,True,37.81,441.93,2024-03-03T19:02:30
7206,LOT008,LOT008-W02,1,7,copper,M4,1.7424,True,37.81,441.93,2024-03-03T19:03:00
7207,LOT008,LOT008-W02,1,8,tungsten,M3,1.9946,True,37.81,441.93,2024-03-03T19:03:30
7208,LOT008,LOT008-W02,1,9,copper,M2,0.9943,True,37.81,441.93,2024-03-03T19:04:00
7209,LOT008,LOT008-W02,1,10,tungsten,M4,2.4655,True,37.81,441.93,2024-03-03T19:04:30
7210,LOT008,LOT008-W02,2,1,copper,M1,0.7646,True,37.81,441.93,2024-03-03T19:05:00
7211,LOT008,LOT008-W02,2,2,tungsten,M3,2.1587,True,37.81,441.93,2024-03-03T19:05:30
7212,LOT008,LOT008-W02,2,3,copper,M1,0.8482,True,37.81,441.93,2024-03-03T19:06:00
7213,LOT008,LOT008-W02,2,4,copper,M2,1.1346,True,37.81,441.93,2024-03-03T19:06:30
7214,LOT008,LOT008-W02,2,5,tungsten,M4,2.4223,True,37.81,441.93,2024-03-03T19:07:00
7215,LOT008,LOT008-W02,2,6,copper,M1,0.7552,True,37.81,441.93,2024-03-03T19:07:30
7216,LOT008,LOT008-W02,2,7,copper,M3,1.3854,True,37.81,441.93,2024-03-03T19:08:00
7217,LOT008,LOT008-W02,2,8,copper,M2,1.0829,True,37.81,441.93,2024-03-03T19:08:30
7218,LOT008,LOT008-W02,2,9,copper,M2,1.2014,True,37.81,441.93,2024-03-03T19:09:00
7219,LOT008,LOT008-W02,2,10,tungsten,M3,2.1218,True,37.81,441.93,2024-03-03T19:09:30
7220,LOT008,LOT008-W02,3,1,copper,M4,1.6342,True,37.81,441.93,2024-03-03T19:10:00
7221,LOT008,LOT008-W02,3,2,copper,M3,1.2844,True,37.81,441.93,2024-03-03T19:10:30
7222,LOT008,LOT008-W02,3,3,copper,M3,1.3377,True,37.81,441.93,2024-03-03T19:11:00
7223,LOT008,LOT008-W02,3,4,tungsten,M1,1.2082,True,37.81,441.93,2024-03-03T19:11:30
7224,LOT008,LOT008-W02,3,5,copper,M3,1.369,True,37.81,441.93,2024-03-03T19:12:00
7225,LOT008,LOT008-W02,3,6,tungsten,M4,2.604,True,37.81,441.93,2024-03-03T19:12:30
7226,LOT008,LOT008-W02,3,7,copper,M2,1.1091,True,37.81,441.93,2024-03-03T19:13:00
7227,LOT008,LOT008-W02,3,8,copper,M2,1.1056,True,37.81,441.93,2024-03-03T19:13:30
7228,LOT008,LOT008-W02,3,9,tungsten,M2,1.8375,True,37.81,441.93,2024-03-03T19:14:00
7229,LOT008,LOT008-W02,3,10,copper,M2,1.0769,True,37.81,441.93,2024-03-03T19:14:30
7230,LOT008,LOT008-W02,4,1,tungsten,M1,1.2182,True,37.81,441.93,2024-03-03T19:15:00
7231,LOT008,LOT008-W02,4,2,copper,M1,0.7874,True,37.81,441.93,2024-03-03T19:15:30
7232,LOT008,LOT008-W02,4,3,copper,M2,1.1466,True,37.81,441.93,2024-03-03T19:16:00
7233,LOT008,LOT008-W02,4,4,copper,M1,0.8101,True,37.81,441.93,2024-03-03T19:16:30
7234,LOT008,LOT008-W02,4,5,copper,M2,1.0292,True,37.81,441.93,2024-03-03T19:17:00
7235,LOT008,LOT008-W02,4,6,tungsten,M1,1.2217,True,37.81,441.93,2024-03-03T19:17:30
7236,LOT008,LOT008-W02,4,7,tungsten,M1,1.2033,True,37.81,441.93,2024-03-03T19:18:00
7237,LOT008,LOT008-W02,4,8,copper,M4,1.6468,True,37.81,441.93,2024-03-03T19:18:30
7238,LOT008,LOT008-W02,4,9,tungsten,M1,1.2219,True,37.81,441.93,2024-03-03T19:19:00
7239,LOT008,LOT008-W02,4,10,tungsten,M1,1.1853,True,37.81,441.93,2024-03-03T19:19:30
7240,LOT008,LOT008-W02,5,1,copper,M2,1.0776,True,37.81,441.93,2024-03-03T19:20:00
7241,LOT008,LOT008-W02,5,2,copper,M4,1.6173,True,37.81,441.93,2024-03-03T19:20:30
7242,LOT008,LOT008-W02,5,3,copper,M4,1.7424,True,37.81,441.93,2024-03-03T19:21:00
7243,LOT008,LOT008-W02,5,4,tungsten,M3,2.3906,True,37.81,441.93,2024-03-03T19:21:30
7244,LOT008,LOT008-W02,5,5,copper,M2,1.1449,True,37.81,441.93,2024-03-03T19:22:00
7245,LOT008,LOT008-W02,5,6,copper,M4,1.7412,True,37.81,441.93,2024-03-03T19:22:30
7246,LOT008,LOT008-W02,5,7,copper,M4,1.7785,True,37.81,441.93,2024-03-03T19:23:00
7247,LOT008,LOT008-W02,5,8,copper,M1,0.8098,True,37.81,441.93,2024-03-03T19:23:30
7248,LOT008,LOT008-W02,5,9,tungsten,M4,2.5631,True,37.81,441.93,2024-03-03T19:24:00
7249,LOT008,LOT008-W02,5,10,copper,M1,0.7359,True,37.81,441.93,2024-03-03T19:24:30
7250,LOT008,LOT008-W02,6,1,copper,M2,1.0427,True,37.81,441.93,2024-03-03T19:25:00
7251,LOT008,LOT008-W02,6,2,tungsten,M2,1.725,True,37.81,441.93,2024-03-03T19:25:30
7252,LOT008,LOT008-W02,6,3,copper,M1,0.8359,True,37.81,441.93,2024-03-03T19:26:00
7253,LOT008,LOT008-W02,6,4,copper,M2,1.1319,True,37.81,441.93,2024-03-03T19:26:30
7254,LOT008,LOT008-W02,6,5,tungsten,M3,2.0993,True,37.81,441.93,2024-03-03T19:27:00
7255,LOT008,LOT008-W02,6,6,copper,M3,1.4245,True,37.81,441.93,2024-03-03T19:27:30
7256,LOT008,LOT008-W02,6,7,tungsten,M4,2.7305,True,37.81,441.93,2024-03-03T19:28:00
7257,LOT008,LOT008-W02,6,8,copper,M2,1.0387,True,37.81,441.93,2024-03-03T19:28:30
7258,LOT008,LOT008-W02,6,9,tungsten,M4,2.5646,True,37.81,441.93,2024-03-03T19:29:00
7259,LOT008,LOT008-W02,6,10,copper,M2,1.104,True,37.81,441.93,2024-03-03T19:29:30
7260,LOT008,LOT008-W02,7,1,tungsten,M3,2.0821,True,37.81,441.93,2024-03-03T19:30:00
7261,LOT008,LOT008-W02,7,2,copper,M3,1.2767,True,37.81,441.93,2024-03-03T19:30:30
7262,LOT008,LOT008-W02,7,3,tungsten,M2,1.6272,True,37.81,441.93,2024-03-03T19:31:00
7263,LOT008,LOT008-W02,7,4,copper,M3,1.4525,True,37.81,441.93,2024-03-03T19:31:30
7264,LOT008,LOT008-W02,7,5,copper,M3,1.4108,True,37.81,441.93,2024-03-03T19:32:00
7265,LOT008,LOT008-W02,7,6,tungsten,M3,2.2306,True,37.81,441.93,2024-03-03T19:32:30
7266,LOT008,LOT008-W02,7,7,tungsten,M3,2.2415,True,37.81,441.93,2024-03-03T19:33:00
7267,LOT008,LOT008-W02,7,8,copper,M1,0.7755,True,37.81,441.93,2024-03-03T19:33:30
7268,LOT008,LOT008-W02,7,9,copper,M4,1.6079,True,37.81,441.93,2024-03-03T19:34:00
7269,LOT008,LOT008-W02,7,10,tungsten,M2,1.7311,True,37.81,441.93,2024-03-03T19:34:30
7270,LOT008,LOT008-W02,8,1,copper,M1,0.7738,True,37.81,441.93,2024-03-03T19:35:00
7271,LOT008,LOT008-W02,8,2,copper,M1,0.8182,True,37.81,441.93,2024-03-03T19:35:30
7272,LOT008,LOT008-W02,8,3,tungsten,M2,1.706,True,37.81,441.93,2024-03-03T19:36:00
7273,LOT008,LOT008-W02,8,4,tungsten,M1,1.1957,True,37.81,441.93,2024-03-03T19:36:30
7274,LOT008,LOT008-W02,8,5,copper,M4,1.683,True,37.81,441.93,2024-03-03T19:37:00
7275,LOT008,LOT008-W02,8,6,tungsten,M2,1.7713,True,37.81,441.93,2024-03-03T19:37:30
7276,LOT008,LOT008-W02,8,7,tungsten,M2,1.7631,True,37.81,441.93,2024-03-03T19:38:00
7277,LOT008,LOT008-W02,8,8,copper,M3,1.4791,True,37.81,441.93,2024-03-03T19:38:30
7278,LOT008,LOT008-W02,8,9,tungsten,M1,1.2236,True,37.81,441.93,2024-03-03T19:39:00
7279,LOT008,LOT008-W02,8,10,copper,M3,1.4441,True,37.81,441.93,2024-03-03T19:39:30
7280,LOT008,LOT008-W02,9,1,copper,M1,0.7722,True,37.81,441.93,2024-03-03T19:40:00
7281,LOT008,LOT008-W02,9,2,copper,M3,1.4301,False,37.81,441.93,2024-03-03T19:40:30
7282,LOT008,LOT008-W02,9,3,copper,M1,0.807,True,37.81,441.93,2024-03-03T19:41:00
7283,LOT008,LOT008-W02,9,4,tungsten,M1,1.156,True,37.81,441.93,2024-03-03T19:41:30
7284,LOT008,LOT008-W02,9,5,copper,M4,1.7406,True,37.81,441.93,2024-03-03T19:42:00
7285,LOT008,LOT008-W02,9,6,tungsten,M2,1.6542,True,37.81,441.93,2024-03-03T19:42:30
7286,LOT008,LOT008-W02,9,7,copper,M1,0.808,True,37.81,441.93,2024-03-03T19:43:00
7287,LOT008,LOT008-W02,9,8,copper,M2,1.0976,True,37.81,441.93,2024-03-03T19:43:30
7288,LOT008,LOT008-W02,9,9,copper,M2,1.1066,True,37.81,441.93,2024-03-03T19:44:00
7289,LOT008,LOT008-W02,9,10,copper,M4,1.6061,True,37.81,441.93,2024-03-03T19:44:30
7290,LOT008,LOT008-W02,10,1,copper,M1,0.7876,True,37.81,441.93,2024-03-03T19:45:00
7291,LOT008,LOT008-W02,10,2,copper,M2,1.0437,True,37.81,441.93,2024-03-03T19:45:30
7292,LOT008,LOT008-W02,10,3,copper,M3,1.4381,True,37.81,441.93,2024-03-03T19:46:00
7293,LOT008,LOT008-W02,10,4,copper,M3,1.2479,False,37.81,441.93,2024-03-03T19:46:30
7294,LOT008,LOT008-W02,10,5,copper,M2,1.0525,True,37.81,441.93,2024-03-03T19:47:00
7295,LOT008,LOT008-W02,10,6,tungsten,M4,2.5587,True,37.81,441.93,2024-03-03T19:47:30
7296,LOT008,LOT008-W02,10,7,copper,M3,1.4201,True,37.81,441.93,2024-03-03T19:48:00
7297,LOT008,LOT008-W02,10,8,tungsten,M1,1.2396,True,37.81,441.93,2024-03-03T19:48:30
7298,LOT008,LOT008-W02,10,9,copper,M2,1.1235,True,37.81,441.93,2024-03-03T19:49:00
7299,LOT008,LOT008-W02,10,10,tungsten,M3,2.2957,True,37.81,441.93,2024-03-03T19:49:30
7300,LOT008,LOT008-W02,11,1,tungsten,M3,2.2878,True,37.81,441.93,2024-03-03T19:50:00
7301,LOT008,LOT008-W02,11,2,copper,M4,1.5454,True,37.81,441.93,2024-03-03T19:50:30
7302,LOT008,LOT008-W02,11,3,tungsten,M4,2.576,True,37.81,441.93,2024-03-03T19:51:00
7303,LOT008,LOT008-W02,11,4,copper,M4,1.6681,True,37.81,441.93,2024-03-03T19:51:30
7304,LOT008,LOT008-W02,11,5,tungsten,M4,2.3591,True,37.81,441.93,2024-03-03T19:52:00
7305,LOT008,LOT008-W02,11,6,copper,M4,1.6325,True,37.81,441.93,2024-03-03T19:52:30
7306,LOT008,LOT008-W02,11,7,copper,M3,1.3659,True,37.81,441.93,2024-03-03T19:53:00
7307,LOT008,LOT008-W02,11,8,tungsten,M2,1.7823,True,37.81,441.93,2024-03-03T19:53:30
7308,LOT008,LOT008-W02,11,9,copper,M3,1.5989,True,37.81,441.93,2024-03-03T19:54:00
7309,LOT008,LOT008-W02,11,10,tungsten,M2,1.7159,True,37.81,441.93,2024-03-03T19:54:30
7310,LOT008,LOT008-W02,12,1,copper,M2,1.1921,True,37.81,441.93,2024-03-03T19:55:00
7311,LOT008,LOT008-W02,12,2,tungsten,M2,1.7305,True,37.81,441.93,2024-03-03T19:55:30
7312,LOT008,LOT008-W02,12,3,copper,M3,1.3312,True,37.81,441.93,2024-03-03T19:56:00
7313,LOT008,LOT008-W02,12,4,tungsten,M1,1.1608,True,37.81,441.93,2024-03-03T19:56:30
7314,LOT008,LOT008-W02,12,5,copper,M4,1.7356,True,37.81,441.93,2024-03-03T19:57:00
7315,LOT008,LOT008-W02,12,6,tungsten,M2,1.7535,True,37.81,441.93,2024-03-03T19:57:30
7316,LOT008,LOT008-W02,12,7,tungsten,M2,1.8065,True,37.81,441.93,2024-03-03T19:58:00
7317,LOT008,LOT008-W02,12,8,copper,M3,1.244,True,37.81,441.93,2024-03-03T19:58:30
7318,LOT008,LOT008-W02,12,9,tungsten,M1,1.2432,True,37.81,441.93,2024-03-03T19:59:00
7319,LOT008,LOT008-W02,12,10,copper,M2,1.0862,True,37.81,441.93,2024-03-03T19:59:30
7320,LOT008,LOT008-W02,13,1,tungsten,M1,1.2085,True,37.81,441.93,2024-03-03T20:00:00
7321,LOT008,LOT008-W02,13,2,tungsten,M1,1.2725,True,37.81,441.93,2024-03-03T20:00:30
7322,LOT008,LOT008-W02,13,3,copper,M2,1.2568,True,37.81,441.93,2024-03-03T20:01:00
7323,LOT008,LOT008-W02,13,4,copper,M4,1.6192,True,37.81,441.93,2024-03-03T20:01:30
7324,LOT008,LOT008-W02,13,5,copper,M4,1.614,True,37.81,441.93,2024-03-03T20:02:00
7325,LOT008,LOT008-W02,13,6,tungsten,M1,1.1786,True,37.81,441.93,2024-03-03T20:02:30
7326,LOT008,LOT008-W02,13,7,copper,M1,0.7983,True,37.81,441.93,2024-03-03T20:03:00
7327,LOT008,LOT008-W02,13,8,tungsten,M4,2.5617,True,37.81,441.93,2024-03-03T20:03:30
7328,LOT008,LOT008-W02,13,9,copper,M1,0.8026,True,37.81,441.93,2024-03-03T20:04:00
7329,LOT008,LOT008-W02,13,10,tungsten,M4,2.7241,True,37.81,441.93,2024-03-03T20:04:30
7330,LOT008,LOT008-W02,14,1,copper,M3,1.4905,True,37.81,441.93,2024-03-03T20:05:00
7331,LOT008,LOT008-W02,14,2,copper,M1,0.8166,True,37.81,441.93,2024-03-03T20:05:30
7332,LOT008,LOT008-W02,14,3,copper,M4,1.7784,True,37.81,441.93,2024-03-03T20:06:00
7333,LOT008,LOT008-W02,14,4,copper,M2,1.144,True,37.81,441.93,2024-03-03T20:06:30
7334,LOT008,LOT008-W02,14,5,copper,M3,1.3911,True,37.81,441.93,2024-03-03T20:07:00
7335,LOT008,LOT008-W02,14,6,copper,M3,1.3727,True,37.81,441.93,2024-03-03T20:07:30
7336,LOT008,LOT008-W02,14,7,tungsten,M1,1.2388,False,37.81,441.93,2024-03-03T20:08:00
7337,LOT008,LOT008-W02,14,8,copper,M1,0.8471,True,37.81,441.93,2024-03-03T20:08:30
7338,LOT008,LOT008-W02,14,9,copper,M4,1.7241,True,37.81,441.93,2024-03-03T20:09:00
7339,LOT008,LOT008-W02,14,10,tungsten,M4,2.595,True,37.81,441.93,2024-03-03T20:09:30
7340,LOT008,LOT008-W02,15,1,tungsten,M4,2.5843,True,37.81,441.93,2024-03-03T20:10:00
7341,LOT008,LOT008-W02,15,2,tungsten,M4,2.5442,True,37.81,441.93,2024-03-03T20:10:30
7342,LOT008,LOT008-W02,15,3,tungsten,M2,1.5997,True,37.81,441.93,2024-03-03T20:11:00
7343,LOT008,LOT008-W02,15,4,copper,M4,1.5247,True,37.81,441.93,2024-03-03T20:11:30
7344,LOT008,LOT008-W02,15,5,copper,M3,1.4123,True,37.81,441.93,2024-03-03T20:12:00
7345,LOT008,LOT008-W02,15,6,tungsten,M3,2.1689,True,37.81,441.93,2024-03-03T20:12:30
7346,LOT008,LOT008-W02,15,7,tungsten,M2,1.7023,True,37.81,441.93,2024-03-03T20:13:00
7347,LOT008,LOT008-W02,15,8,copper,M2,1.1589,True,37.81,441.93,2024-03-03T20:13:30
7348,LOT008,LOT008-W02,15,9,tungsten,M3,2.1567,True,37.81,441.93,2024-03-03T20:14:00
7349,LOT008,LOT008-W02,15,10,copper,M3,1.4324,False,37.81,441.93,2024-03-03T20:14:30
7350,LOT008,LOT008-W02,16,1,copper,M2,1.1033,True,37.81,441.93,2024-03-03T20:15:00
7351,LOT008,LOT008-W02,16,2,copper,M3,1.5145,True,37.81,441.93,2024-03-03T20:15:30
7352,LOT008,LOT008-W02,16,3,tungsten,M3,2.2352,False,37.81,441.93,2024-03-03T20:16:00
7353,LOT008,LOT008-W02,16,4,tungsten,M4,2.5214,True,37.81,441.93,2024-03-03T20:16:30
7354,LOT008,LOT008-W02,16,5,copper,M2,1.0503,True,37.81,441.93,2024-03-03T20:17:00
7355,LOT008,LOT008-W02,16,6,tungsten,M3,2.3088,True,37.81,441.93,2024-03-03T20:17:30
7356,LOT008,LOT008-W02,16,7,tungsten,M1,1.2335,True,37.81,441.93,2024-03-03T20:18:00
7357,LOT008,LOT008-W02,16,8,copper,M4,1.6447,True,37.81,441.93,2024-03-03T20:18:30
7358,LOT008,LOT008-W02,16,9,copper,M2,1.0301,True,37.81,441.93,2024-03-03T20:19:00
7359,LOT008,LOT008-W02,16,10,copper,M2,1.0362,True,37.81,441.93,2024-03-03T20:19:30
7360,LOT008,LOT008-W02,17,1,copper,M4,1.6931,False,37.81,441.93,2024-03-03T20:20:00
7361,LOT008,LOT008-W02,17,2,tungsten,M3,2.1348,True,37.81,441.93,2024-03-03T20:20:30
7362,LOT008,LOT008-W02,17,3,copper,M3,1.4898,True,37.81,441.93,2024-03-03T20:21:00
7363,LOT008,LOT008-W02,17,4,tungsten,M1,1.1993,True,37.81,441.93,2024-03-03T20:21:30
7364,LOT008,LOT008-W02,17,5,copper,M2,1.0671,True,37.81,441.93,2024-03-03T20:22:00
7365,LOT008,LOT008-W02,17,6,tungsten,M3,2.312,True,37.81,441.93,2024-03-03T20:22:30
7366,LOT008,LOT008-W02,17,7,copper,M2,1.1341,True,37.81,441.93,2024-03-03T20:23:00
7367,LOT008,LOT008-W02,17,8,copper,M4,1.5833,True,37.81,441.93,2024-03-03T20:23:30
7368,LOT008,LOT008-W02,17,9,tungsten,M3,2.1528,True,37.81,441.93,2024-03-03T20:24:00
7369,LOT008,LOT008-W02,17,10,copper,M1,0.8256,True,37.81,441.93,2024-03-03T20:24:30
7370,LOT008,LOT008-W02,18,1,copper,M3,1.3997,True,37.81,441.93,2024-03-03T20:25:00
7371,LOT008,LOT008-W02,18,2,tungsten,M3,2.2565,True,37.81,441.93,2024-03-03T20:25:30
7372,LOT008,LOT008-W02,18,3,tungsten,M1,1.2748,True,37.81,441.93,2024-03-03T20:26:00
7373,LOT008,LOT008-W02,18,4,copper,M1,0.8285,True,37.81,441.93,2024-03-03T20:26:30
7374,LOT008,LOT008-W02,18,5,copper,M1,0.7327,False,37.81,441.93,2024-03-03T20:27:00
7375,LOT008,LOT008-W02,18,6,tungsten,M4,2.4932,True,37.81,441.93,2024-03-03T20:27:30
7376,LOT008,LOT008-W02,18,7,tungsten,M2,1.8577,True,37.81,441.93,2024-03-03T20:28:00
7377,LOT008,LOT008-W02,18,8,tungsten,M3,2.1006,True,37.81,441.93,2024-03-03T20:28:30
7378,LOT008,LOT008-W02,18,9,copper,M3,1.4368,True,37.81,441.93,2024-03-03T20:29:00
7379,LOT008,LOT008-W02,18,10,tungsten,M1,1.2522,True,37.81,441.93,2024-03-03T20:29:30
7380,LOT008,LOT008-W02,19,1,copper,M2,1.161,True,37.81,441.93,2024-03-03T20:30:00
7381,LOT008,LOT008-W02,19,2,copper,M4,1.6877,True,37.81,441.93,2024-03-03T20:30:30
7382,LOT008,LOT008-W02,19,3,copper,M4,1.7087,True,37.81,441.93,2024-03-03T20:31:00
7383,LOT008,LOT008-W02,19,4,copper,M2,1.1053,True,37.81,441.93,2024-03-03T20:31:30
7384,LOT008,LOT008-W02,19,5,copper,M2,1.0412,True,37.81,441.93,2024-03-03T20:32:00
7385,LOT008,LOT008-W02,19,6,tungsten,M3,2.2125,True,37.81,441.93,2024-03-03T20:32:30
7386,LOT008,LOT008-W02,19,7,tungsten,M4,2.5083,True,37.81,441.93,2024-03-03T20:33:00
7387,LOT008,LOT008-W02,19,8,copper,M4,1.6947,True,37.81,441.93,2024-03-03T20:33:30
7388,LOT008,LOT008-W02,19,9,tungsten,M2,1.6899,True,37.81,441.93,2024-03-03T20:34:00
7389,LOT008,LOT008-W02,19,10,tungsten,M4,2.4162,True,37.81,441.93,2024-03-03T20:34:30
7390,LOT008,LOT008-W02,20,1,tungsten,M4,2.4869,True,37.81,441.93,2024-03-03T20:35:00
7391,LOT008,LOT008-W02,20,2,tungsten,M4,2.6639,True,37.81,441.93,2024-03-03T20:35:30
7392,LOT008,LOT008-W02,20,3,tungsten,M2,1.7832,True,37.81,441.93,2024-03-03T20:36:00
7393,LOT008,LOT008-W02,20,4,copper,M3,1.4194,True,37.81,441.93,2024-03-03T20:36:30
7394,LOT008,LOT008-W02,20,5,tungsten,M2,1.7579,True,37.81,441.93,2024-03-03T20:37:00
7395,LOT008,LOT008-W02,20,6,copper,M3,1.357,True,37.81,441.93,2024-03-03T20:37:30
7396,LOT008,LOT008-W02,20,7,tungsten,M1,1.2182,True,37.81,441.93,2024-03-03T20:38:00
7397,LOT008,LOT008-W02,20,8,copper,M1,0.7955,True,37.81,441.93,2024-03-03T20:38:30
7398,LOT008,LOT008-W02,20,9,copper,M4,1.745,True,37.81,441.93,2024-03-03T20:39:00
7399,LOT008,LOT008-W02,20,10,tungsten,M2,1.7498,True,37.81,441.93,2024-03-03T20:39:30
7400,LOT008,LOT008-W03,1,1,copper,M1,0.7924,True,38.11,415.77,2024-03-03T20:40:00
7401,LOT008,LOT008-W03,1,2,copper,M1,0.7898,True,38.11,415.77,2024-03-03T20:40:30
7402,LOT008,LOT008-W03,1,3,tungsten,M3,1.814,True,38.11,415.77,2024-03-03T20:41:00
7403,LOT008,LOT008-W03,1,4,tungsten,M1,0.9753,False,38.11,415.77,2024-03-03T20:41:30
7404,LOT008,LOT008-W03,1,5,copper,M2,1.1578,True,38.11,415.77,2024-03-03T20:42:00
7405,LOT008,LOT008-W03,1,6,copper,M2,1.1289,True,38.11,415.77,2024-03-03T20:42:30
7406,LOT008,LOT008-W03,1,7,copper,M4,1.6261,True,38.11,415.77,2024-03-03T20:43:00
7407,LOT008,LOT008-W03,1,8,copper,M1,0.7689,True,38.11,415.77,2024-03-03T20:43:30
7408,LOT008,LOT008-W03,1,9,tungsten,M4,2.0273,True,38.11,415.77,2024-03-03T20:44:00
7409,LOT008,LOT008-W03,1,10,copper,M1,0.8459,True,38.11,415.77,2024-03-03T20:44:30
7410,LOT008,LOT008-W03,2,1,copper,M2,1.0204,True,38.11,415.77,2024-03-03T20:45:00
7411,LOT008,LOT008-W03,2,2,tungsten,M4,2.2311,True,38.11,415.77,2024-03-03T20:45:30
7412,LOT008,LOT008-W03,2,3,copper,M1,0.8971,True,38.11,415.77,2024-03-03T20:46:00
7413,LOT008,LOT008-W03,2,4,tungsten,M4,2.0978,True,38.11,415.77,2024-03-03T20:46:30
7414,LOT008,LOT008-W03,2,5,copper,M3,1.357,True,38.11,415.77,2024-03-03T20:47:00
7415,LOT008,LOT008-W03,2,6,copper,M2,1.0598,True,38.11,415.77,2024-03-03T20:47:30
7416,LOT008,LOT008-W03,2,7,tungsten,M2,1.3715,True,38.11,415.77,2024-03-03T20:48:00
7417,LOT008,LOT008-W03,2,8,tungsten,M4,2.0915,True,38.11,415.77,2024-03-03T20:48:30
7418,LOT008,LOT008-W03,2,9,tungsten,M4,2.2196,True,38.11,415.77,2024-03-03T20:49:00
7419,LOT008,LOT008-W03,2,10,copper,M4,1.6434,True,38.11,415.77,2024-03-03T20:49:30
7420,LOT008,LOT008-W03,3,1,copper,M2,1.0316,True,38.11,415.77,2024-03-03T20:50:00
7421,LOT008,LOT008-W03,3,2,tungsten,M1,1.0434,True,38.11,415.77,2024-03-03T20:50:30
7422,LOT008,LOT008-W03,3,3,tungsten,M3,1.9044,True,38.11,415.77,2024-03-03T20:51:00
7423,LOT008,LOT008-W03,3,4,copper,M2,1.0504,True,38.11,415.77,2024-03-03T20:51:30
7424,LOT008,LOT008-W03,3,5,copper,M2,1.1134,True,38.11,415.77,2024-03-03T20:52:00
7425,LOT008,LOT008-W03,3,6,copper,M3,1.4554,True,38.11,415.77,2024-03-03T20:52:30
7426,LOT008,LOT008-W03,3,7,tungsten,M3,1.7576,True,38.11,415.77,2024-03-03T20:53:00
7427,LOT008,LOT008-W03,3,8,tungsten,M2,1.3379,True,38.11,415.77,2024-03-03T20:53:30
7428,LOT008,LOT008-W03,3,9,copper,M2,1.0978,True,38.11,415.77,2024-03-03T20:54:00
7429,LOT008,LOT008-W03,3,10,copper,M1,0.861,True,38.11,415.77,2024-03-03T20:54:30
7430,LOT008,LOT008-W03,4,1,tungsten,M4,1.8633,True,38.11,415.77,2024-03-03T20:55:00
7431,LOT008,LOT008-W03,4,2,tungsten,M4,2.0313,True,38.11,415.77,2024-03-03T20:55:30
7432,LOT008,LOT008-W03,4,3,copper,M4,1.6061,True,38.11,415.77,2024-03-03T20:56:00
7433,LOT008,LOT008-W03,4,4,copper,M1,0.806,True,38.11,415.77,2024-03-03T20:56:30
7434,LOT008,LOT008-W03,4,5,tungsten,M4,2.0173,True,38.11,415.77,2024-03-03T20:57:00
7435,LOT008,LOT008-W03,4,6,copper,M3,1.3266,True,38.11,415.77,2024-03-03T20:57:30
7436,LOT008,LOT008-W03,4,7,copper,M1,0.8229,True,38.11,415.77,2024-03-03T20:58:00
7437,LOT008,LOT008-W03,4,8,copper,M1,0.7909,True,38.11,415.77,2024-03-03T20:58:30
7438,LOT008,LOT008-W03,4,9,copper,M4,1.7753,True,38.11,415.77,2024-03-03T20:59:00
7439,LOT008,LOT008-W03,4,10,tungsten,M4,1.9836,True,38.11,415.77,2024-03-03T20:59:30
7440,LOT008,LOT008-W03,5,1,tungsten,M2,1.4528,True,38.11,415.77,2024-03-03T21:00:00
7441,LOT008,LOT008-W03,5,2,copper,M1,0.7661,True,38.11,415.77,2024-03-03T21:00:30
7442,LOT008,LOT008-W03,5,3,tungsten,M4,2.0844,True,38.11,415.77,2024-03-03T21:01:00
7443,LOT008,LOT008-W03,5,4,tungsten,M2,1.3753,True,38.11,415.77,2024-03-03T21:01:30
7444,LOT008,LOT008-W03,5,5,copper,M3,1.4987,True,38.11,415.77,2024-03-03T21:02:00
7445,LOT008,LOT008-W03,5,6,tungsten,M3,1.6458,True,38.11,415.77,2024-03-03T21:02:30
7446,LOT008,LOT008-W03,5,7,tungsten,M2,1.4184,True,38.11,415.77,2024-03-03T21:03:00
7447,LOT008,LOT008-W03,5,8,tungsten,M1,1.0145,True,38.11,415.77,2024-03-03T21:03:30
7448,LOT008,LOT008-W03,5,9,tungsten,M3,1.7123,True,38.11,415.77,2024-03-03T21:04:00
7449,LOT008,LOT008-W03,5,10,copper,M4,1.7607,True,38.11,415.77,2024-03-03T21:04:30
7450,LOT008,LOT008-W03,6,1,copper,M3,1.4069,True,38.11,415.77,2024-03-03T21:05:00
7451,LOT008,LOT008-W03,6,2,copper,M2,1.1104,True,38.11,415.77,2024-03-03T21:05:30
7452,LOT008,LOT008-W03,6,3,tungsten,M2,1.3733,True,38.11,415.77,2024-03-03T21:06:00
7453,LOT008,LOT008-W03,6,4,copper,M4,1.7565,True,38.11,415.77,2024-03-03T21:06:30
7454,LOT008,LOT008-W03,6,5,tungsten,M3,1.7473,True,38.11,415.77,2024-03-03T21:07:00
7455,LOT008,LOT008-W03,6,6,copper,M3,1.4336,True,38.11,415.77,2024-03-03T21:07:30
7456,LOT008,LOT008-W03,6,7,copper,M4,1.6224,True,38.11,415.77,2024-03-03T21:08:00
7457,LOT008,LOT008-W03,6,8,tungsten,M4,2.2648,True,38.11,415.77,2024-03-03T21:08:30
7458,LOT008,LOT008-W03,6,9,tungsten,M2,1.4635,True,38.11,415.77,2024-03-03T21:09:00
7459,LOT008,LOT008-W03,6,10,tungsten,M4,2.2386,True,38.11,415.77,2024-03-03T21:09:30
7460,LOT008,LOT008-W03,7,1,tungsten,M4,2.147,True,38.11,415.77,2024-03-03T21:10:00
7461,LOT008,LOT008-W03,7,2,tungsten,M3,1.778,True,38.11,415.77,2024-03-03T21:10:30
7462,LOT008,LOT008-W03,7,3,copper,M2,0.9956,True,38.11,415.77,2024-03-03T21:11:00
7463,LOT008,LOT008-W03,7,4,tungsten,M1,1.0295,True,38.11,415.77,2024-03-03T21:11:30
7464,LOT008,LOT008-W03,7,5,copper,M3,1.5043,True,38.11,415.77,2024-03-03T21:12:00
7465,LOT008,LOT008-W03,7,6,copper,M2,1.1122,True,38.11,415.77,2024-03-03T21:12:30
7466,LOT008,LOT008-W03,7,7,copper,M4,1.6872,True,38.11,415.77,2024-03-03T21:13:00
7467,LOT008,LOT008-W03,7,8,copper,M2,1.1297,True,38.11,415.77,2024-03-03T21:13:30
7468,LOT008,LOT008-W03,7,9,tungsten,M2,1.3735,True,38.11,415.77,2024-03-03T21:14:00
7469,LOT008,LOT008-W03,7,10,copper,M2,1.0839,True,38.11,415.77,2024-03-03T21:14:30
7470,LOT008,LOT008-W03,8,1,tungsten,M2,1.5098,True,38.11,415.77,2024-03-03T21:15:00
7471,LOT008,LOT008-W03,8,2,tungsten,M4,2.2011,False,38.11,415.77,2024-03-03T21:15:30
7472,LOT008,LOT008-W03,8,3,tungsten,M1,0.9636,True,38.11,415.77,2024-03-03T21:16:00
7473,LOT008,LOT008-W03,8,4,tungsten,M4,2.0953,True,38.11,415.77,2024-03-03T21:16:30
7474,LOT008,LOT008-W03,8,5,tungsten,M3,1.7645,True,38.11,415.77,2024-03-03T21:17:00
7475,LOT008,LOT008-W03,8,6,tungsten,M2,1.4387,True,38.11,415.77,2024-03-03T21:17:30
7476,LOT008,LOT008-W03,8,7,tungsten,M4,2.1828,True,38.11,415.77,2024-03-03T21:18:00
7477,LOT008,LOT008-W03,8,8,copper,M1,0.8306,True,38.11,415.77,2024-03-03T21:18:30
7478,LOT008,LOT008-W03,8,9,copper,M3,1.3116,True,38.11,415.77,2024-03-03T21:19:00
7479,LOT008,LOT008-W03,8,10,copper,M2,1.0657,True,38.11,415.77,2024-03-03T21:19:30
7480,LOT008,LOT008-W03,9,1,copper,M4,1.7323,True,38.11,415.77,2024-03-03T21:20:00
7481,LOT008,LOT008-W03,9,2,tungsten,M3,1.8179,True,38.11,415.77,2024-03-03T21:20:30
7482,LOT008,LOT008-W03,9,3,tungsten,M1,1.0023,True,38.11,415.77,2024-03-03T21:21:00
7483,LOT008,LOT008-W03,9,4,tungsten,M1,0.9994,True,38.11,415.77,2024-03-03T21:21:30
7484,LOT008,LOT008-W03,9,5,copper,M4,1.7375,True,38.11,415.77,2024-03-03T21:22:00
7485,LOT008,LOT008-W03,9,6,copper,M2,1.0781,True,38.11,415.77,2024-03-03T21:22:30
7486,LOT008,LOT008-W03,9,7,copper,M2,1.164,True,38.11,415.77,2024-03-03T21:23:00
7487,LOT008,LOT008-W03,9,8,copper,M2,1.0331,True,38.11,415.77,2024-03-03T21:23:30
7488,LOT008,LOT008-W03,9,9,tungsten,M3,1.7467,True,38.11,415.77,2024-03-03T21:24:00
7489,LOT008,LOT008-W03,9,10,tungsten,M3,1.8864,True,38.11,415.77,2024-03-03T21:24:30
7490,LOT008,LOT008-W03,10,1,tungsten,M1,0.9242,True,38.11,415.77,2024-03-03T21:25:00
7491,LOT008,LOT008-W03,10,2,tungsten,M4,1.983,True,38.11,415.77,2024-03-03T21:25:30
7492,LOT008,LOT008-W03,10,3,copper,M1,0.8054,True,38.11,415.77,2024-03-03T21:26:00
7493,LOT008,LOT008-W03,10,4,copper,M3,1.3531,True,38.11,415.77,2024-03-03T21:26:30
7494,LOT008,LOT008-W03,10,5,copper,M4,1.7925,True,38.11,415.77,2024-03-03T21:27:00
7495,LOT008,LOT008-W03,10,6,tungsten,M2,1.3149,True,38.11,415.77,2024-03-03T21:27:30
7496,LOT008,LOT008-W03,10,7,copper,M4,1.5263,True,38.11,415.77,2024-03-03T21:28:00
7497,LOT008,LOT008-W03,10,8,tungsten,M4,2.1221,True,38.11,415.77,2024-03-03T21:28:30
7498,LOT008,LOT008-W03,10,9,copper,M4,1.5734,True,38.11,415.77,2024-03-03T21:29:00
7499,LOT008,LOT008-W03,10,10,copper,M3,1.3428,True,38.11,415.77,2024-03-03T21:29:30
7500,LOT008,LOT008-W03,11,1,copper,M1,0.8228,True,38.11,415.77,2024-03-03T21:30:00
7501,LOT008,LOT008-W03,11,2,tungsten,M3,1.7439,False,38.11,415.77,2024-03-03T21:30:30
7502,LOT008,LOT008-W03,11,3,copper,M4,1.751,True,38.11,415.77,2024-03-03T21:31:00
7503,LOT008,LOT008-W03,11,4,copper,M1,0.8396,True,38.11,415.77,2024-03-03T21:31:30
7504,LOT008,LOT008-W03,11,5,copper,M4,1.7271,True,38.11,415.77,2024-03-03T21:32:00
7505,LOT008,LOT008-W03,11,6,tungsten,M1,0.9479,True,38.11,415.77,2024-03-03T21:32:30
7506,LOT008,LOT008-W03,11,7,copper,M1,0.801,True,38.11,415.77,2024-03-03T21:33:00
7507,LOT008,LOT008-W03,11,8,copper,M3,1.3465,False,38.11,415.77,2024-03-03T21:33:30
7508,LOT008,LOT008-W03,11,9,tungsten,M4,2.2293,True,38.11,415.77,2024-03-03T21:34:00
7509,LOT008,LOT008-W03,11,10,tungsten,M4,2.2464,True,38.11,415.77,2024-03-03T21:34:30
7510,LOT008,LOT008-W03,12,1,tungsten,M3,1.8771,True,38.11,415.77,2024-03-03T21:35:00
7511,LOT008,LOT008-W03,12,2,tungsten,M2,1.3546,True,38.11,415.77,2024-03-03T21:35:30
7512,LOT008,LOT008-W03,12,3,tungsten,M2,1.4044,True,38.11,415.77,2024-03-03T21:36:00
7513,LOT008,LOT008-W03,12,4,copper,M2,1.1028,True,38.11,415.77,2024-03-03T21:36:30
7514,LOT008,LOT008-W03,12,5,copper,M3,1.3207,True,38.11,415.77,2024-03-03T21:37:00
7515,LOT008,LOT008-W03,12,6,copper,M3,1.5036,True,38.11,415.77,2024-03-03T21:37:30
7516,LOT008,LOT008-W03,12,7,copper,M3,1.5093,True,38.11,415.77,2024-03-03T21:38:00
7517,LOT008,LOT008-W03,12,8,tungsten,M1,0.9837,True,38.11,415.77,2024-03-03T21:38:30
7518,LOT008,LOT008-W03,12,9,copper,M3,1.3378,True,38.11,415.77,2024-03-03T21:39:00
7519,LOT008,LOT008-W03,12,10,tungsten,M4,2.1244,True,38.11,415.77,2024-03-03T21:39:30
7520,LOT008,LOT008-W03,13,1,copper,M1,0.8008,True,38.11,415.77,2024-03-03T21:40:00
7521,LOT008,LOT008-W03,13,2,copper,M4,1.7273,True,38.11,415.77,2024-03-03T21:40:30
7522,LOT008,LOT008-W03,13,3,copper,M3,1.3466,True,38.11,415.77,2024-03-03T21:41:00
7523,LOT008,LOT008-W03,13,4,tungsten,M3,1.6361,True,38.11,415.77,2024-03-03T21:41:30
7524,LOT008,LOT008-W03,13,5,copper,M4,1.6842,True,38.11,415.77,2024-03-03T21:42:00
7525,LOT008,LOT008-W03,13,6,tungsten,M3,1.6815,True,38.11,415.77,2024-03-03T21:42:30
7526,LOT008,LOT008-W03,13,7,copper,M1,0.7361,True,38.11,415.77,2024-03-03T21:43:00
7527,LOT008,LOT008-W03,13,8,tungsten,M1,0.9431,True,38.11,415.77,2024-03-03T21:43:30
7528,LOT008,LOT008-W03,13,9,tungsten,M1,1.0389,True,38.11,415.77,2024-03-03T21:44:00
7529,LOT008,LOT008-W03,13,10,copper,M4,1.7092,True,38.11,415.77,2024-03-03T21:44:30
7530,LOT008,LOT008-W03,14,1,tungsten,M1,1.0034,False,38.11,415.77,2024-03-03T21:45:00
7531,LOT008,LOT008-W03,14,2,copper,M3,1.2703,True,38.11,415.77,2024-03-03T21:45:30
7532,LOT008,LOT008-W03,14,3,copper,M3,1.2385,True,38.11,415.77,2024-03-03T21:46:00
7533,LOT008,LOT008-W03,14,4,tungsten,M3,1.7157,True,38.11,415.77,2024-03-03T21:46:30
7534,LOT008,LOT008-W03,14,5,tungsten,M3,1.7162,True,38.11,415.77,2024-03-03T21:47:00
7535,LOT008,LOT008-W03,14,6,tungsten,M2,1.426,True,38.11,415.77,2024-03-03T21:47:30
7536,LOT008,LOT008-W03,14,7,tungsten,M3,1.8521,True,38.11,415.77,2024-03-03T21:48:00
7537,LOT008,LOT008-W03,14,8,tungsten,M3,1.7926,True,38.11,415.77,2024-03-03T21:48:30
7538,LOT008,LOT008-W03,14,9,copper,M1,0.8141,True,38.11,415.77,2024-03-03T21:49:00
7539,LOT008,LOT008-W03,14,10,tungsten,M3,1.7635,True,38.11,415.77,2024-03-03T21:49:30
7540,LOT008,LOT008-W03,15,1,copper,M1,0.7879,True,38.11,415.77,2024-03-03T21:50:00
7541,LOT008,LOT008-W03,15,2,tungsten,M3,1.8956,True,38.11,415.77,2024-03-03T21:50:30
7542,LOT008,LOT008-W03,15,3,tungsten,M3,1.6871,True,38.11,415.77,2024-03-03T21:51:00
7543,LOT008,LOT008-W03,15,4,tungsten,M2,1.2965,True,38.11,415.77,2024-03-03T21:51:30
7544,LOT008,LOT008-W03,15,5,copper,M1,0.7908,True,38.11,415.77,2024-03-03T21:52:00
7545,LOT008,LOT008-W03,15,6,copper,M1,0.8065,True,38.11,415.77,2024-03-03T21:52:30
7546,LOT008,LOT008-W03,15,7,tungsten,M3,1.8912,True,38.11,415.77,2024-03-03T21:53:00
7547,LOT008,LOT008-W03,15,8,tungsten,M4,2.0753,True,38.11,415.77,2024-03-03T21:53:30
7548,LOT008,LOT008-W03,15,9,copper,M4,1.6971,True,38.11,415.77,2024-03-03T21:54:00
7549,LOT008,LOT008-W03,15,10,tungsten,M4,2.0085,True,38.11,415.77,2024-03-03T21:54:30
7550,LOT008,LOT008-W03,16,1,copper,M3,1.483,True,38.11,415.77,2024-03-03T21:55:00
7551,LOT008,LOT008-W03,16,2,tungsten,M3,1.7928,True,38.11,415.77,2024-03-03T21:55:30
7552,LOT008,LOT008-W03,16,3,tungsten,M4,2.2775,True,38.11,415.77,2024-03-03T21:56:00
7553,LOT008,LOT008-W03,16,4,copper,M1,0.8343,True,38.11,415.77,2024-03-03T21:56:30
7554,LOT008,LOT008-W03,16,5,tungsten,M3,1.9347,True,38.11,415.77,2024-03-03T21:57:00
7555,LOT008,LOT008-W03,16,6,copper,M4,1.8282,True,38.11,415.77,2024-03-03T21:57:30
7556,LOT008,LOT008-W03,16,7,copper,M4,1.7318,True,38.11,415.77,2024-03-03T21:58:00
7557,LOT008,LOT008-W03,16,8,tungsten,M3,1.917,True,38.11,415.77,2024-03-03T21:58:30
7558,LOT008,LOT008-W03,16,9,tungsten,M4,2.1373,True,38.11,415.77,2024-03-03T21:59:00
7559,LOT008,LOT008-W03,16,10,tungsten,M1,0.9346,True,38.11,415.77,2024-03-03T21:59:30
7560,LOT008,LOT008-W03,17,1,copper,M4,1.6611,True,38.11,415.77,2024-03-03T22:00:00
7561,LOT008,LOT008-W03,17,2,copper,M4,1.6765,True,38.11,415.77,2024-03-03T22:00:30
7562,LOT008,LOT008-W03,17,3,copper,M1,0.7859,True,38.11,415.77,2024-03-03T22:01:00
7563,LOT008,LOT008-W03,17,4,copper,M1,0.8457,True,38.11,415.77,2024-03-03T22:01:30
7564,LOT008,LOT008-W03,17,5,tungsten,M2,1.2823,True,38.11,415.77,2024-03-03T22:02:00
7565,LOT008,LOT008-W03,17,6,copper,M2,1.1246,True,38.11,415.77,2024-03-03T22:02:30
7566,LOT008,LOT008-W03,17,7,copper,M2,1.0098,True,38.11,415.77,2024-03-03T22:03:00
7567,LOT008,LOT008-W03,17,8,copper,M3,1.4482,True,38.11,415.77,2024-03-03T22:03:30
7568,LOT008,LOT008-W03,17,9,tungsten,M1,1.0599,True,38.11,415.77,2024-03-03T22:04:00
7569,LOT008,LOT008-W03,17,10,copper,M4,1.7194,True,38.11,415.77,2024-03-03T22:04:30
7570,LOT008,LOT008-W03,18,1,copper,M4,1.7213,True,38.11,415.77,2024-03-03T22:05:00
7571,LOT008,LOT008-W03,18,2,tungsten,M4,2.0988,True,38.11,415.77,2024-03-03T22:05:30
7572,LOT008,LOT008-W03,18,3,tungsten,M1,1.0261,True,38.11,415.77,2024-03-03T22:06:00
7573,LOT008,LOT008-W03,18,4,tungsten,M2,1.4714,True,38.11,415.77,2024-03-03T22:06:30
7574,LOT008,LOT008-W03,18,5,copper,M3,1.4102,True,38.11,415.77,2024-03-03T22:07:00
7575,LOT008,LOT008-W03,18,6,tungsten,M4,2.2561,True,38.11,415.77,2024-03-03T22:07:30
7576,LOT008,LOT008-W03,18,7,tungsten,M1,0.9834,True,38.11,415.77,2024-03-03T22:08:00
7577,LOT008,LOT008-W03,18,8,tungsten,M2,1.4328,True,38.11,415.77,2024-03-03T22:08:30
7578,LOT008,LOT008-W03,18,9,tungsten,M3,1.8318,True,38.11,415.77,2024-03-03T22:09:00
7579,LOT008,LOT008-W03,18,10,tungsten,M1,0.9853,True,38.11,415.77,2024-03-03T22:09:30
7580,LOT008,LOT008-W03,19,1,tungsten,M4,2.0026,True,38.11,415.77,2024-03-03T22:10:00
7581,LOT008,LOT008-W03,19,2,copper,M3,1.4183,True,38.11,415.77,2024-03-03T22:10:30
7582,LOT008,LOT008-W03,19,3,copper,M1,0.8,True,38.11,415.77,2024-03-03T22:11:00
7583,LOT008,LOT008-W03,19,4,tungsten,M2,1.3563,True,38.11,415.77,2024-03-03T22:11:30
7584,LOT008,LOT008-W03,19,5,tungsten,M1,1.0418,True,38.11,415.77,2024-03-03T22:12:00
7585,LOT008,LOT008-W03,19,6,copper,M2,1.0046,True,38.11,415.77,2024-03-03T22:12:30
7586,LOT008,LOT008-W03,19,7,tungsten,M1,0.9326,True,38.11,415.77,2024-03-03T22:13:00
7587,LOT008,LOT008-W03,19,8,copper,M2,1.0745,True,38.11,415.77,2024-03-03T22:13:30
7588,LOT008,LOT008-W03,19,9,tungsten,M2,1.3431,True,38.11,415.77,2024-03-03T22:14:00
7589,LOT008,LOT008-W03,19,10,copper,M4,1.71,True,38.11,415.77,2024-03-03T22:14:30
7590,LOT008,LOT008-W03,20,1,tungsten,M3,1.8602,True,38.11,415.77,2024-03-03T22:15:00
7591,LOT008,LOT008-W03,20,2,tungsten,M3,1.763,True,38.11,415.77,2024-03-03T22:15:30
7592,LOT008,LOT008-W03,20,3,copper,M3,1.5279,True,38.11,415.77,2024-03-03T22:16:00
7593,LOT008,LOT008-W03,20,4,copper,M1,0.8498,True,38.11,415.77,2024-03-03T22:16:30
7594,LOT008,LOT008-W03,20,5,tungsten,M2,1.4326,True,38.11,415.77,2024-03-03T22:17:00
7595,LOT008,LOT008-W03,20,6,copper,M2,1.0914,True,38.11,415.77,2024-03-03T22:17:30
7596,LOT008,LOT008-W03,20,7,copper,M3,1.4789,True,38.11,415.77,2024-03-03T22:18:00
7597,LOT008,LOT008-W03,20,8,copper,M3,1.4057,True,38.11,415.77,2024-03-03T22:18:30
7598,LOT008,LOT008-W03,20,9,copper,M4,1.7445,True,38.11,415.77,2024-03-03T22:19:00
7599,LOT008,LOT008-W03,20,10,tungsten,M3,1.7041,True,38.11,415.77,2024-03-03T22:19:30
7600,LOT008,LOT008-W04,1,1,copper,M2,1.1512,False,38.35,416.69,2024-03-03T22:20:00
7601,LOT008,LOT008-W04,1,2,copper,M4,1.4776,True,38.35,416.69,2024-03-03T22:20:30
7602,LOT008,LOT008-W04,1,3,tungsten,M3,1.8606,True,38.35,416.69,2024-03-03T22:21:00
7603,LOT008,LOT008-W04,1,4,tungsten,M1,0.9868,True,38.35,416.69,2024-03-03T22:21:30
7604,LOT008,LOT008-W04,1,5,tungsten,M2,1.3334,True,38.35,416.69,2024-03-03T22:22:00
7605,LOT008,LOT008-W04,1,6,tungsten,M3,1.8462,True,38.35,416.69,2024-03-03T22:22:30
7606,LOT008,LOT008-W04,1,7,copper,M3,1.4341,True,38.35,416.69,2024-03-03T22:23:00
7607,LOT008,LOT008-W04,1,8,tungsten,M4,1.9817,True,38.35,416.69,2024-03-03T22:23:30
7608,LOT008,LOT008-W04,1,9,copper,M4,1.6875,True,38.35,416.69,2024-03-03T22:24:00
7609,LOT008,LOT008-W04,1,10,tungsten,M3,1.798,True,38.35,416.69,2024-03-03T22:24:30
7610,LOT008,LOT008-W04,2,1,copper,M4,1.8103,True,38.35,416.69,2024-03-03T22:25:00
7611,LOT008,LOT008-W04,2,2,copper,M3,1.5108,True,38.35,416.69,2024-03-03T22:25:30
7612,LOT008,LOT008-W04,2,3,copper,M1,0.7942,True,38.35,416.69,2024-03-03T22:26:00
7613,LOT008,LOT008-W04,2,4,copper,M4,1.808,True,38.35,416.69,2024-03-03T22:26:30
7614,LOT008,LOT008-W04,2,5,copper,M4,1.7672,False,38.35,416.69,2024-03-03T22:27:00
7615,LOT008,LOT008-W04,2,6,tungsten,M1,0.9045,True,38.35,416.69,2024-03-03T22:27:30
7616,LOT008,LOT008-W04,2,7,copper,M1,0.7687,True,38.35,416.69,2024-03-03T22:28:00
7617,LOT008,LOT008-W04,2,8,copper,M4,1.683,True,38.35,416.69,2024-03-03T22:28:30
7618,LOT008,LOT008-W04,2,9,copper,M3,1.3811,True,38.35,416.69,2024-03-03T22:29:00
7619,LOT008,LOT008-W04,2,10,copper,M2,1.1422,True,38.35,416.69,2024-03-03T22:29:30
7620,LOT008,LOT008-W04,3,1,copper,M1,0.8027,True,38.35,416.69,2024-03-03T22:30:00
7621,LOT008,LOT008-W04,3,2,copper,M2,1.0719,True,38.35,416.69,2024-03-03T22:30:30
7622,LOT008,LOT008-W04,3,3,copper,M2,1.1194,True,38.35,416.69,2024-03-03T22:31:00
7623,LOT008,LOT008-W04,3,4,tungsten,M1,0.9585,True,38.35,416.69,2024-03-03T22:31:30
7624,LOT008,LOT008-W04,3,5,tungsten,M1,0.9792,False,38.35,416.69,2024-03-03T22:32:00
7625,LOT008,LOT008-W04,3,6,tungsten,M2,1.2815,True,38.35,416.69,2024-03-03T22:32:30
7626,LOT008,LOT008-W04,3,7,copper,M3,1.4156,True,38.35,416.69,2024-03-03T22:33:00
7627,LOT008,LOT008-W04,3,8,tungsten,M1,1.0518,True,38.35,416.69,2024-03-03T22:33:30
7628,LOT008,LOT008-W04,3,9,copper,M4,1.8223,True,38.35,416.69,2024-03-03T22:34:00
7629,LOT008,LOT008-W04,3,10,copper,M2,1.0976,True,38.35,416.69,2024-03-03T22:34:30
7630,LOT008,LOT008-W04,4,1,copper,M3,1.3391,True,38.35,416.69,2024-03-03T22:35:00
7631,LOT008,LOT008-W04,4,2,copper,M4,1.6629,True,38.35,416.69,2024-03-03T22:35:30
7632,LOT008,LOT008-W04,4,3,tungsten,M2,1.3304,True,38.35,416.69,2024-03-03T22:36:00
7633,LOT008,LOT008-W04,4,4,copper,M1,0.778,True,38.35,416.69,2024-03-03T22:36:30
7634,LOT008,LOT008-W04,4,5,copper,M3,1.3447,True,38.35,416.69,2024-03-03T22:37:00
7635,LOT008,LOT008-W04,4,6,tungsten,M3,1.913,True,38.35,416.69,2024-03-03T22:37:30
7636,LOT008,LOT008-W04,4,7,copper,M1,0.8741,True,38.35,416.69,2024-03-03T22:38:00
7637,LOT008,LOT008-W04,4,8,copper,M1,0.809,True,38.35,416.69,2024-03-03T22:38:30
7638,LOT008,LOT008-W04,4,9,tungsten,M3,1.8399,True,38.35,416.69,2024-03-03T22:39:00
7639,LOT008,LOT008-W04,4,10,tungsten,M1,0.9247,True,38.35,416.69,2024-03-03T22:39:30
7640,LOT008,LOT008-W04,5,1,copper,M4,1.8152,True,38.35,416.69,2024-03-03T22:40:00
7641,LOT008,LOT008-W04,5,2,tungsten,M2,1.2091,True,38.35,416.69,2024-03-03T22:40:30
7642,LOT008,LOT008-W04,5,3,copper,M3,1.3041,True,38.35,416.69,2024-03-03T22:41:00
7643,LOT008,LOT008-W04,5,4,copper,M1,0.7067,False,38.35,416.69,2024-03-03T22:41:30
7644,LOT008,LOT008-W04,5,5,tungsten,M2,1.2735,True,38.35,416.69,2024-03-03T22:42:00
7645,LOT008,LOT008-W04,5,6,tungsten,M3,1.7956,True,38.35,416.69,2024-03-03T22:42:30
7646,LOT008,LOT008-W04,5,7,copper,M1,0.8578,True,38.35,416.69,2024-03-03T22:43:00
7647,LOT008,LOT008-W04,5,8,copper,M1,0.7405,True,38.35,416.69,2024-03-03T22:43:30
7648,LOT008,LOT008-W04,5,9,tungsten,M4,2.1624,True,38.35,416.69,2024-03-03T22:44:00
7649,LOT008,LOT008-W04,5,10,copper,M3,1.3914,True,38.35,416.69,2024-03-03T22:44:30
7650,LOT008,LOT008-W04,6,1,tungsten,M2,1.3612,True,38.35,416.69,2024-03-03T22:45:00
7651,LOT008,LOT008-W04,6,2,copper,M1,0.8249,True,38.35,416.69,2024-03-03T22:45:30
7652,LOT008,LOT008-W04,6,3,copper,M4,1.7394,True,38.35,416.69,2024-03-03T22:46:00
7653,LOT008,LOT008-W04,6,4,tungsten,M3,1.799,True,38.35,416.69,2024-03-03T22:46:30
7654,LOT008,LOT008-W04,6,5,tungsten,M4,2.057,True,38.35,416.69,2024-03-03T22:47:00
7655,LOT008,LOT008-W04,6,6,tungsten,M1,1.0172,True,38.35,416.69,2024-03-03T22:47:30
7656,LOT008,LOT008-W04,6,7,copper,M1,0.6781,True,38.35,416.69,2024-03-03T22:48:00
7657,LOT008,LOT008-W04,6,8,tungsten,M1,0.918,True,38.35,416.69,2024-03-03T22:48:30
7658,LOT008,LOT008-W04,6,9,copper,M1,0.8143,True,38.35,416.69,2024-03-03T22:49:00
7659,LOT008,LOT008-W04,6,10,tungsten,M4,2.0035,True,38.35,416.69,2024-03-03T22:49:30
7660,LOT008,LOT008-W04,7,1,tungsten,M1,0.9941,True,38.35,416.69,2024-03-03T22:50:00
7661,LOT008,LOT008-W04,7,2,tungsten,M1,0.9625,True,38.35,416.69,2024-03-03T22:50:30
7662,LOT008,LOT008-W04,7,3,copper,M3,1.4002,True,38.35,416.69,2024-03-03T22:51:00
7663,LOT008,LOT008-W04,7,4,copper,M2,1.0747,True,38.35,416.69,2024-03-03T22:51:30
7664,LOT008,LOT008-W04,7,5,copper,M2,1.165,True,38.35,416.69,2024-03-03T22:52:00
7665,LOT008,LOT008-W04,7,6,tungsten,M3,1.7404,True,38.35,416.69,2024-03-03T22:52:30
7666,LOT008,LOT008-W04,7,7,tungsten,M4,2.1048,True,38.35,416.69,2024-03-03T22:53:00
7667,LOT008,LOT008-W04,7,8,copper,M1,0.7658,True,38.35,416.69,2024-03-03T22:53:30
7668,LOT008,LOT008-W04,7,9,copper,M4,1.8229,True,38.35,416.69,2024-03-03T22:54:00
7669,LOT008,LOT008-W04,7,10,copper,M1,0.8325,True,38.35,416.69,2024-03-03T22:54:30
7670,LOT008,LOT008-W04,8,1,copper,M1,0.7517,True,38.35,416.69,2024-03-03T22:55:00
7671,LOT008,LOT008-W04,8,2,copper,M1,0.8392,True,38.35,416.69,2024-03-03T22:55:30
7672,LOT008,LOT008-W04,8,3,tungsten,M4,1.9426,True,38.35,416.69,2024-03-03T22:56:00
7673,LOT008,LOT008-W04,8,4,copper,M4,1.7312,True,38.35,416.69,2024-03-03T22:56:30
7674,LOT008,LOT008-W04,8,5,copper,M4,1.5895,True,38.35,416.69,2024-03-03T22:57:00
7675,LOT008,LOT008-W04,8,6,copper,M3,1.5035,True,38.35,416.69,2024-03-03T22:57:30
7676,LOT008,LOT008-W04,8,7,copper,M3,1.3509,True,38.35,416.69,2024-03-03T22:58:00
7677,LOT008,LOT008-W04,8,8,copper,M3,1.4301,True,38.35,416.69,2024-03-03T22:58:30
7678,LOT008,LOT008-W04,8,9,tungsten,M3,1.6858,True,38.35,416.69,2024-03-03T22:59:00
7679,LOT008,LOT008-W04,8,10,copper,M2,1.1721,True,38.35,416.69,2024-03-03T22:59:30
7680,LOT008,LOT008-W04,9,1,copper,M4,1.7152,True,38.35,416.69,2024-03-03T23:00:00
7681,LOT008,LOT008-W04,9,2,copper,M3,1.3717,True,38.35,416.69,2024-03-03T23:00:30
7682,LOT008,LOT008-W04,9,3,copper,M1,0.8147,True,38.35,416.69,2024-03-03T23:01:00
7683,LOT008,LOT008-W04,9,4,tungsten,M1,0.9802,True,38.35,416.69,2024-03-03T23:01:30
7684,LOT008,LOT008-W04,9,5,copper,M1,0.813,True,38.35,416.69,2024-03-03T23:02:00
7685,LOT008,LOT008-W04,9,6,tungsten,M2,1.3323,False,38.35,416.69,2024-03-03T23:02:30
7686,LOT008,LOT008-W04,9,7,copper,M2,1.0817,True,38.35,416.69,2024-03-03T23:03:00
7687,LOT008,LOT008-W04,9,8,copper,M1,0.8161,True,38.35,416.69,2024-03-03T23:03:30
7688,LOT008,LOT008-W04,9,9,tungsten,M3,1.6693,True,38.35,416.69,2024-03-03T23:04:00
7689,LOT008,LOT008-W04,9,10,tungsten,M3,1.6087,True,38.35,416.69,2024-03-03T23:04:30
7690,LOT008,LOT008-W04,10,1,copper,M2,1.1561,True,38.35,416.69,2024-03-03T23:05:00
7691,LOT008,LOT008-W04,10,2,tungsten,M1,1.0564,True,38.35,416.69,2024-03-03T23:05:30
7692,LOT008,LOT008-W04,10,3,copper,M2,1.1879,True,38.35,416.69,2024-03-03T23:06:00
7693,LOT008,LOT008-W04,10,4,tungsten,M2,1.4814,False,38.35,416.69,2024-03-03T23:06:30
7694,LOT008,LOT008-W04,10,5,tungsten,M2,1.4444,True,38.35,416.69,2024-03-03T23:07:00
7695,LOT008,LOT008-W04,10,6,copper,M3,1.5297,True,38.35,416.69,2024-03-03T23:07:30
7696,LOT008,LOT008-W04,10,7,copper,M4,1.6464,True,38.35,416.69,2024-03-03T23:08:00
7697,LOT008,LOT008-W04,10,8,copper,M3,1.3783,True,38.35,416.69,2024-03-03T23:08:30
7698,LOT008,LOT008-W04,10,9,copper,M1,0.8185,True,38.35,416.69,2024-03-03T23:09:00
7699,LOT008,LOT008-W04,10,10,tungsten,M4,2.0884,True,38.35,416.69,2024-03-03T23:09:30
7700,LOT008,LOT008-W04,11,1,copper,M3,1.4438,True,38.35,416.69,2024-03-03T23:10:00
7701,LOT008,LOT008-W04,11,2,tungsten,M3,1.6727,True,38.35,416.69,2024-03-03T23:10:30
7702,LOT008,LOT008-W04,11,3,copper,M2,1.1697,True,38.35,416.69,2024-03-03T23:11:00
7703,LOT008,LOT008-W04,11,4,tungsten,M4,2.1432,True,38.35,416.69,2024-03-03T23:11:30
7704,LOT008,LOT008-W04,11,5,copper,M1,0.814,True,38.35,416.69,2024-03-03T23:12:00
7705,LOT008,LOT008-W04,11,6,copper,M3,1.3428,True,38.35,416.69,2024-03-03T23:12:30
7706,LOT008,LOT008-W04,11,7,tungsten,M3,1.7467,True,38.35,416.69,2024-03-03T23:13:00
7707,LOT008,LOT008-W04,11,8,copper,M2,1.0321,True,38.35,416.69,2024-03-03T23:13:30
7708,LOT008,LOT008-W04,11,9,tungsten,M2,1.4278,True,38.35,416.69,2024-03-03T23:14:00
7709,LOT008,LOT008-W04,11,10,copper,M1,0.8085,True,38.35,416.69,2024-03-03T23:14:30
7710,LOT008,LOT008-W04,12,1,copper,M1,0.7297,True,38.35,416.69,2024-03-03T23:15:00
7711,LOT008,LOT008-W04,12,2,tungsten,M3,1.668,False,38.35,416.69,2024-03-03T23:15:30
7712,LOT008,LOT008-W04,12,3,tungsten,M1,0.9921,True,38.35,416.69,2024-03-03T23:16:00
7713,LOT008,LOT008-W04,12,4,tungsten,M4,2.1294,True,38.35,416.69,2024-03-03T23:16:30
7714,LOT008,LOT008-W04,12,5,tungsten,M3,1.7961,True,38.35,416.69,2024-03-03T23:17:00
7715,LOT008,LOT008-W04,12,6,tungsten,M4,2.0052,True,38.35,416.69,2024-03-03T23:17:30
7716,LOT008,LOT008-W04,12,7,copper,M3,1.3589,True,38.35,416.69,2024-03-03T23:18:00
7717,LOT008,LOT008-W04,12,8,tungsten,M4,1.7973,True,38.35,416.69,2024-03-03T23:18:30
7718,LOT008,LOT008-W04,12,9,copper,M4,1.6069,True,38.35,416.69,2024-03-03T23:19:00
7719,LOT008,LOT008-W04,12,10,tungsten,M4,2.1958,True,38.35,416.69,2024-03-03T23:19:30
7720,LOT008,LOT008-W04,13,1,tungsten,M1,1.027,True,38.35,416.69,2024-03-03T23:20:00
7721,LOT008,LOT008-W04,13,2,copper,M3,1.5188,True,38.35,416.69,2024-03-03T23:20:30
7722,LOT008,LOT008-W04,13,3,copper,M4,1.7731,True,38.35,416.69,2024-03-03T23:21:00
7723,LOT008,LOT008-W04,13,4,copper,M1,0.7882,True,38.35,416.69,2024-03-03T23:21:30
7724,LOT008,LOT008-W04,13,5,tungsten,M2,1.3938,True,38.35,416.69,2024-03-03T23:22:00
7725,LOT008,LOT008-W04,13,6,tungsten,M3,1.8293,True,38.35,416.69,2024-03-03T23:22:30
7726,LOT008,LOT008-W04,13,7,copper,M1,0.8106,True,38.35,416.69,2024-03-03T23:23:00
7727,LOT008,LOT008-W04,13,8,tungsten,M1,1.0334,True,38.35,416.69,2024-03-03T23:23:30
7728,LOT008,LOT008-W04,13,9,copper,M1,0.7823,True,38.35,416.69,2024-03-03T23:24:00
7729,LOT008,LOT008-W04,13,10,tungsten,M3,1.7431,True,38.35,416.69,2024-03-03T23:24:30
7730,LOT008,LOT008-W04,14,1,tungsten,M1,1.0084,True,38.35,416.69,2024-03-03T23:25:00
7731,LOT008,LOT008-W04,14,2,tungsten,M4,2.0035,True,38.35,416.69,2024-03-03T23:25:30
7732,LOT008,LOT008-W04,14,3,tungsten,M3,1.749,True,38.35,416.69,2024-03-03T23:26:00
7733,LOT008,LOT008-W04,14,4,tungsten,M2,1.369,True,38.35,416.69,2024-03-03T23:26:30
7734,LOT008,LOT008-W04,14,5,copper,M4,1.7064,True,38.35,416.69,2024-03-03T23:27:00
7735,LOT008,LOT008-W04,14,6,copper,M2,1.088,True,38.35,416.69,2024-03-03T23:27:30
7736,LOT008,LOT008-W04,14,7,tungsten,M3,1.8138,True,38.35,416.69,2024-03-03T23:28:00
7737,LOT008,LOT008-W04,14,8,copper,M1,0.7584,True,38.35,416.69,2024-03-03T23:28:30
7738,LOT008,LOT008-W04,14,9,copper,M3,1.4111,True,38.35,416.69,2024-03-03T23:29:00
7739,LOT008,LOT008-W04,14,10,tungsten,M1,1.0255,True,38.35,416.69,2024-03-03T23:29:30
7740,LOT008,LOT008-W04,15,1,tungsten,M2,1.3369,True,38.35,416.69,2024-03-03T23:30:00
7741,LOT008,LOT008-W04,15,2,tungsten,M2,1.4273,True,38.35,416.69,2024-03-03T23:30:30
7742,LOT008,LOT008-W04,15,3,copper,M1,0.7937,True,38.35,416.69,2024-03-03T23:31:00
7743,LOT008,LOT008-W04,15,4,copper,M2,1.2241,True,38.35,416.69,2024-03-03T23:31:30
7744,LOT008,LOT008-W04,15,5,tungsten,M4,2.0565,True,38.35,416.69,2024-03-03T23:32:00
7745,LOT008,LOT008-W04,15,6,copper,M4,1.5942,True,38.35,416.69,2024-03-03T23:32:30
7746,LOT008,LOT008-W04,15,7,tungsten,M1,1.0273,True,38.35,416.69,2024-03-03T23:33:00
7747,LOT008,LOT008-W04,15,8,copper,M4,1.77,True,38.35,416.69,2024-03-03T23:33:30
7748,LOT008,LOT008-W04,15,9,tungsten,M2,1.4705,True,38.35,416.69,2024-03-03T23:34:00
7749,LOT008,LOT008-W04,15,10,tungsten,M3,1.8328,True,38.35,416.69,2024-03-03T23:34:30
7750,LOT008,LOT008-W04,16,1,copper,M3,1.3712,False,38.35,416.69,2024-03-03T23:35:00
7751,LOT008,LOT008-W04,16,2,copper,M1,0.7858,True,38.35,416.69,2024-03-03T23:35:30
7752,LOT008,LOT008-W04,16,3,copper,M1,0.8433,True,38.35,416.69,2024-03-03T23:36:00
7753,LOT008,LOT008-W04,16,4,copper,M4,1.6654,True,38.35,416.69,2024-03-03T23:36:30
7754,LOT008,LOT008-W04,16,5,copper,M3,1.407,True,38.35,416.69,2024-03-03T23:37:00
7755,LOT008,LOT008-W04,16,6,tungsten,M3,1.6349,True,38.35,416.69,2024-03-03T23:37:30
7756,LOT008,LOT008-W04,16,7,tungsten,M4,2.1414,True,38.35,416.69,2024-03-03T23:38:00
7757,LOT008,LOT008-W04,16,8,copper,M3,1.3875,True,38.35,416.69,2024-03-03T23:38:30
7758,LOT008,LOT008-W04,16,9,copper,M4,1.7978,True,38.35,416.69,2024-03-03T23:39:00
7759,LOT008,LOT008-W04,16,10,tungsten,M4,2.1424,True,38.35,416.69,2024-03-03T23:39:30
7760,LOT008,LOT008-W04,17,1,copper,M4,1.6587,True,38.35,416.69,2024-03-03T23:40:00
7761,LOT008,LOT008-W04,17,2,tungsten,M2,1.3163,True,38.35,416.69,2024-03-03T23:40:30
7762,LOT008,LOT008-W04,17,3,copper,M3,1.3976,True,38.35,416.69,2024-03-03T23:41:00
7763,LOT008,LOT008-W04,17,4,tungsten,M1,1.0211,True,38.35,416.69,2024-03-03T23:41:30
7764,LOT008,LOT008-W04,17,5,copper,M1,0.7788,True,38.35,416.69,2024-03-03T23:42:00
7765,LOT008,LOT008-W04,17,6,tungsten,M2,1.4396,True,38.35,416.69,2024-03-03T23:42:30
7766,LOT008,LOT008-W04,17,7,copper,M3,1.5438,True,38.35,416.69,2024-03-03T23:43:00
7767,LOT008,LOT008-W04,17,8,copper,M1,0.8464,True,38.35,416.69,2024-03-03T23:43:30
7768,LOT008,LOT008-W04,17,9,copper,M1,0.8282,True,38.35,416.69,2024-03-03T23:44:00
7769,LOT008,LOT008-W04,17,10,tungsten,M1,0.9391,True,38.35,416.69,2024-03-03T23:44:30
7770,LOT008,LOT008-W04,18,1,copper,M2,1.1152,True,38.35,416.69,2024-03-03T23:45:00
7771,LOT008,LOT008-W04,18,2,tungsten,M1,0.8944,True,38.35,416.69,2024-03-03T23:45:30
7772,LOT008,LOT008-W04,18,3,copper,M4,1.6803,True,38.35,416.69,2024-03-03T23:46:00
7773,LOT008,LOT008-W04,18,4,tungsten,M1,0.953,True,38.35,416.69,2024-03-03T23:46:30
7774,LOT008,LOT008-W04,18,5,copper,M3,1.4444,True,38.35,416.69,2024-03-03T23:47:00
7775,LOT008,LOT008-W04,18,6,tungsten,M3,1.8722,True,38.35,416.69,2024-03-03T23:47:30
7776,LOT008,LOT008-W04,18,7,tungsten,M2,1.4576,True,38.35,416.69,2024-03-03T23:48:00
7777,LOT008,LOT008-W04,18,8,tungsten,M4,2.1276,True,38.35,416.69,2024-03-03T23:48:30
7778,LOT008,LOT008-W04,18,9,copper,M4,1.647,True,38.35,416.69,2024-03-03T23:49:00
7779,LOT008,LOT008-W04,18,10,tungsten,M1,0.9982,True,38.35,416.69,2024-03-03T23:49:30
7780,LOT008,LOT008-W04,19,1,tungsten,M4,2.1902,True,38.35,416.69,2024-03-03T23:50:00
7781,LOT008,LOT008-W04,19,2,tungsten,M2,1.2401,True,38.35,416.69,2024-03-03T23:50:30
7782,LOT008,LOT008-W04,19,3,copper,M1,0.7588,True,38.35,416.69,2024-03-03T23:51:00
7783,LOT008,LOT008-W04,19,4,tungsten,M4,2.0848,True,38.35,416.69,2024-03-03T23:51:30
7784,LOT008,LOT008-W04,19,5,copper,M2,1.1084,True,38.35,416.69,2024-03-03T23:52:00
7785,LOT008,LOT008-W04,19,6,copper,M4,1.7706,False,38.35,416.69,2024-03-03T23:52:30
7786,LOT008,LOT008-W04,19,7,copper,M2,0.9913,True,38.35,416.69,2024-03-03T23:53:00
7787,LOT008,LOT008-W04,19,8,tungsten,M3,1.8942,True,38.35,416.69,2024-03-03T23:53:30
7788,LOT008,LOT008-W04,19,9,tungsten,M1,0.9278,True,38.35,416.69,2024-03-03T23:54:00
7789,LOT008,LOT008-W04,19,10,copper,M3,1.4325,True,38.35,416.69,2024-03-03T23:54:30
7790,LOT008,LOT008-W04,20,1,tungsten,M3,1.8558,False,38.35,416.69,2024-03-03T23:55:00
7791,LOT008,LOT008-W04,20,2,copper,M4,1.7424,True,38.35,416.69,2024-03-03T23:55:30
7792,LOT008,LOT008-W04,20,3,tungsten,M2,1.3876,True,38.35,416.69,2024-03-03T23:56:00
7793,LOT008,LOT008-W04,20,4,tungsten,M2,1.3632,True,38.35,416.69,2024-03-03T23:56:30
7794,LOT008,LOT008-W04,20,5,tungsten,M4,2.1992,True,38.35,416.69,2024-03-03T23:57:00
7795,LOT008,LOT008-W04,20,6,copper,M2,1.1889,True,38.35,416.69,2024-03-03T23:57:30
7796,LOT008,LOT008-W04,20,7,tungsten,M4,2.265,True,38.35,416.69,2024-03-03T23:58:00
7797,LOT008,LOT008-W04,20,8,copper,M2,1.0822,True,38.35,416.69,2024-03-03T23:58:30
7798,LOT008,LOT008-W04,20,9,copper,M2,1.1179,True,38.35,416.69,2024-03-03T23:59:00
7799,LOT008,LOT008-W04,20,10,tungsten,M3,1.8029,True,38.35,416.69,2024-03-03T23:59:30
7800,LOT008,LOT008-W05,1,1,copper,M1,0.8727,True,38.25,433.69,2024-03-04T00:00:00
7801,LOT008,LOT008-W05,1,2,copper,M3,1.3597,True,38.25,433.69,2024-03-04T00:00:30
7802,LOT008,LOT008-W05,1,3,copper,M2,1.0873,True,38.25,433.69,2024-03-04T00:01:00
7803,LOT008,LOT008-W05,1,4,tungsten,M3,2.0614,True,38.25,433.69,2024-03-04T00:01:30
7804,LOT008,LOT008-W05,1,5,tungsten,M3,2.1112,True,38.25,433.69,2024-03-04T00:02:00
7805,LOT008,LOT008-W05,1,6,copper,M1,0.774,True,38.25,433.69,2024-03-04T00:02:30
7806,LOT008,LOT008-W05,1,7,tungsten,M4,2.3911,True,38.25,433.69,2024-03-04T00:03:00
7807,LOT008,LOT008-W05,1,8,tungsten,M3,1.936,True,38.25,433.69,2024-03-04T00:03:30
7808,LOT008,LOT008-W05,1,9,copper,M1,0.7314,True,38.25,433.69,2024-03-04T00:04:00
7809,LOT008,LOT008-W05,1,10,copper,M4,1.6231,True,38.25,433.69,2024-03-04T00:04:30
7810,LOT008,LOT008-W05,2,1,copper,M1,0.7981,True,38.25,433.69,2024-03-04T00:05:00
7811,LOT008,LOT008-W05,2,2,tungsten,M3,2.13,True,38.25,433.69,2024-03-04T00:05:30
7812,LOT008,LOT008-W05,2,3,tungsten,M2,1.6246,True,38.25,433.69,2024-03-04T00:06:00
7813,LOT008,LOT008-W05,2,4,tungsten,M2,1.5936,True,38.25,433.69,2024-03-04T00:06:30
7814,LOT008,LOT008-W05,2,5,copper,M3,1.4526,True,38.25,433.69,2024-03-04T00:07:00
7815,LOT008,LOT008-W05,2,6,copper,M2,1.1375,True,38.25,433.69,2024-03-04T00:07:30
7816,LOT008,LOT008-W05,2,7,tungsten,M2,1.4259,True,38.25,433.69,2024-03-04T00:08:00
7817,LOT008,LOT008-W05,2,8,copper,M1,0.8606,True,38.25,433.69,2024-03-04T00:08:30
7818,LOT008,LOT008-W05,2,9,tungsten,M1,1.0118,True,38.25,433.69,2024-03-04T00:09:00
7819,LOT008,LOT008-W05,2,10,tungsten,M3,2.087,True,38.25,433.69,2024-03-04T00:09:30
7820,LOT008,LOT008-W05,3,1,copper,M2,1.1098,True,38.25,433.69,2024-03-04T00:10:00
7821,LOT008,LOT008-W05,3,2,copper,M4,1.7376,True,38.25,433.69,2024-03-04T00:10:30
7822,LOT008,LOT008-W05,3,3,copper,M4,1.6303,True,38.25,433.69,2024-03-04T00:11:00
7823,LOT008,LOT008-W05,3,4,copper,M3,1.3838,True,38.25,433.69,2024-03-04T00:11:30
7824,LOT008,LOT008-W05,3,5,tungsten,M2,1.5514,True,38.25,433.69,2024-03-04T00:12:00
7825,LOT008,LOT008-W05,3,6,tungsten,M2,1.4317,True,38.25,433.69,2024-03-04T00:12:30
7826,LOT008,LOT008-W05,3,7,tungsten,M1,1.1274,True,38.25,433.69,2024-03-04T00:13:00
7827,LOT008,LOT008-W05,3,8,copper,M1,0.7998,True,38.25,433.69,2024-03-04T00:13:30
7828,LOT008,LOT008-W05,3,9,copper,M2,1.0196,True,38.25,433.69,2024-03-04T00:14:00
7829,LOT008,LOT008-W05,3,10,tungsten,M3,2.015,True,38.25,433.69,2024-03-04T00:14:30
7830,LOT008,LOT008-W05,4,1,copper,M1,0.7875,True,38.25,433.69,2024-03-04T00:15:00
7831,LOT008,LOT008-W05,4,2,copper,M1,0.8149,True,38.25,433.69,2024-03-04T00:15:30
7832,LOT008,LOT008-W05,4,3,tungsten,M1,1.1907,True,38.25,433.69,2024-03-04T00:16:00
7833,LOT008,LOT008-W05,4,4,copper,M3,1.4376,True,38.25,433.69,2024-03-04T00:16:30
7834,LOT008,LOT008-W05,4,5,tungsten,M1,1.162,True,38.25,433.69,2024-03-04T00:17:00
7835,LOT008,LOT008-W05,4,6,tungsten,M4,2.4187,True,38.25,433.69,2024-03-04T00:17:30
7836,LOT008,LOT008-W05,4,7,tungsten,M1,1.1723,True,38.25,433.69,2024-03-04T00:18:00
7837,LOT008,LOT008-W05,4,8,copper,M4,1.7689,False,38.25,433.69,2024-03-04T00:18:30
7838,LOT008,LOT008-W05,4,9,tungsten,M1,1.0636,True,38.25,433.69,2024-03-04T00:19:00
7839,LOT008,LOT008-W05,4,10,tungsten,M4,2.4568,True,38.25,433.69,2024-03-04T00:19:30
7840,LOT008,LOT008-W05,5,1,tungsten,M3,2.0302,True,38.25,433.69,2024-03-04T00:20:00
7841,LOT008,LOT008-W05,5,2,tungsten,M4,2.1976,True,38.25,433.69,2024-03-04T00:20:30
7842,LOT008,LOT008-W05,5,3,copper,M2,1.1406,True,38.25,433.69,2024-03-04T00:21:00
7843,LOT008,LOT008-W05,5,4,tungsten,M2,1.6018,True,38.25,433.69,2024-03-04T00:21:30
7844,LOT008,LOT008-W05,5,5,copper,M4,1.7488,True,38.25,433.69,2024-03-04T00:22:00
7845,LOT008,LOT008-W05,5,6,copper,M4,1.7864,False,38.25,433.69,2024-03-04T00:22:30
7846,LOT008,LOT008-W05,5,7,tungsten,M4,2.5228,True,38.25,433.69,2024-03-04T00:23:00
7847,LOT008,LOT008-W05,5,8,copper,M4,1.8672,True,38.25,433.69,2024-03-04T00:23:30
7848,LOT008,LOT008-W05,5,9,tungsten,M3,2.1358,True,38.25,433.69,2024-03-04T00:24:00
7849,LOT008,LOT008-W05,5,10,tungsten,M3,2.21,True,38.25,433.69,2024-03-04T00:24:30
7850,LOT008,LOT008-W05,6,1,copper,M1,0.8593,False,38.25,433.69,2024-03-04T00:25:00
7851,LOT008,LOT008-W05,6,2,tungsten,M3,2.2615,True,38.25,433.69,2024-03-04T00:25:30
7852,LOT008,LOT008-W05,6,3,tungsten,M3,2.0821,True,38.25,433.69,2024-03-04T00:26:00
7853,LOT008,LOT008-W05,6,4,copper,M1,0.8529,True,38.25,433.69,2024-03-04T00:26:30
7854,LOT008,LOT008-W05,6,5,copper,M3,1.4119,True,38.25,433.69,2024-03-04T00:27:00
7855,LOT008,LOT008-W05,6,6,copper,M4,1.7162,True,38.25,433.69,2024-03-04T00:27:30
7856,LOT008,LOT008-W05,6,7,copper,M3,1.3453,True,38.25,433.69,2024-03-04T00:28:00
7857,LOT008,LOT008-W05,6,8,tungsten,M3,1.9252,True,38.25,433.69,2024-03-04T00:28:30
7858,LOT008,LOT008-W05,6,9,copper,M2,1.0768,True,38.25,433.69,2024-03-04T00:29:00
7859,LOT008,LOT008-W05,6,10,copper,M2,0.9642,True,38.25,433.69,2024-03-04T00:29:30
7860,LOT008,LOT008-W05,7,1,copper,M4,1.6501,True,38.25,433.69,2024-03-04T00:30:00
7861,LOT008,LOT008-W05,7,2,copper,M2,1.1456,True,38.25,433.69,2024-03-04T00:30:30
7862,LOT008,LOT008-W05,7,3,tungsten,M1,1.1236,True,38.25,433.69,2024-03-04T00:31:00
7863,LOT008,LOT008-W05,7,4,tungsten,M4,2.4769,True,38.25,433.69,2024-03-04T00:31:30
7864,LOT008,LOT008-W05,7,5,tungsten,M3,2.0767,True,38.25,433.69,2024-03-04T00:32:00
7865,LOT008,LOT008-W05,7,6,copper,M1,0.8795,True,38.25,433.69,2024-03-04T00:32:30
7866,LOT008,LOT008-W05,7,7,copper,M4,1.6711,True,38.25,433.69,2024-03-04T00:33:00
7867,LOT008,LOT008-W05,7,8,copper,M4,1.7431,True,38.25,433.69,2024-03-04T00:33:30
7868,LOT008,LOT008-W05,7,9,copper,M2,1.1434,True,38.25,433.69,2024-03-04T00:34:00
7869,LOT008,LOT008-W05,7,10,tungsten,M1,1.0437,True,38.25,433.69,2024-03-04T00:34:30
7870,LOT008,LOT008-W05,8,1,copper,M3,1.4388,True,38.25,433.69,2024-03-04T00:35:00
7871,LOT008,LOT008-W05,8,2,copper,M2,1.1414,True,38.25,433.69,2024-03-04T00:35:30
7872,LOT008,LOT008-W05,8,3,tungsten,M3,2.0773,True,38.25,433.69,2024-03-04T00:36:00
7873,LOT008,LOT008-W05,8,4,tungsten,M2,1.658,True,38.25,433.69,2024-03-04T00:36:30
7874,LOT008,LOT008-W05,8,5,tungsten,M2,1.6898,True,38.25,433.69,2024-03-04T00:37:00
7875,LOT008,LOT008-W05,8,6,tungsten,M1,1.113,True,38.25,433.69,2024-03-04T00:37:30
7876,LOT008,LOT008-W05,8,7,tungsten,M3,2.1122,True,38.25,433.69,2024-03-04T00:38:00
7877,LOT008,LOT008-W05,8,8,tungsten,M1,1.0309,True,38.25,433.69,2024-03-04T00:38:30
7878,LOT008,LOT008-W05,8,9,copper,M1,0.8175,True,38.25,433.69,2024-03-04T00:39:00
7879,LOT008,LOT008-W05,8,10,tungsten,M1,1.2005,True,38.25,433.69,2024-03-04T00:39:30
7880,LOT008,LOT008-W05,9,1,tungsten,M4,2.5615,True,38.25,433.69,2024-03-04T00:40:00
7881,LOT008,LOT008-W05,9,2,copper,M1,0.8507,False,38.25,433.69,2024-03-04T00:40:30
7882,LOT008,LOT008-W05,9,3,tungsten,M1,1.1422,True,38.25,433.69,2024-03-04T00:41:00
7883,LOT008,LOT008-W05,9,4,tungsten,M3,2.0486,True,38.25,433.69,2024-03-04T00:41:30
7884,LOT008,LOT008-W05,9,5,tungsten,M4,2.5347,False,38.25,433.69,2024-03-04T00:42:00
7885,LOT008,LOT008-W05,9,6,tungsten,M3,2.2194,True,38.25,433.69,2024-03-04T00:42:30
7886,LOT008,LOT008-W05,9,7,tungsten,M4,2.2556,True,38.25,433.69,2024-03-04T00:43:00
7887,LOT008,LOT008-W05,9,8,tungsten,M1,1.1556,True,38.25,433.69,2024-03-04T00:43:30
7888,LOT008,LOT008-W05,9,9,copper,M4,1.6743,True,38.25,433.69,2024-03-04T00:44:00
7889,LOT008,LOT008-W05,9,10,tungsten,M1,1.1622,True,38.25,433.69,2024-03-04T00:44:30
7890,LOT008,LOT008-W05,10,1,tungsten,M1,1.0481,True,38.25,433.69,2024-03-04T00:45:00
7891,LOT008,LOT008-W05,10,2,tungsten,M3,2.1247,True,38.25,433.69,2024-03-04T00:45:30
7892,LOT008,LOT008-W05,10,3,tungsten,M4,2.2686,True,38.25,433.69,2024-03-04T00:46:00
7893,LOT008,LOT008-W05,10,4,copper,M4,1.7022,True,38.25,433.69,2024-03-04T00:46:30
7894,LOT008,LOT008-W05,10,5,tungsten,M2,1.5286,False,38.25,433.69,2024-03-04T00:47:00
7895,LOT008,LOT008-W05,10,6,tungsten,M2,1.5671,True,38.25,433.69,2024-03-04T00:47:30
7896,LOT008,LOT008-W05,10,7,copper,M4,1.6388,True,38.25,433.69,2024-03-04T00:48:00
7897,LOT008,LOT008-W05,10,8,tungsten,M4,2.4367,True,38.25,433.69,2024-03-04T00:48:30
7898,LOT008,LOT008-W05,10,9,copper,M2,1.0252,True,38.25,433.69,2024-03-04T00:49:00
7899,LOT008,LOT008-W05,10,10,tungsten,M3,1.9385,True,38.25,433.69,2024-03-04T00:49:30
7900,LOT008,LOT008-W05,11,1,copper,M3,1.3794,True,38.25,433.69,2024-03-04T00:50:00
7901,LOT008,LOT008-W05,11,2,tungsten,M3,2.2666,True,38.25,433.69,2024-03-04T00:50:30
7902,LOT008,LOT008-W05,11,3,tungsten,M4,2.3856,True,38.25,433.69,2024-03-04T00:51:00
7903,LOT008,LOT008-W05,11,4,copper,M2,1.142,True,38.25,433.69,2024-03-04T00:51:30
7904,LOT008,LOT008-W05,11,5,copper,M4,1.848,True,38.25,433.69,2024-03-04T00:52:00
7905,LOT008,LOT008-W05,11,6,tungsten,M1,1.1382,True,38.25,433.69,2024-03-04T00:52:30
7906,LOT008,LOT008-W05,11,7,tungsten,M4,2.4062,True,38.25,433.69,2024-03-04T00:53:00
7907,LOT008,LOT008-W05,11,8,tungsten,M2,1.5939,True,38.25,433.69,2024-03-04T00:53:30
7908,LOT008,LOT008-W05,11,9,tungsten,M3,2.0093,True,38.25,433.69,2024-03-04T00:54:00
7909,LOT008,LOT008-W05,11,10,tungsten,M3,2.1231,True,38.25,433.69,2024-03-04T00:54:30
7910,LOT008,LOT008-W05,12,1,copper,M4,1.6741,False,38.25,433.69,2024-03-04T00:55:00
7911,LOT008,LOT008-W05,12,2,tungsten,M4,2.4161,True,38.25,433.69,2024-03-04T00:55:30
7912,LOT008,LOT008-W05,12,3,copper,M1,0.7388,True,38.25,433.69,2024-03-04T00:56:00
7913,LOT008,LOT008-W05,12,4,copper,M4,1.7399,True,38.25,433.69,2024-03-04T00:56:30
7914,LOT008,LOT008-W05,12,5,copper,M2,1.1043,True,38.25,433.69,2024-03-04T00:57:00
7915,LOT008,LOT008-W05,12,6,tungsten,M1,1.1209,True,38.25,433.69,2024-03-04T00:57:30
7916,LOT008,LOT008-W05,12,7,copper,M3,1.3877,True,38.25,433.69,2024-03-04T00:58:00
7917,LOT008,LOT008-W05,12,8,copper,M1,0.7579,True,38.25,433.69,2024-03-04T00:58:30
7918,LOT008,LOT008-W05,12,9,copper,M3,1.3959,True,38.25,433.69,2024-03-04T00:59:00
7919,LOT008,LOT008-W05,12,10,copper,M2,1.0199,True,38.25,433.69,2024-03-04T00:59:30
7920,LOT008,LOT008-W05,13,1,tungsten,M3,2.1998,True,38.25,433.69,2024-03-04T01:00:00
7921,LOT008,LOT008-W05,13,2,tungsten,M3,2.0444,True,38.25,433.69,2024-03-04T01:00:30
7922,LOT008,LOT008-W05,13,3,tungsten,M3,2.0591,True,38.25,433.69,2024-03-04T01:01:00
7923,LOT008,LOT008-W05,13,4,copper,M2,1.1549,True,38.25,433.69,2024-03-04T01:01:30
7924,LOT008,LOT008-W05,13,5,copper,M4,1.5869,True,38.25,433.69,2024-03-04T01:02:00
7925,LOT008,LOT008-W05,13,6,tungsten,M3,1.9788,True,38.25,433.69,2024-03-04T01:02:30
7926,LOT008,LOT008-W05,13,7,copper,M1,0.8028,True,38.25,433.69,2024-03-04T01:03:00
7927,LOT008,LOT008-W05,13,8,tungsten,M4,2.3855,True,38.25,433.69,2024-03-04T01:03:30
7928,LOT008,LOT008-W05,13,9,tungsten,M1,1.1264,True,38.25,433.69,2024-03-04T01:04:00
7929,LOT008,LOT008-W05,13,10,copper,M1,0.7823,True,38.25,433.69,2024-03-04T01:04:30
7930,LOT008,LOT008-W05,14,1,copper,M2,1.1446,True,38.25,433.69,2024-03-04T01:05:00
7931,LOT008,LOT008-W05,14,2,copper,M4,1.6433,True,38.25,433.69,2024-03-04T01:05:30
7932,LOT008,LOT008-W05,14,3,tungsten,M1,1.153,True,38.25,433.69,2024-03-04T01:06:00
7933,LOT008,LOT008-W05,14,4,tungsten,M2,1.7285,True,38.25,433.69,2024-03-04T01:06:30
7934,LOT008,LOT008-W05,14,5,copper,M2,1.1457,True,38.25,433.69,2024-03-04T01:07:00
7935,LOT008,LOT008-W05,14,6,tungsten,M4,2.5899,True,38.25,433.69,2024-03-04T01:07:30
7936,LOT008,LOT008-W05,14,7,copper,M2,0.9954,True,38.25,433.69,2024-03-04T01:08:00
7937,LOT008,LOT008-W05,14,8,tungsten,M2,1.509,True,38.25,433.69,2024-03-04T01:08:30
7938,LOT008,LOT008-W05,14,9,copper,M3,1.4544,True,38.25,433.69,2024-03-04T01:09:00
7939,LOT008,LOT008-W05,14,10,tungsten,M4,2.4522,True,38.25,433.69,2024-03-04T01:09:30
7940,LOT008,LOT008-W05,15,1,tungsten,M3,2.2817,True,38.25,433.69,2024-03-04T01:10:00
7941,LOT008,LOT008-W05,15,2,tungsten,M3,2.052,True,38.25,433.69,2024-03-04T01:10:30
7942,LOT008,LOT008-W05,15,3,tungsten,M3,2.1767,True,38.25,433.69,2024-03-04T01:11:00
7943,LOT008,LOT008-W05,15,4,tungsten,M3,1.9737,True,38.25,433.69,2024-03-04T01:11:30
7944,LOT008,LOT008-W05,15,5,tungsten,M2,1.6829,True,38.25,433.69,2024-03-04T01:12:00
7945,LOT008,LOT008-W05,15,6,tungsten,M2,1.5516,True,38.25,433.69,2024-03-04T01:12:30
7946,LOT008,LOT008-W05,15,7,copper,M2,1.1373,True,38.25,433.69,2024-03-04T01:13:00
7947,LOT008,LOT008-W05,15,8,tungsten,M4,2.5558,True,38.25,433.69,2024-03-04T01:13:30
7948,LOT008,LOT008-W05,15,9,tungsten,M4,2.2248,True,38.25,433.69,2024-03-04T01:14:00
7949,LOT008,LOT008-W05,15,10,copper,M3,1.3702,True,38.25,433.69,2024-03-04T01:14:30
7950,LOT008,LOT008-W05,16,1,copper,M3,1.5438,True,38.25,433.69,2024-03-04T01:15:00
7951,LOT008,LOT008-W05,16,2,tungsten,M3,2.0459,True,38.25,433.69,2024-03-04T01:15:30
7952,LOT008,LOT008-W05,16,3,copper,M3,1.3755,True,38.25,433.69,2024-03-04T01:16:00
7953,LOT008,LOT008-W05,16,4,copper,M2,1.1748,True,38.25,433.69,2024-03-04T01:16:30
7954,LOT008,LOT008-W05,16,5,tungsten,M3,2.1614,True,38.25,433.69,2024-03-04T01:17:00
7955,LOT008,LOT008-W05,16,6,tungsten,M2,1.594,True,38.25,433.69,2024-03-04T01:17:30
7956,LOT008,LOT008-W05,16,7,tungsten,M1,1.1994,False,38.25,433.69,2024-03-04T01:18:00
7957,LOT008,LOT008-W05,16,8,tungsten,M3,2.0678,True,38.25,433.69,2024-03-04T01:18:30
7958,LOT008,LOT008-W05,16,9,tungsten,M3,1.9617,True,38.25,433.69,2024-03-04T01:19:00
7959,LOT008,LOT008-W05,16,10,copper,M3,1.4782,True,38.25,433.69,2024-03-04T01:19:30
7960,LOT008,LOT008-W05,17,1,tungsten,M2,1.6995,True,38.25,433.69,2024-03-04T01:20:00
7961,LOT008,LOT008-W05,17,2,copper,M2,1.0847,True,38.25,433.69,2024-03-04T01:20:30
7962,LOT008,LOT008-W05,17,3,copper,M1,0.7412,True,38.25,433.69,2024-03-04T01:21:00
7963,LOT008,LOT008-W05,17,4,copper,M4,1.577,True,38.25,433.69,2024-03-04T01:21:30
7964,LOT008,LOT008-W05,17,5,copper,M4,1.6345,True,38.25,433.69,2024-03-04T01:22:00
7965,LOT008,LOT008-W05,17,6,tungsten,M4,2.3083,True,38.25,433.69,2024-03-04T01:22:30
7966,LOT008,LOT008-W05,17,7,copper,M4,1.7521,True,38.25,433.69,2024-03-04T01:23:00
7967,LOT008,LOT008-W05,17,8,tungsten,M2,1.5182,True,38.25,433.69,2024-03-04T01:23:30
7968,LOT008,LOT008-W05,17,9,copper,M3,1.3873,True,38.25,433.69,2024-03-04T01:24:00
7969,LOT008,LOT008-W05,17,10,tungsten,M2,1.5011,True,38.25,433.69,2024-03-04T01:24:30
7970,LOT008,LOT008-W05,18,1,tungsten,M3,2.0157,True,38.25,433.69,2024-03-04T01:25:00
7971,LOT008,LOT008-W05,18,2,copper,M3,1.4,True,38.25,433.69,2024-03-04T01:25:30
7972,LOT008,LOT008-W05,18,3,copper,M4,1.9644,True,38.25,433.69,2024-03-04T01:26:00
7973,LOT008,LOT008-W05,18,4,copper,M4,1.7462,True,38.25,433.69,2024-03-04T01:26:30
7974,LOT008,LOT008-W05,18,5,copper,M4,1.564,True,38.25,433.69,2024-03-04T01:27:00
7975,LOT008,LOT008-W05,18,6,copper,M1,0.7826,True,38.25,433.69,2024-03-04T01:27:30
7976,LOT008,LOT008-W05,18,7,tungsten,M1,1.0543,True,38.25,433.69,2024-03-04T01:28:00
7977,LOT008,LOT008-W05,18,8,copper,M1,0.788,True,38.25,433.69,2024-03-04T01:28:30
7978,LOT008,LOT008-W05,18,9,tungsten,M1,1.1236,True,38.25,433.69,2024-03-04T01:29:00
7979,LOT008,LOT008-W05,18,10,copper,M4,1.9078,False,38.25,433.69,2024-03-04T01:29:30
7980,LOT008,LOT008-W05,19,1,copper,M3,1.3133,True,38.25,433.69,2024-03-04T01:30:00
7981,LOT008,LOT008-W05,19,2,tungsten,M3,2.316,True,38.25,433.69,2024-03-04T01:30:30
7982,LOT008,LOT008-W05,19,3,copper,M4,1.5764,True,38.25,433.69,2024-03-04T01:31:00
7983,LOT008,LOT008-W05,19,4,copper,M3,1.4643,True,38.25,433.69,2024-03-04T01:31:30
7984,LOT008,LOT008-W05,19,5,tungsten,M1,1.0446,True,38.25,433.69,2024-03-04T01:32:00
7985,LOT008,LOT008-W05,19,6,copper,M4,1.6491,True,38.25,433.69,2024-03-04T01:32:30
7986,LOT008,LOT008-W05,19,7,copper,M2,1.2196,True,38.25,433.69,2024-03-04T01:33:00
7987,LOT008,LOT008-W05,19,8,tungsten,M1,1.1401,True,38.25,433.69,2024-03-04T01:33:30
7988,LOT008,LOT008-W05,19,9,copper,M2,1.1158,True,38.25,433.69,2024-03-04T01:34:00
7989,LOT008,LOT008-W05,19,10,copper,M3,1.4677,True,38.25,433.69,2024-03-04T01:34:30
7990,LOT008,LOT008-W05,20,1,tungsten,M3,2.0735,True,38.25,433.69,2024-03-04T01:35:00
7991,LOT008,LOT008-W05,20,2,copper,M2,1.0939,True,38.25,433.69,2024-03-04T01:35:30
7992,LOT008,LOT008-W05,20,3,tungsten,M3,2.0772,True,38.25,433.69,2024-03-04T01:36:00
7993,LOT008,LOT008-W05,20,4,tungsten,M3,2.1722,True,38.25,433.69,2024-03-04T01:36:30
7994,LOT008,LOT008-W05,20,5,tungsten,M4,2.2335,True,38.25,433.69,2024-03-04T01:37:00
7995,LOT008,LOT008-W05,20,6,copper,M1,0.8383,True,38.25,433.69,2024-03-04T01:37:30
7996,LOT008,LOT008-W05,20,7,tungsten,M3,1.85,True,38.25,433.69,2024-03-04T01:38:00
7997,LOT008,LOT008-W05,20,8,copper,M2,1.122,True,38.25,433.69,2024-03-04T01:38:30
7998,LOT008,LOT008-W05,20,9,tungsten,M2,1.5612,True,38.25,433.69,2024-03-04T01:39:00
7999,LOT008,LOT008-W05,20,10,copper,M1,0.8122,True,38.25,433.69,2024-03-04T01:39:30
